CustomerID,Tenure,HourSpendOnApp,NumberOfDeviceRegistered,PreferedOrderCat,OrderCount,OrderAmountHikeFromlastYear,CouponUsed,CashbackAmount
50001,4.0,3.0,3,Laptop & Accessory,1.0,11.0,1.0,160
50002,,3.0,4,Mobile,1.0,15.0,0.0,121
50003,,2.0,4,Mobile,1.0,14.0,0.0,120
50004,0.0,2.0,4,Laptop & Accessory,1.0,23.0,0.0,134
50005,0.0,,3,Mobile,1.0,11.0,1.0,130
50006,0.0,3.0,5,Mobile Phone,6.0,22.0,4.0,139
50007,,2.0,3,Laptop & Accessory,1.0,14.0,0.0,121
50008,,3.0,3,Mobile,2.0,16.0,2.0,123
50009,13.0,,4,Mobile,1.0,14.0,0.0,127
50010,,2.0,5,Mobile,1.0,12.0,1.0,123
50011,4.0,2.0,3,Others,15.0,,9.0,295
50012,11.0,3.0,4,Fashion,1.0,13.0,0.0,154
50013,0.0,2.0,3,Mobile,2.0,13.0,2.0,134
50014,0.0,3.0,4,Mobile,1.0,17.0,0.0,134
50015,9.0,3.0,4,Fashion,4.0,16.0,0.0,196
50016,,3.0,3,Mobile,1.0,22.0,1.0,121
50017,0.0,,4,Mobile,1.0,18.0,1.0,129
50018,0.0,2.0,4,Laptop & Accessory,1.0,11.0,1.0,157
50019,0.0,3.0,5,Laptop & Accessory,1.0,24.0,1.0,161
50020,19.0,3.0,3,Mobile Phone,4.0,18.0,1.0,150
50021,0.0,3.0,5,Laptop & Accessory,7.0,18.0,6.0,162
50022,20.0,3.0,3,Fashion,15.0,12.0,11.0,203
50023,,2.0,3,Mobile Phone,1.0,19.0,0.0,117
50024,0.0,3.0,5,Laptop & Accessory,2.0,11.0,1.0,146
50025,14.0,2.0,5,Fashion,1.0,15.0,0.0,207
50026,0.0,2.0,3,Mobile Phone,1.0,22.0,1.0,142
50027,8.0,3.0,3,Fashion,1.0,13.0,1.0,173
50028,,2.0,3,Laptop & Accessory,4.0,20.0,0.0,123
50029,18.0,2.0,3,Laptop & Accessory,1.0,18.0,1.0,123
50030,5.0,2.0,3,Fashion,3.0,14.0,2.0,190
50031,2.0,2.0,3,Laptop & Accessory,1.0,13.0,0.0,143
50032,0.0,2.0,4,Laptop & Accessory,1.0,17.0,1.0,161
50033,30.0,3.0,4,Mobile,1.0,20.0,1.0,133
50034,13.0,3.0,4,Fashion,2.0,11.0,2.0,209
50035,,3.0,3,Mobile,1.0,18.0,1.0,122
50036,0.0,3.0,3,Mobile,2.0,24.0,0.0,123
50037,,2.0,3,Mobile,2.0,18.0,0.0,120
50038,1.0,,3,Mobile,1.0,11.0,0.0,127
50039,30.0,2.0,2,Fashion,1.0,16.0,1.0,194
50040,0.0,3.0,4,Mobile,1.0,15.0,0.0,126
50041,23.0,2.0,3,Others,4.0,,2.0,299
50042,14.0,2.0,3,Mobile,1.0,12.0,1.0,125
50043,3.0,2.0,3,Fashion,7.0,12.0,2.0,194
50044,11.0,2.0,4,Laptop & Accessory,1.0,22.0,1.0,187
50045,5.0,,3,Mobile,1.0,20.0,0.0,130
50046,0.0,,3,Mobile,1.0,16.0,1.0,131
50047,0.0,3.0,5,Mobile,1.0,21.0,1.0,123
50048,,1.0,3,Mobile,7.0,12.0,4.0,121
50049,3.0,,3,Laptop & Accessory,6.0,11.0,0.0,131
50050,18.0,1.0,3,Laptop & Accessory,1.0,11.0,0.0,150
50051,29.0,3.0,3,Mobile Phone,2.0,18.0,1.0,143
50052,6.0,2.0,3,Mobile,1.0,14.0,0.0,125
50053,0.0,2.0,4,Mobile Phone,1.0,22.0,0.0,111
50054,19.0,3.0,3,Fashion,15.0,25.0,4.0,205
50055,,3.0,3,Mobile,2.0,12.0,1.0,123
50056,4.0,3.0,3,Mobile Phone,1.0,23.0,1.0,139
50057,,3.0,3,Mobile,1.0,15.0,1.0,123
50058,4.0,,3,Mobile,1.0,22.0,0.0,131
50059,23.0,2.0,4,Mobile Phone,1.0,15.0,0.0,137
50060,26.0,2.0,2,Laptop & Accessory,1.0,11.0,1.0,145
50061,6.0,,3,Mobile,1.0,13.0,0.0,128
50062,13.0,2.0,3,Others,9.0,14.0,,290
50063,28.0,3.0,2,Others,2.0,11.0,,287
50064,7.0,2.0,4,Laptop & Accessory,1.0,17.0,0.0,195
50065,24.0,3.0,3,Grocery,,18.0,0.0,237
50066,25.0,3.0,4,Others,11.0,,1.0,300
50067,,2.0,3,Mobile,1.0,16.0,1.0,123
50068,0.0,2.0,4,Laptop & Accessory,1.0,13.0,1.0,159
50069,,2.0,2,Mobile,2.0,14.0,0.0,121
50070,18.0,3.0,4,Grocery,11.0,23.0,,268
50071,10.0,3.0,2,Mobile Phone,1.0,12.0,0.0,136
50072,8.0,2.0,3,Laptop & Accessory,1.0,11.0,1.0,144
50073,15.0,2.0,3,Laptop & Accessory,1.0,16.0,0.0,153
50074,11.0,2.0,3,Laptop & Accessory,1.0,14.0,0.0,166
50075,11.0,2.0,3,Laptop & Accessory,1.0,18.0,0.0,163
50076,0.0,2.0,4,Laptop & Accessory,2.0,19.0,0.0,143
50077,22.0,3.0,3,Laptop & Accessory,1.0,15.0,0.0,168
50078,7.0,2.0,3,Mobile Phone,2.0,17.0,2.0,138
50079,13.0,,3,Laptop & Accessory,3.0,15.0,1.0,127
50080,1.0,3.0,3,Laptop & Accessory,1.0,19.0,0.0,167
50081,0.0,2.0,3,Fashion,1.0,22.0,1.0,176
50082,0.0,2.0,2,Mobile,2.0,16.0,0.0,123
50083,,3.0,3,Mobile,1.0,13.0,1.0,122
50084,13.0,3.0,4,Laptop & Accessory,1.0,14.0,1.0,149
50085,19.0,3.0,3,Fashion,1.0,16.0,0.0,194
50086,0.0,2.0,5,Fashion,9.0,11.0,7.0,204
50087,3.0,2.0,4,Fashion,5.0,22.0,2.0,185
50088,0.0,2.0,3,Laptop & Accessory,1.0,14.0,1.0,200
50089,24.0,2.0,4,Fashion,4.0,16.0,1.0,225
50090,0.0,2.0,3,Mobile,1.0,11.0,1.0,127
50091,14.0,3.0,3,Fashion,,18.0,0.0,236
50092,0.0,2.0,4,Laptop & Accessory,1.0,15.0,0.0,167
50093,,2.0,3,Mobile,1.0,14.0,0.0,121
50094,18.0,2.0,4,Fashion,12.0,12.0,12.0,189
50095,27.0,2.0,3,Laptop & Accessory,1.0,14.0,1.0,159
50096,9.0,3.0,3,Laptop & Accessory,3.0,16.0,0.0,159
50097,6.0,2.0,4,Mobile,1.0,21.0,0.0,126
50098,10.0,2.0,3,Fashion,1.0,14.0,0.0,222
50099,11.0,3.0,3,Fashion,5.0,12.0,1.0,206
50100,4.0,2.0,5,Laptop & Accessory,1.0,12.0,1.0,143
50101,,3.0,4,Mobile,1.0,17.0,0.0,122
50102,10.0,2.0,3,Mobile Phone,5.0,17.0,1.0,0
50103,2.0,2.0,3,Fashion,4.0,14.0,4.0,179
50104,8.0,3.0,3,Fashion,1.0,14.0,1.0,188
50105,0.0,2.0,4,Mobile,1.0,13.0,0.0,124
50106,25.0,2.0,4,Mobile,2.0,15.0,0.0,132
50107,15.0,2.0,3,Others,11.0,,0.0,292
50108,,2.0,3,Mobile,2.0,17.0,2.0,123
50109,23.0,3.0,3,Others,1.0,,1.0,295
50110,0.0,2.0,3,Mobile,1.0,13.0,0.0,124
50111,16.0,3.0,3,Grocery,,22.0,0.0,261
50112,0.0,,3,Mobile,1.0,20.0,1.0,127
50113,25.0,3.0,4,Others,15.0,18.0,,291
50114,5.0,2.0,3,Mobile Phone,1.0,11.0,1.0,139
50115,0.0,3.0,4,Mobile Phone,1.0,14.0,1.0,137
50116,,3.0,3,Mobile,1.0,14.0,0.0,122
50117,5.0,3.0,3,Laptop & Accessory,2.0,18.0,1.0,145
50118,14.0,,3,Laptop & Accessory,1.0,16.0,1.0,131
50119,13.0,3.0,3,Laptop & Accessory,4.0,17.0,2.0,133
50120,18.0,3.0,2,Others,1.0,,1.0,292
50121,4.0,3.0,3,Fashion,,12.0,1.0,237
50122,6.0,,4,Mobile,1.0,13.0,0.0,129
50123,7.0,2.0,4,Laptop & Accessory,5.0,13.0,0.0,160
50124,10.0,2.0,4,Mobile Phone,1.0,14.0,1.0,139
50125,18.0,3.0,2,Laptop & Accessory,1.0,17.0,0.0,164
50126,0.0,3.0,3,Fashion,1.0,11.0,1.0,200
50127,12.0,3.0,3,Fashion,11.0,25.0,10.0,209
50128,2.0,2.0,3,Mobile,1.0,19.0,0.0,123
50129,15.0,2.0,2,Laptop & Accessory,1.0,13.0,0.0,165
50130,2.0,2.0,3,Laptop & Accessory,1.0,14.0,1.0,169
50131,0.0,3.0,3,Laptop & Accessory,1.0,12.0,1.0,149
50132,15.0,2.0,4,Mobile,7.0,11.0,4.0,126
50133,13.0,2.0,3,Others,3.0,,0.0,294
50134,24.0,,3,Mobile,1.0,11.0,1.0,127
50135,0.0,3.0,4,Mobile,1.0,11.0,1.0,135
50136,5.0,,2,Mobile,1.0,20.0,0.0,128
50137,11.0,2.0,4,Laptop & Accessory,7.0,18.0,6.0,152
50138,,2.0,4,Laptop & Accessory,1.0,13.0,0.0,122
50139,19.0,3.0,5,Grocery,7.0,12.0,,269
50140,0.0,3.0,3,Mobile,1.0,11.0,1.0,135
50141,2.0,3.0,4,Laptop & Accessory,1.0,19.0,0.0,166
50142,4.0,3.0,4,Laptop & Accessory,7.0,21.0,1.0,156
50143,0.0,2.0,2,Laptop & Accessory,1.0,12.0,1.0,140
50144,18.0,3.0,3,Grocery,,14.0,0.0,235
50145,9.0,2.0,3,Mobile,10.0,11.0,4.0,132
50146,28.0,2.0,3,Others,4.0,14.0,,290
50147,10.0,2.0,3,Fashion,9.0,12.0,5.0,218
50148,,3.0,3,Mobile,1.0,23.0,1.0,121
50149,10.0,3.0,3,Laptop & Accessory,1.0,14.0,0.0,165
50150,0.0,3.0,4,Mobile,1.0,17.0,1.0,132
50151,10.0,0.0,3,Fashion,,18.0,0.0,236
50152,2.0,3.0,2,Fashion,6.0,18.0,5.0,220
50153,11.0,2.0,2,Laptop & Accessory,7.0,24.0,0.0,156
50154,0.0,2.0,3,Laptop & Accessory,1.0,20.0,0.0,164
50155,23.0,3.0,3,Others,1.0,14.0,,291
50156,26.0,2.0,3,Grocery,1.0,16.0,,276
50157,15.0,2.0,3,Laptop & Accessory,11.0,25.0,4.0,149
50158,2.0,2.0,3,Laptop & Accessory,1.0,18.0,0.0,146
50159,28.0,2.0,3,Laptop & Accessory,1.0,19.0,1.0,154
50160,0.0,2.0,3,Laptop & Accessory,3.0,13.0,2.0,147
50161,,2.0,3,Mobile,5.0,12.0,1.0,121
50162,7.0,,3,Mobile,1.0,22.0,0.0,132
50163,11.0,2.0,3,Laptop & Accessory,1.0,14.0,0.0,157
50164,0.0,2.0,3,Mobile,1.0,13.0,1.0,124
50165,1.0,3.0,3,Mobile,1.0,21.0,0.0,133
50166,22.0,2.0,3,Others,1.0,11.0,,287
50167,9.0,1.0,3,Laptop & Accessory,7.0,12.0,6.0,145
50168,4.0,,3,Mobile,2.0,11.0,0.0,128
50169,0.0,2.0,4,Laptop & Accessory,7.0,12.0,7.0,158
50170,10.0,2.0,3,Mobile,1.0,12.0,0.0,123
50171,15.0,3.0,3,Grocery,,14.0,2.0,235
50172,,2.0,3,Mobile Phone,1.0,13.0,0.0,114
50173,8.0,3.0,3,Fashion,6.0,15.0,3.0,180
50174,9.0,2.0,2,Mobile Phone,1.0,18.0,0.0,137
50175,24.0,2.0,5,Laptop & Accessory,1.0,18.0,0.0,155
50176,14.0,2.0,3,Grocery,,19.0,1.0,260
50177,0.0,3.0,4,Mobile Phone,1.0,12.0,1.0,112
50178,1.0,3.0,2,Laptop & Accessory,1.0,19.0,0.0,157
50179,4.0,3.0,2,Laptop & Accessory,7.0,11.0,3.0,169
50180,12.0,2.0,2,Fashion,3.0,17.0,3.0,196
50181,9.0,2.0,3,Laptop & Accessory,1.0,15.0,0.0,157
50182,5.0,3.0,4,Laptop & Accessory,4.0,14.0,1.0,155
50183,11.0,2.0,4,Fashion,1.0,17.0,1.0,221
50184,30.0,2.0,5,Laptop & Accessory,1.0,13.0,1.0,157
50185,4.0,2.0,3,Mobile Phone,1.0,12.0,0.0,148
50186,4.0,3.0,4,Laptop & Accessory,1.0,12.0,0.0,164
50187,18.0,3.0,3,Fashion,9.0,18.0,5.0,152
50188,4.0,,3,Mobile,2.0,18.0,1.0,127
50189,6.0,3.0,3,Fashion,8.0,11.0,2.0,219
50190,12.0,2.0,3,Grocery,11.0,14.0,,271
50191,16.0,2.0,3,Mobile,1.0,19.0,0.0,125
50192,22.0,2.0,4,Grocery,,12.0,1.0,240
50193,15.0,2.0,4,Laptop & Accessory,7.0,15.0,7.0,149
50194,0.0,2.0,3,Mobile,1.0,12.0,0.0,125
50195,5.0,3.0,4,Laptop & Accessory,11.0,11.0,6.0,152
50196,0.0,3.0,3,Laptop & Accessory,1.0,11.0,1.0,145
50197,4.0,3.0,3,Laptop & Accessory,1.0,12.0,0.0,175
50198,5.0,3.0,2,Laptop & Accessory,1.0,16.0,1.0,151
50199,0.0,2.0,5,Mobile,2.0,13.0,2.0,135
50200,3.0,3.0,3,Laptop & Accessory,1.0,13.0,0.0,158
50201,4.0,2.0,4,Fashion,8.0,24.0,3.0,189
50202,12.0,2.0,4,Others,13.0,,9.0,293
50203,2.0,2.0,3,Laptop & Accessory,1.0,18.0,1.0,152
50204,6.0,2.0,4,Laptop & Accessory,1.0,14.0,1.0,147
50205,20.0,2.0,3,Others,1.0,11.0,,283
50206,16.0,2.0,4,Laptop & Accessory,1.0,11.0,0.0,153
50207,0.0,3.0,3,Laptop & Accessory,1.0,13.0,0.0,163
50208,27.0,2.0,3,Laptop & Accessory,1.0,12.0,1.0,149
50209,16.0,2.0,3,Fashion,1.0,16.0,1.0,200
50210,18.0,3.0,3,Laptop & Accessory,9.0,14.0,7.0,137
50211,13.0,2.0,5,Laptop & Accessory,1.0,22.0,1.0,175
50212,,3.0,5,Mobile,1.0,11.0,1.0,121
50213,2.0,1.0,4,Mobile Phone,2.0,17.0,2.0,140
50214,3.0,1.0,4,Laptop & Accessory,1.0,13.0,0.0,161
50215,0.0,2.0,3,Laptop & Accessory,1.0,18.0,0.0,162
50216,10.0,3.0,3,Laptop & Accessory,1.0,16.0,0.0,163
50217,11.0,3.0,4,Fashion,2.0,14.0,1.0,215
50218,4.0,2.0,3,Fashion,4.0,14.0,2.0,171
50219,2.0,2.0,4,Laptop & Accessory,1.0,14.0,0.0,183
50220,8.0,3.0,3,Fashion,1.0,13.0,0.0,181
50221,0.0,,3,Mobile,1.0,12.0,1.0,129
50222,14.0,3.0,4,Laptop & Accessory,1.0,15.0,1.0,160
50223,20.0,,3,Laptop & Accessory,1.0,19.0,0.0,130
50224,15.0,2.0,3,Grocery,,14.0,0.0,260
50225,2.0,3.0,3,Laptop & Accessory,1.0,14.0,1.0,146
50226,15.0,,3,Mobile,1.0,11.0,1.0,127
50227,5.0,3.0,3,Mobile,1.0,13.0,0.0,124
50228,21.0,3.0,3,Fashion,1.0,21.0,0.0,225
50229,10.0,2.0,2,Laptop & Accessory,6.0,13.0,2.0,160
50230,3.0,2.0,3,Laptop & Accessory,2.0,12.0,1.0,147
50231,0.0,2.0,3,Laptop & Accessory,7.0,17.0,2.0,153
50232,15.0,3.0,4,Laptop & Accessory,1.0,23.0,0.0,168
50233,,2.0,4,Mobile,1.0,11.0,1.0,122
50234,9.0,2.0,3,Laptop & Accessory,1.0,15.0,1.0,167
50235,9.0,2.0,4,Fashion,1.0,11.0,0.0,197
50236,30.0,2.0,3,Laptop & Accessory,1.0,11.0,1.0,168
50237,,2.0,2,Mobile,1.0,13.0,0.0,122
50238,0.0,2.0,3,Mobile,2.0,24.0,0.0,126
50239,0.0,,3,Mobile,1.0,13.0,1.0,129
50240,10.0,3.0,3,Mobile,1.0,20.0,1.0,135
50241,19.0,1.0,3,Laptop & Accessory,1.0,14.0,0.0,153
50242,4.0,2.0,3,Laptop & Accessory,7.0,18.0,7.0,194
50243,23.0,3.0,4,Fashion,1.0,15.0,0.0,205
50244,3.0,3.0,4,Laptop & Accessory,1.0,12.0,1.0,164
50245,4.0,2.0,4,Mobile,2.0,16.0,1.0,127
50246,0.0,,2,Mobile,1.0,15.0,0.0,127
50247,,2.0,3,Mobile,1.0,16.0,1.0,122
50248,8.0,3.0,4,Laptop & Accessory,1.0,19.0,1.0,165
50249,0.0,2.0,3,Mobile Phone,1.0,11.0,0.0,138
50250,1.0,3.0,3,Laptop & Accessory,1.0,16.0,1.0,153
50251,22.0,2.0,4,Fashion,1.0,24.0,1.0,145
50252,24.0,2.0,3,Laptop & Accessory,1.0,11.0,0.0,149
50253,9.0,3.0,3,Mobile,2.0,13.0,1.0,125
50254,0.0,3.0,2,Laptop & Accessory,1.0,13.0,1.0,153
50255,28.0,3.0,3,Grocery,1.0,13.0,,267
50256,0.0,3.0,3,Laptop & Accessory,1.0,12.0,0.0,143
50257,3.0,3.0,3,Mobile,1.0,18.0,1.0,125
50258,0.0,,3,Mobile,1.0,22.0,0.0,131
50259,,2.0,3,Mobile,1.0,13.0,1.0,122
50260,9.0,3.0,4,Fashion,9.0,13.0,9.0,176
50261,,2.0,3,Mobile,1.0,23.0,1.0,123
50262,10.0,,3,Mobile,12.0,12.0,3.0,130
50263,13.0,2.0,3,Laptop & Accessory,1.0,12.0,0.0,157
50264,15.0,3.0,3,Mobile,1.0,16.0,1.0,126
50265,10.0,2.0,3,Laptop & Accessory,1.0,12.0,0.0,142
50266,16.0,2.0,4,Grocery,,11.0,0.0,243
50267,13.0,3.0,4,Laptop & Accessory,1.0,22.0,1.0,134
50268,27.0,2.0,3,Others,1.0,,1.0,294
50269,7.0,3.0,3,Laptop & Accessory,1.0,15.0,1.0,165
50270,4.0,2.0,3,Laptop & Accessory,3.0,12.0,3.0,143
50271,,3.0,3,Mobile,1.0,20.0,0.0,123
50272,16.0,3.0,3,Laptop & Accessory,1.0,14.0,0.0,145
50273,0.0,2.0,4,Laptop & Accessory,1.0,11.0,0.0,145
50274,10.0,3.0,3,Laptop & Accessory,10.0,15.0,3.0,144
50275,,3.0,4,Mobile,3.0,12.0,0.0,122
50276,12.0,2.0,3,Others,1.0,14.0,0.0,292
50277,29.0,2.0,2,Grocery,,11.0,2.0,232
50278,3.0,2.0,3,Laptop & Accessory,4.0,11.0,3.0,166
50279,14.0,2.0,2,Fashion,1.0,16.0,1.0,184
50280,1.0,3.0,3,Laptop & Accessory,1.0,12.0,0.0,146
50281,0.0,3.0,3,Mobile Phone,1.0,13.0,1.0,140
50282,25.0,2.0,4,Fashion,1.0,14.0,0.0,180
50283,18.0,3.0,3,Mobile,1.0,21.0,1.0,127
50284,25.0,1.0,3,Grocery,1.0,13.0,,266
50285,15.0,3.0,3,Laptop & Accessory,1.0,11.0,1.0,146
50286,3.0,2.0,5,Laptop & Accessory,1.0,20.0,0.0,161
50287,30.0,2.0,3,Others,11.0,,0.0,296
50288,19.0,2.0,3,Laptop & Accessory,1.0,14.0,0.0,148
50289,15.0,2.0,4,Laptop & Accessory,1.0,11.0,0.0,145
50290,0.0,3.0,3,Mobile,1.0,16.0,1.0,132
50291,0.0,2.0,5,Mobile,1.0,16.0,1.0,124
50292,,2.0,3,Mobile Phone,1.0,23.0,1.0,117
50293,13.0,3.0,3,Others,1.0,14.0,,280
50294,0.0,,3,Mobile,1.0,22.0,1.0,129
50295,,2.0,3,Mobile,1.0,15.0,0.0,121
50296,2.0,3.0,4,Fashion,1.0,18.0,1.0,219
50297,0.0,3.0,4,Mobile,1.0,16.0,0.0,125
50298,0.0,2.0,4,Mobile,1.0,12.0,1.0,126
50299,3.0,3.0,3,Fashion,7.0,11.0,2.0,184
50300,30.0,2.0,4,Grocery,,12.0,0.0,241
50301,23.0,2.0,4,Grocery,15.0,15.0,,270
50302,3.0,2.0,3,Mobile,6.0,14.0,5.0,126
50303,30.0,3.0,4,Fashion,13.0,19.0,13.0,203
50304,20.0,3.0,3,Laptop & Accessory,1.0,13.0,0.0,151
50305,19.0,2.0,3,Grocery,1.0,13.0,,279
50306,8.0,2.0,5,Mobile Phone,4.0,15.0,2.0,142
50307,27.0,2.0,3,Laptop & Accessory,1.0,11.0,1.0,138
50308,7.0,,4,Mobile,5.0,12.0,5.0,128
50309,19.0,3.0,4,Fashion,1.0,19.0,1.0,191
50310,4.0,2.0,3,Fashion,1.0,25.0,1.0,206
50311,0.0,2.0,3,Fashion,,12.0,0.0,236
50312,0.0,2.0,5,Mobile,1.0,13.0,0.0,134
50313,3.0,,3,Mobile,1.0,14.0,1.0,130
50314,8.0,3.0,3,Fashion,1.0,12.0,0.0,176
50315,0.0,3.0,3,Fashion,1.0,12.0,1.0,198
50316,0.0,2.0,3,Fashion,1.0,15.0,1.0,200
50317,,3.0,3,Mobile,2.0,17.0,2.0,121
50318,9.0,2.0,3,Fashion,9.0,14.0,1.0,200
50319,0.0,2.0,4,Mobile Phone,1.0,16.0,1.0,139
50320,21.0,2.0,3,Laptop & Accessory,6.0,14.0,4.0,141
50321,28.0,2.0,3,Grocery,7.0,23.0,,268
50322,14.0,2.0,3,Laptop & Accessory,1.0,14.0,0.0,162
50323,8.0,2.0,3,Laptop & Accessory,6.0,11.0,3.0,147
50324,13.0,3.0,3,Grocery,,15.0,4.0,232
50325,12.0,2.0,3,Mobile Phone,1.0,11.0,0.0,138
50326,4.0,3.0,3,Laptop & Accessory,1.0,13.0,1.0,166
50327,15.0,2.0,3,Fashion,5.0,21.0,4.0,174
50328,18.0,3.0,3,Laptop & Accessory,3.0,19.0,3.0,148
50329,0.0,,3,Mobile,1.0,11.0,0.0,127
50330,2.0,2.0,3,Laptop & Accessory,1.0,12.0,0.0,143
50331,6.0,3.0,2,Grocery,1.0,19.0,,262
50332,0.0,2.0,4,Fashion,1.0,21.0,1.0,216
50333,,3.0,3,Mobile Phone,1.0,14.0,1.0,119
50334,13.0,2.0,5,Fashion,1.0,15.0,1.0,209
50335,14.0,3.0,4,Laptop & Accessory,1.0,17.0,0.0,168
50336,0.0,2.0,3,Laptop & Accessory,1.0,12.0,1.0,143
50337,8.0,3.0,3,Laptop & Accessory,1.0,16.0,0.0,149
50338,7.0,3.0,2,Laptop & Accessory,5.0,12.0,5.0,153
50339,0.0,3.0,5,Mobile,1.0,18.0,1.0,123
50340,10.0,2.0,3,Fashion,1.0,17.0,1.0,175
50341,19.0,2.0,3,Fashion,1.0,11.0,1.0,205
50342,14.0,3.0,3,Grocery,11.0,16.0,,266
50343,10.0,3.0,3,Fashion,7.0,13.0,6.0,188
50344,25.0,3.0,3,Laptop & Accessory,6.0,12.0,2.0,156
50345,0.0,2.0,2,Laptop & Accessory,1.0,12.0,1.0,147
50346,0.0,2.0,3,Mobile,2.0,13.0,0.0,124
50347,11.0,3.0,3,Laptop & Accessory,1.0,19.0,1.0,198
50348,10.0,3.0,3,Laptop & Accessory,4.0,12.0,3.0,164
50349,22.0,2.0,4,Others,1.0,,0.0,295
50350,0.0,,2,Mobile,1.0,11.0,0.0,127
50351,0.0,3.0,3,Laptop & Accessory,1.0,20.0,1.0,163
50352,,3.0,4,Mobile,1.0,21.0,1.0,121
50353,23.0,2.0,3,Others,10.0,11.0,,282
50354,,2.0,3,Mobile,1.0,11.0,1.0,121
50355,0.0,,3,Mobile,1.0,16.0,0.0,129
50356,,3.0,4,Mobile,1.0,18.0,1.0,120
50357,7.0,2.0,4,Mobile Phone,1.0,13.0,0.0,136
50358,0.0,2.0,3,Laptop & Accessory,1.0,17.0,0.0,142
50359,8.0,2.0,4,Laptop & Accessory,1.0,14.0,0.0,137
50360,4.0,3.0,2,Laptop & Accessory,5.0,22.0,3.0,155
50361,,3.0,4,Mobile,1.0,12.0,1.0,122
50362,10.0,3.0,3,Laptop & Accessory,1.0,11.0,0.0,196
50363,0.0,,4,Mobile,1.0,13.0,1.0,128
50364,15.0,2.0,3,Laptop & Accessory,2.0,13.0,2.0,141
50365,16.0,2.0,4,Grocery,1.0,14.0,,266
50366,11.0,2.0,3,Mobile,1.0,17.0,1.0,126
50367,16.0,3.0,3,Laptop & Accessory,4.0,13.0,2.0,157
50368,21.0,2.0,4,Grocery,,11.0,0.0,254
50369,17.0,2.0,4,Laptop & Accessory,1.0,11.0,1.0,160
50370,7.0,2.0,3,Mobile,1.0,18.0,1.0,126
50371,0.0,,3,Mobile,1.0,11.0,0.0,130
50372,0.0,2.0,3,Mobile,1.0,11.0,1.0,134
50373,17.0,2.0,3,Others,1.0,,1.0,295
50374,0.0,,3,Mobile,2.0,20.0,2.0,128
50375,6.0,2.0,3,Laptop & Accessory,1.0,12.0,1.0,171
50376,5.0,3.0,3,Laptop & Accessory,1.0,12.0,1.0,163
50377,,3.0,3,Mobile,1.0,20.0,1.0,121
50378,26.0,2.0,3,Laptop & Accessory,8.0,20.0,6.0,184
50379,7.0,,3,Mobile,8.0,12.0,6.0,127
50380,8.0,3.0,3,Laptop & Accessory,1.0,14.0,0.0,143
50381,0.0,3.0,3,Mobile,1.0,13.0,0.0,127
50382,10.0,2.0,3,Fashion,7.0,15.0,6.0,194
50383,2.0,3.0,3,Laptop & Accessory,1.0,14.0,0.0,156
50384,8.0,2.0,5,Laptop & Accessory,11.0,13.0,11.0,166
50385,6.0,1.0,3,Laptop & Accessory,4.0,23.0,4.0,177
50386,27.0,2.0,3,Fashion,7.0,15.0,3.0,207
50387,9.0,2.0,4,Laptop & Accessory,1.0,11.0,1.0,188
50388,,2.0,4,Mobile,1.0,13.0,0.0,120
50389,0.0,2.0,3,Mobile Phone,1.0,11.0,0.0,110
50390,0.0,3.0,3,Mobile,9.0,11.0,9.0,133
50391,,2.0,4,Mobile Phone,1.0,18.0,1.0,113
50392,0.0,,2,Mobile,1.0,16.0,0.0,128
50393,0.0,2.0,2,Laptop & Accessory,1.0,22.0,0.0,149
50394,11.0,2.0,4,Laptop & Accessory,1.0,20.0,1.0,140
50395,2.0,,5,Mobile,2.0,18.0,2.0,127
50396,21.0,2.0,2,Laptop & Accessory,2.0,12.0,2.0,181
50397,0.0,3.0,2,Laptop & Accessory,1.0,20.0,1.0,146
50398,10.0,3.0,2,Mobile Phone,1.0,17.0,1.0,147
50399,23.0,3.0,2,Mobile,3.0,11.0,3.0,132
50400,7.0,2.0,4,Fashion,7.0,14.0,4.0,186
50401,0.0,3.0,3,Laptop & Accessory,2.0,14.0,1.0,146
50402,12.0,3.0,4,Laptop & Accessory,11.0,11.0,2.0,146
50403,5.0,2.0,3,Laptop & Accessory,1.0,12.0,0.0,154
50404,13.0,2.0,3,Laptop & Accessory,1.0,14.0,1.0,168
50405,11.0,2.0,2,Laptop & Accessory,1.0,13.0,1.0,176
50406,0.0,3.0,3,Fashion,1.0,11.0,1.0,174
50407,5.0,2.0,3,Fashion,7.0,15.0,3.0,212
50408,20.0,2.0,3,Laptop & Accessory,1.0,12.0,0.0,150
50409,13.0,2.0,4,Fashion,1.0,21.0,0.0,205
50410,26.0,2.0,2,Grocery,,19.0,0.0,248
50411,14.0,3.0,4,Others,12.0,15.0,,291
50412,30.0,2.0,3,Laptop & Accessory,2.0,14.0,1.0,154
50413,0.0,2.0,3,Fashion,1.0,21.0,1.0,188
50414,14.0,2.0,4,Others,2.0,12.0,,292
50415,23.0,2.0,3,Mobile Phone,2.0,15.0,1.0,139
50416,,3.0,5,Mobile,3.0,13.0,1.0,122
50417,9.0,3.0,2,Fashion,1.0,14.0,0.0,217
50418,11.0,2.0,3,Fashion,1.0,14.0,0.0,179
50419,17.0,2.0,5,Mobile Phone,1.0,14.0,0.0,137
50420,20.0,2.0,3,Grocery,,12.0,7.0,238
50421,3.0,2.0,3,Laptop & Accessory,7.0,23.0,4.0,153
50422,2.0,2.0,3,Mobile,1.0,11.0,0.0,126
50423,5.0,,2,Mobile,2.0,12.0,2.0,128
50424,16.0,2.0,4,Laptop & Accessory,2.0,18.0,0.0,168
50425,7.0,3.0,3,Laptop & Accessory,4.0,11.0,1.0,161
50426,0.0,2.0,3,Mobile,1.0,14.0,0.0,125
50427,12.0,2.0,2,Laptop & Accessory,3.0,15.0,3.0,164
50428,29.0,2.0,3,Grocery,1.0,11.0,0.0,211
50429,13.0,2.0,4,Mobile,2.0,20.0,2.0,123
50430,0.0,2.0,4,Laptop & Accessory,1.0,19.0,1.0,168
50431,,2.0,3,Mobile,2.0,14.0,0.0,123
50432,26.0,2.0,3,Laptop & Accessory,2.0,17.0,1.0,125
50433,8.0,3.0,3,Laptop & Accessory,1.0,11.0,0.0,151
50434,5.0,3.0,3,Laptop & Accessory,4.0,15.0,2.0,153
50435,11.0,,3,Mobile,1.0,13.0,0.0,131
50436,7.0,2.0,3,Laptop & Accessory,1.0,14.0,1.0,151
50437,25.0,2.0,4,Grocery,1.0,11.0,,269
50438,0.0,,3,Mobile,7.0,13.0,5.0,127
50439,0.0,2.0,3,Laptop & Accessory,1.0,23.0,0.0,162
50440,18.0,2.0,5,Laptop & Accessory,3.0,13.0,0.0,166
50441,0.0,3.0,2,Mobile,1.0,18.0,1.0,135
50442,10.0,3.0,1,Laptop & Accessory,1.0,12.0,1.0,164
50443,7.0,2.0,3,Laptop & Accessory,1.0,22.0,0.0,163
50444,18.0,3.0,3,Others,1.0,,1.0,299
50445,9.0,3.0,4,Fashion,1.0,15.0,0.0,176
50446,25.0,2.0,3,Mobile Phone,1.0,18.0,1.0,143
50447,0.0,3.0,5,Mobile Phone,2.0,14.0,2.0,144
50448,2.0,3.0,3,Laptop & Accessory,1.0,12.0,1.0,143
50449,0.0,2.0,4,Laptop & Accessory,1.0,17.0,1.0,153
50450,7.0,3.0,1,Mobile,1.0,16.0,0.0,133
50451,27.0,3.0,3,Laptop & Accessory,1.0,11.0,0.0,155
50452,2.0,2.0,3,Laptop & Accessory,1.0,19.0,0.0,143
50453,10.0,,3,Mobile,4.0,13.0,3.0,128
50454,11.0,3.0,1,Laptop & Accessory,4.0,12.0,4.0,160
50455,7.0,2.0,4,Mobile Phone,1.0,11.0,1.0,144
50456,8.0,3.0,3,Mobile,1.0,16.0,0.0,126
50457,3.0,2.0,5,Mobile Phone,1.0,21.0,1.0,138
50458,13.0,2.0,1,Laptop & Accessory,3.0,24.0,0.0,142
50459,7.0,3.0,3,Laptop & Accessory,1.0,17.0,1.0,165
50460,15.0,3.0,3,Others,14.0,13.0,,284
50461,,3.0,1,Mobile Phone,1.0,21.0,1.0,116
50462,0.0,,4,Mobile,1.0,11.0,1.0,127
50463,25.0,,3,Laptop & Accessory,1.0,20.0,1.0,131
50464,23.0,3.0,3,Grocery,1.0,16.0,,276
50465,0.0,2.0,4,Mobile,1.0,11.0,0.0,123
50466,6.0,2.0,3,Fashion,3.0,11.0,0.0,217
50467,0.0,3.0,3,Laptop & Accessory,1.0,15.0,1.0,153
50468,20.0,2.0,3,Grocery,3.0,11.0,,268
50469,9.0,2.0,3,Laptop & Accessory,1.0,15.0,0.0,152
50470,2.0,,1,Mobile,1.0,24.0,1.0,127
50471,20.0,2.0,3,Others,13.0,,5.0,292
50472,8.0,2.0,1,Mobile,2.0,13.0,0.0,125
50473,15.0,2.0,4,Laptop & Accessory,1.0,13.0,0.0,161
50474,0.0,2.0,3,Mobile Phone,2.0,17.0,0.0,144
50475,,2.0,3,Mobile,1.0,13.0,1.0,121
50476,5.0,3.0,4,Laptop & Accessory,6.0,12.0,1.0,162
50477,13.0,2.0,4,Laptop & Accessory,1.0,14.0,1.0,151
50478,3.0,2.0,4,Laptop & Accessory,1.0,24.0,1.0,169
50479,,3.0,4,Mobile,1.0,14.0,1.0,123
50480,15.0,3.0,3,Laptop & Accessory,7.0,13.0,2.0,144
50481,11.0,2.0,4,Laptop & Accessory,1.0,15.0,1.0,163
50482,7.0,3.0,4,Mobile,1.0,16.0,1.0,126
50483,12.0,2.0,3,Fashion,7.0,18.0,0.0,177
50484,18.0,2.0,3,Laptop & Accessory,7.0,16.0,0.0,152
50485,16.0,3.0,3,Grocery,1.0,24.0,,272
50486,0.0,2.0,4,Fashion,1.0,16.0,0.0,228
50487,8.0,2.0,3,Fashion,1.0,21.0,0.0,202
50488,1.0,2.0,3,Laptop & Accessory,7.0,20.0,7.0,148
50489,7.0,2.0,3,Mobile Phone,1.0,19.0,1.0,137
50490,0.0,2.0,4,Mobile,1.0,14.0,0.0,124
50491,,2.0,3,Mobile Phone,1.0,11.0,1.0,117
50492,24.0,3.0,3,Grocery,4.0,14.0,,263
50493,17.0,2.0,3,Laptop & Accessory,2.0,12.0,1.0,159
50494,0.0,3.0,1,Mobile,1.0,13.0,1.0,134
50495,6.0,2.0,1,Laptop & Accessory,1.0,22.0,0.0,140
50496,8.0,2.0,4,Mobile,1.0,11.0,1.0,126
50497,9.0,2.0,3,Laptop & Accessory,4.0,14.0,2.0,162
50498,5.0,3.0,3,Laptop & Accessory,1.0,11.0,0.0,144
50499,3.0,3.0,4,Mobile Phone,1.0,12.0,0.0,138
50500,26.0,3.0,4,Fashion,1.0,18.0,0.0,209
50501,18.0,3.0,3,Fashion,1.0,12.0,1.0,208
50502,5.0,3.0,1,Laptop & Accessory,1.0,12.0,1.0,152
50503,25.0,2.0,4,Grocery,,22.0,0.0,238
50504,10.0,3.0,4,Laptop & Accessory,1.0,19.0,1.0,163
50505,1.0,3.0,4,Mobile Phone,1.0,13.0,0.0,149
50506,0.0,2.0,4,Laptop & Accessory,2.0,22.0,2.0,148
50507,17.0,,1,Mobile,1.0,24.0,1.0,128
50508,15.0,2.0,3,Mobile,2.0,14.0,0.0,125
50509,9.0,3.0,4,Mobile,1.0,21.0,1.0,123
50510,0.0,3.0,3,Laptop & Accessory,1.0,18.0,1.0,142
50511,8.0,3.0,4,Fashion,5.0,20.0,2.0,207
50512,,3.0,3,Mobile,7.0,19.0,0.0,120
50513,5.0,3.0,3,Mobile,1.0,12.0,0.0,123
50514,0.0,2.0,4,Laptop & Accessory,1.0,12.0,1.0,143
50515,22.0,2.0,3,Mobile Phone,1.0,16.0,1.0,136
50516,0.0,,4,Mobile,3.0,17.0,0.0,132
50517,5.0,2.0,3,Laptop & Accessory,5.0,14.0,2.0,165
50518,11.0,,4,Mobile,1.0,19.0,0.0,129
50519,15.0,3.0,1,Laptop & Accessory,1.0,13.0,0.0,152
50520,4.0,2.0,3,Mobile,1.0,19.0,1.0,124
50521,0.0,,4,Mobile,1.0,19.0,0.0,128
50522,26.0,3.0,3,Grocery,2.0,14.0,0.0,218
50523,8.0,3.0,4,Fashion,4.0,16.0,3.0,209
50524,10.0,,3,Mobile,1.0,15.0,1.0,130
50525,26.0,3.0,3,Grocery,,18.0,2.0,243
50526,16.0,2.0,3,Laptop & Accessory,2.0,13.0,1.0,156
50527,20.0,2.0,3,Laptop & Accessory,7.0,22.0,5.0,145
50528,10.0,2.0,3,Fashion,1.0,13.0,0.0,176
50529,23.0,3.0,3,Grocery,14.0,11.0,,279
50530,12.0,2.0,4,Laptop & Accessory,1.0,11.0,0.0,152
50531,,2.0,3,Mobile,1.0,11.0,0.0,123
50532,0.0,,3,Mobile,1.0,24.0,1.0,128
50533,2.0,3.0,4,Mobile,1.0,14.0,1.0,125
50534,17.0,3.0,3,Mobile,7.0,13.0,2.0,126
50535,1.0,3.0,3,Laptop & Accessory,1.0,14.0,1.0,149
50536,20.0,2.0,4,Mobile,1.0,14.0,0.0,124
50537,16.0,2.0,3,Laptop & Accessory,1.0,21.0,1.0,148
50538,,2.0,4,Mobile,1.0,13.0,0.0,120
50539,0.0,,3,Mobile,1.0,19.0,1.0,127
50540,9.0,3.0,3,Laptop & Accessory,4.0,17.0,4.0,166
50541,20.0,3.0,4,Mobile,1.0,18.0,1.0,133
50542,0.0,2.0,3,Laptop & Accessory,1.0,19.0,1.0,142
50543,4.0,,5,Mobile,1.0,13.0,0.0,128
50544,1.0,3.0,3,Mobile,2.0,18.0,2.0,124
50545,2.0,3.0,3,Mobile,2.0,21.0,1.0,124
50546,0.0,3.0,3,Mobile,1.0,19.0,1.0,123
50547,,2.0,3,Mobile,1.0,14.0,1.0,120
50548,15.0,3.0,4,Laptop & Accessory,1.0,17.0,0.0,162
50549,6.0,,4,Mobile,1.0,11.0,0.0,128
50550,30.0,2.0,4,Fashion,1.0,13.0,1.0,206
50551,4.0,2.0,4,Mobile,5.0,15.0,3.0,123
50552,8.0,2.0,3,Laptop & Accessory,1.0,25.0,0.0,140
50553,22.0,2.0,3,Fashion,1.0,11.0,0.0,174
50554,,2.0,3,Mobile,1.0,17.0,0.0,123
50555,4.0,2.0,3,Laptop & Accessory,1.0,13.0,1.0,169
50556,9.0,3.0,3,Mobile Phone,1.0,18.0,0.0,147
50557,11.0,3.0,3,Fashion,,13.0,3.0,236
50558,5.0,3.0,4,Mobile,1.0,20.0,1.0,123
50559,0.0,2.0,4,Mobile,1.0,18.0,0.0,124
50560,13.0,3.0,4,Fashion,1.0,12.0,1.0,197
50561,0.0,2.0,4,Laptop & Accessory,1.0,12.0,1.0,143
50562,14.0,2.0,3,Mobile Phone,2.0,13.0,1.0,147
50563,9.0,3.0,3,Mobile,3.0,21.0,2.0,125
50564,,2.0,4,Mobile,1.0,13.0,0.0,121
50565,0.0,,3,Mobile,1.0,19.0,1.0,130
50566,4.0,2.0,3,Laptop & Accessory,8.0,11.0,0.0,159
50567,13.0,2.0,3,Mobile Phone,1.0,14.0,0.0,136
50568,5.0,3.0,3,Laptop & Accessory,6.0,12.0,6.0,167
50569,0.0,2.0,4,Fashion,3.0,11.0,3.0,203
50570,6.0,2.0,4,Laptop & Accessory,1.0,14.0,0.0,169
50571,0.0,2.0,4,Fashion,11.0,11.0,1.0,206
50572,18.0,2.0,3,Laptop & Accessory,1.0,12.0,1.0,144
50573,,2.0,3,Mobile,1.0,15.0,0.0,122
50574,8.0,2.0,3,Laptop & Accessory,1.0,16.0,1.0,146
50575,25.0,3.0,3,Grocery,7.0,15.0,,271
50576,20.0,2.0,3,Mobile,1.0,24.0,1.0,125
50577,26.0,2.0,3,Grocery,,13.0,2.0,249
50578,3.0,3.0,3,Fashion,7.0,11.0,4.0,173
50579,11.0,2.0,3,Laptop & Accessory,1.0,13.0,0.0,157
50580,8.0,3.0,3,Fashion,1.0,13.0,0.0,178
50581,12.0,2.0,1,Fashion,1.0,18.0,1.0,179
50582,3.0,3.0,1,Grocery,,16.0,1.0,232
50583,20.0,3.0,1,Laptop & Accessory,2.0,19.0,0.0,151
50584,9.0,2.0,3,Laptop & Accessory,1.0,13.0,1.0,151
50585,0.0,2.0,4,Mobile,1.0,22.0,1.0,123
50586,6.0,2.0,3,Grocery,6.0,11.0,,274
50587,0.0,3.0,4,Mobile,1.0,20.0,1.0,124
50588,6.0,2.0,3,Mobile,1.0,18.0,1.0,135
50589,,3.0,3,Mobile,1.0,14.0,0.0,123
50590,23.0,3.0,3,Grocery,1.0,22.0,,274
50591,6.0,2.0,1,Laptop & Accessory,1.0,13.0,0.0,155
50592,14.0,3.0,3,Others,1.0,,1.0,294
50593,0.0,,3,Mobile,2.0,14.0,2.0,128
50594,18.0,2.0,3,Laptop & Accessory,1.0,15.0,1.0,136
50595,20.0,2.0,3,Laptop & Accessory,1.0,17.0,1.0,142
50596,,2.0,3,Mobile,1.0,11.0,0.0,121
50597,23.0,3.0,3,Grocery,,18.0,0.0,240
50598,11.0,,3,Mobile,1.0,17.0,0.0,127
50599,19.0,3.0,3,Fashion,1.0,13.0,0.0,208
50600,0.0,2.0,4,Laptop & Accessory,3.0,15.0,2.0,144
50601,0.0,2.0,4,Mobile Phone,1.0,24.0,1.0,137
50602,4.0,3.0,3,Laptop & Accessory,1.0,12.0,1.0,141
50603,0.0,3.0,3,Mobile Phone,1.0,15.0,1.0,111
50604,27.0,2.0,3,Fashion,1.0,11.0,1.0,207
50605,8.0,2.0,3,Fashion,10.0,11.0,2.0,204
50606,3.0,3.0,1,Fashion,1.0,12.0,0.0,214
50607,0.0,3.0,4,Mobile,1.0,15.0,0.0,126
50608,0.0,2.0,3,Mobile,1.0,17.0,0.0,124
50609,0.0,2.0,1,Laptop & Accessory,1.0,12.0,1.0,155
50610,0.0,3.0,5,Mobile,1.0,15.0,1.0,125
50611,21.0,3.0,4,Laptop & Accessory,2.0,13.0,0.0,142
50612,21.0,3.0,4,Fashion,4.0,14.0,1.0,210
50613,14.0,2.0,3,Laptop & Accessory,2.0,14.0,1.0,150
50614,12.0,3.0,4,Grocery,11.0,16.0,0.0,227
50615,0.0,2.0,3,Laptop & Accessory,2.0,18.0,0.0,142
50616,8.0,2.0,3,Mobile Phone,1.0,20.0,1.0,139
50617,15.0,2.0,3,Others,1.0,13.0,,283
50618,23.0,3.0,3,Mobile,1.0,18.0,1.0,124
50619,30.0,3.0,4,Grocery,,13.0,0.0,237
50620,0.0,3.0,5,Laptop & Accessory,1.0,15.0,1.0,148
50621,28.0,3.0,3,Laptop & Accessory,6.0,14.0,6.0,164
50622,14.0,2.0,5,Others,5.0,,1.0,300
50623,11.0,2.0,3,Laptop & Accessory,1.0,12.0,1.0,169
50624,0.0,3.0,5,Laptop & Accessory,2.0,18.0,0.0,150
50625,15.0,2.0,5,Others,6.0,,5.0,298
50626,17.0,2.0,1,Grocery,,18.0,1.0,233
50627,23.0,3.0,3,Laptop & Accessory,1.0,12.0,1.0,163
50628,0.0,,1,Mobile,15.0,16.0,15.0,127
50629,12.0,2.0,3,Fashion,2.0,13.0,1.0,209
50630,6.0,2.0,4,Mobile,2.0,19.0,2.0,123
50631,18.0,2.0,3,Grocery,1.0,13.0,,277
50632,5.0,3.0,3,Mobile Phone,7.0,12.0,5.0,140
50633,7.0,3.0,1,Laptop & Accessory,1.0,11.0,1.0,197
50634,30.0,3.0,3,Fashion,1.0,14.0,0.0,219
50635,,2.0,3,Mobile,1.0,16.0,0.0,122
50636,26.0,2.0,4,Fashion,6.0,12.0,0.0,175
50637,0.0,2.0,3,Laptop & Accessory,1.0,14.0,0.0,148
50638,,2.0,3,Mobile,1.0,14.0,1.0,120
50639,,2.0,3,Mobile,1.0,19.0,0.0,122
50640,1.0,3.0,3,Mobile Phone,1.0,22.0,1.0,111
50641,11.0,,3,Mobile,2.0,16.0,2.0,128
50642,23.0,3.0,3,Others,7.0,,7.0,292
50643,10.0,2.0,3,Laptop & Accessory,1.0,15.0,1.0,141
50644,13.0,3.0,3,Laptop & Accessory,7.0,14.0,5.0,184
50645,,3.0,4,Mobile,1.0,13.0,1.0,120
50646,19.0,2.0,3,Others,2.0,,1.0,296
50647,27.0,2.0,4,Fashion,7.0,11.0,6.0,207
50648,29.0,,3,Mobile,1.0,19.0,0.0,129
50649,9.0,2.0,4,Fashion,7.0,11.0,5.0,189
50650,28.0,2.0,4,Grocery,6.0,15.0,,268
50651,16.0,3.0,4,Fashion,,13.0,1.0,234
50652,0.0,2.0,3,Mobile,1.0,14.0,0.0,123
50653,,2.0,4,Mobile Phone,1.0,13.0,1.0,114
50654,19.0,3.0,4,Laptop & Accessory,1.0,23.0,1.0,146
50655,14.0,2.0,3,Mobile,2.0,12.0,1.0,125
50656,0.0,3.0,4,Fashion,1.0,12.0,0.0,187
50657,0.0,2.0,4,Mobile Phone,1.0,16.0,0.0,140
50658,3.0,2.0,3,Laptop & Accessory,1.0,15.0,1.0,200
50659,14.0,2.0,1,Mobile,1.0,13.0,1.0,134
50660,11.0,3.0,4,Fashion,1.0,18.0,0.0,188
50661,13.0,3.0,3,Fashion,11.0,20.0,4.0,203
50662,0.0,2.0,5,Mobile Phone,1.0,19.0,1.0,146
50663,28.0,3.0,3,Fashion,1.0,18.0,1.0,210
50664,1.0,2.0,3,Laptop & Accessory,1.0,13.0,1.0,137
50665,7.0,3.0,4,Fashion,3.0,14.0,2.0,205
50666,6.0,2.0,4,Fashion,1.0,15.0,0.0,171
50667,0.0,2.0,3,Fashion,4.0,22.0,3.0,196
50668,0.0,2.0,4,Laptop & Accessory,3.0,22.0,3.0,145
50669,,2.0,3,Mobile,2.0,16.0,2.0,122
50670,7.0,2.0,3,Laptop & Accessory,1.0,17.0,1.0,178
50671,10.0,2.0,4,Laptop & Accessory,1.0,14.0,0.0,167
50672,0.0,2.0,3,Mobile Phone,5.0,15.0,5.0,137
50673,0.0,2.0,3,Mobile,1.0,20.0,1.0,124
50674,,2.0,4,Mobile,2.0,20.0,0.0,123
50675,15.0,2.0,3,Grocery,13.0,17.0,,277
50676,0.0,2.0,4,Mobile,1.0,15.0,0.0,126
50677,13.0,2.0,3,Laptop & Accessory,1.0,14.0,0.0,147
50678,6.0,1.0,3,Laptop & Accessory,1.0,17.0,1.0,143
50679,7.0,,4,Mobile,1.0,17.0,1.0,130
50680,21.0,2.0,1,Grocery,2.0,22.0,,269
50681,18.0,3.0,4,Laptop & Accessory,4.0,13.0,0.0,156
50682,25.0,2.0,3,Fashion,4.0,19.0,3.0,204
50683,11.0,3.0,4,Fashion,2.0,14.0,2.0,187
50684,2.0,3.0,3,Mobile,1.0,22.0,0.0,125
50685,1.0,3.0,3,Fashion,1.0,17.0,0.0,177
50686,19.0,2.0,3,Grocery,4.0,12.0,,275
50687,11.0,2.0,3,Fashion,1.0,16.0,1.0,174
50688,16.0,2.0,3,Fashion,1.0,11.0,0.0,208
50689,2.0,2.0,3,Grocery,11.0,11.0,7.0,222
50690,13.0,2.0,4,Others,4.0,,4.0,296
50691,,3.0,4,Mobile,2.0,11.0,0.0,121
50692,12.0,3.0,3,Laptop & Accessory,1.0,15.0,1.0,168
50693,9.0,3.0,3,Laptop & Accessory,1.0,20.0,1.0,178
50694,4.0,,1,Mobile,2.0,12.0,1.0,128
50695,1.0,3.0,4,Mobile,1.0,17.0,0.0,132
50696,8.0,2.0,3,Laptop & Accessory,1.0,11.0,0.0,150
50697,22.0,2.0,4,Grocery,2.0,17.0,1.0,231
50698,7.0,3.0,3,Laptop & Accessory,1.0,11.0,1.0,140
50699,2.0,3.0,3,Mobile,1.0,14.0,1.0,133
50700,15.0,2.0,5,Laptop & Accessory,1.0,19.0,1.0,143
50701,2.0,3.0,4,Laptop & Accessory,1.0,13.0,0.0,151
50702,11.0,,1,Mobile,5.0,13.0,1.0,128
50703,4.0,,4,Mobile,1.0,14.0,1.0,127
50704,,3.0,3,Mobile Phone,1.0,12.0,0.0,119
50705,0.0,3.0,3,Laptop & Accessory,1.0,17.0,0.0,182
50706,14.0,2.0,3,Mobile Phone,1.0,11.0,1.0,148
50707,0.0,3.0,3,Mobile,2.0,12.0,2.0,126
50708,10.0,2.0,4,Laptop & Accessory,1.0,13.0,0.0,157
50709,0.0,2.0,4,Mobile,2.0,13.0,2.0,125
50710,7.0,3.0,3,Laptop & Accessory,1.0,20.0,1.0,157
50711,8.0,3.0,3,Mobile Phone,1.0,17.0,0.0,143
50712,0.0,2.0,4,Fashion,3.0,13.0,0.0,173
50713,13.0,2.0,3,Fashion,,17.0,0.0,235
50714,5.0,2.0,3,Grocery,,12.0,7.0,238
50715,15.0,2.0,3,Laptop & Accessory,1.0,13.0,1.0,152
50716,,2.0,4,Mobile,1.0,12.0,1.0,123
50717,0.0,2.0,3,Mobile Phone,1.0,22.0,1.0,136
50718,0.0,3.0,3,Mobile,1.0,11.0,1.0,125
50719,0.0,2.0,1,Mobile Phone,1.0,22.0,1.0,144
50720,3.0,3.0,4,Laptop & Accessory,1.0,18.0,1.0,166
50721,13.0,3.0,4,Laptop & Accessory,1.0,13.0,1.0,144
50722,8.0,2.0,4,Fashion,6.0,18.0,6.0,203
50723,7.0,3.0,4,Laptop & Accessory,4.0,20.0,1.0,153
50724,8.0,2.0,4,Mobile,2.0,13.0,2.0,124
50725,6.0,2.0,5,Laptop & Accessory,1.0,13.0,1.0,153
50726,5.0,,3,Mobile,1.0,12.0,0.0,128
50727,29.0,3.0,3,Others,4.0,,0.0,299
50728,2.0,,3,Mobile,1.0,13.0,0.0,131
50729,0.0,2.0,3,Mobile,1.0,25.0,0.0,126
50730,18.0,2.0,3,Mobile Phone,1.0,19.0,1.0,145
50731,10.0,2.0,4,Laptop & Accessory,3.0,13.0,3.0,165
50732,0.0,,4,Mobile,1.0,12.0,0.0,130
50733,7.0,,3,Mobile,1.0,11.0,1.0,129
50734,26.0,2.0,3,Others,4.0,18.0,,286
50735,,3.0,5,Mobile,1.0,18.0,1.0,122
50736,0.0,,4,Mobile,1.0,11.0,0.0,129
50737,19.0,3.0,3,Grocery,15.0,23.0,,270
50738,,3.0,5,Mobile,1.0,13.0,1.0,123
50739,6.0,2.0,3,Mobile Phone,1.0,13.0,0.0,136
50740,,3.0,4,Mobile,1.0,17.0,1.0,121
50741,3.0,3.0,3,Laptop & Accessory,1.0,19.0,1.0,141
50742,13.0,3.0,3,Laptop & Accessory,1.0,12.0,1.0,143
50743,23.0,1.0,3,Grocery,2.0,22.0,,279
50744,1.0,3.0,4,Mobile,3.0,12.0,1.0,132
50745,19.0,2.0,3,Others,1.0,11.0,,291
50746,8.0,3.0,3,Laptop & Accessory,1.0,15.0,1.0,190
50747,,3.0,3,Mobile,1.0,13.0,0.0,122
50748,6.0,2.0,3,Laptop & Accessory,1.0,12.0,0.0,145
50749,9.0,,5,Mobile,1.0,14.0,0.0,127
50750,3.0,2.0,3,Laptop & Accessory,8.0,13.0,8.0,135
50751,17.0,2.0,3,Laptop & Accessory,1.0,25.0,1.0,145
50752,0.0,,1,Mobile,2.0,17.0,0.0,127
50753,19.0,2.0,3,Laptop & Accessory,1.0,11.0,1.0,174
50754,15.0,3.0,1,Laptop & Accessory,1.0,16.0,0.0,163
50755,30.0,2.0,1,Laptop & Accessory,1.0,18.0,0.0,152
50756,5.0,,4,Mobile,2.0,20.0,0.0,127
50757,5.0,2.0,3,Laptop & Accessory,1.0,14.0,1.0,150
50758,9.0,3.0,5,Fashion,7.0,21.0,5.0,203
50759,6.0,,3,Mobile,4.0,13.0,1.0,128
50760,13.0,2.0,4,Laptop & Accessory,1.0,12.0,1.0,169
50761,0.0,2.0,3,Laptop & Accessory,1.0,14.0,0.0,150
50762,3.0,3.0,3,Mobile Phone,5.0,21.0,1.0,136
50763,15.0,2.0,3,Fashion,,17.0,0.0,232
50764,8.0,3.0,4,Fashion,4.0,11.0,2.0,204
50765,,2.0,3,Mobile,6.0,14.0,2.0,122
50766,27.0,2.0,3,Fashion,1.0,17.0,1.0,205
50767,,3.0,1,Mobile,7.0,13.0,6.0,120
50768,,3.0,4,Mobile Phone,1.0,25.0,1.0,119
50769,2.0,3.0,3,Mobile Phone,1.0,15.0,0.0,138
50770,27.0,2.0,3,Grocery,1.0,14.0,,278
50771,4.0,3.0,3,Laptop & Accessory,1.0,12.0,0.0,168
50772,4.0,3.0,4,Laptop & Accessory,1.0,19.0,0.0,168
50773,30.0,2.0,4,Laptop & Accessory,1.0,17.0,0.0,152
50774,16.0,3.0,5,Others,1.0,,1.0,297
50775,22.0,2.0,4,Others,1.0,13.0,,287
50776,9.0,2.0,3,Mobile Phone,1.0,12.0,1.0,137
50777,21.0,3.0,1,Mobile,1.0,11.0,0.0,126
50778,0.0,3.0,3,Mobile,1.0,11.0,1.0,125
50779,2.0,2.0,3,Laptop & Accessory,1.0,11.0,0.0,166
50780,21.0,3.0,4,Others,1.0,12.0,,283
50781,2.0,2.0,4,Grocery,1.0,14.0,,261
50782,7.0,2.0,1,Mobile,1.0,17.0,1.0,126
50783,17.0,2.0,3,Others,3.0,11.0,,282
50784,6.0,2.0,1,Fashion,1.0,14.0,1.0,184
50785,0.0,,1,Mobile,1.0,12.0,1.0,130
50786,,2.0,3,Mobile Phone,1.0,22.0,0.0,112
50787,0.0,3.0,5,Mobile Phone,1.0,14.0,1.0,111
50788,0.0,,3,Mobile,2.0,20.0,0.0,129
50789,8.0,3.0,5,Others,1.0,16.0,,288
50790,28.0,2.0,4,Grocery,,15.0,3.0,236
50791,0.0,2.0,4,Mobile,2.0,20.0,2.0,126
50792,19.0,2.0,4,Others,1.0,14.0,,288
50793,7.0,2.0,3,Laptop & Accessory,1.0,12.0,1.0,145
50794,24.0,2.0,3,Others,11.0,,2.0,298
50795,30.0,3.0,3,Fashion,5.0,12.0,1.0,205
50796,7.0,2.0,3,Laptop & Accessory,5.0,13.0,3.0,144
50797,,2.0,3,Mobile,1.0,11.0,0.0,122
50798,17.0,3.0,1,Others,14.0,14.0,,292
50799,7.0,2.0,4,Laptop & Accessory,1.0,11.0,0.0,145
50800,8.0,3.0,3,Mobile,2.0,14.0,1.0,135
50801,15.0,3.0,1,Laptop & Accessory,1.0,16.0,0.0,124
50802,16.0,2.0,4,Fashion,15.0,14.0,10.0,202
50803,9.0,2.0,3,Laptop & Accessory,5.0,11.0,4.0,154
50804,7.0,3.0,3,Fashion,1.0,11.0,0.0,180
50805,1.0,2.0,4,Mobile Phone,2.0,12.0,2.0,139
50806,24.0,,4,Mobile,7.0,14.0,7.0,128
50807,3.0,3.0,3,Laptop & Accessory,1.0,18.0,1.0,147
50808,0.0,2.0,3,Mobile,7.0,13.0,1.0,133
50809,,2.0,3,Mobile,1.0,11.0,0.0,121
50810,,2.0,3,Mobile,2.0,18.0,1.0,121
50811,5.0,2.0,1,Laptop & Accessory,1.0,15.0,0.0,162
50812,18.0,2.0,3,Others,1.0,22.0,,281
50813,12.0,3.0,4,Grocery,15.0,13.0,,271
50814,30.0,2.0,3,Mobile,2.0,12.0,2.0,124
50815,0.0,3.0,3,Laptop & Accessory,1.0,18.0,1.0,149
50816,2.0,3.0,3,Mobile Phone,1.0,13.0,0.0,139
50817,3.0,2.0,4,Laptop & Accessory,6.0,12.0,5.0,146
50818,9.0,3.0,3,Fashion,1.0,12.0,0.0,171
50819,19.0,2.0,3,Mobile,5.0,12.0,3.0,134
50820,1.0,2.0,5,Laptop & Accessory,7.0,11.0,7.0,167
50821,23.0,2.0,3,Grocery,1.0,11.0,,269
50822,3.0,2.0,4,Fashion,1.0,12.0,0.0,191
50823,15.0,3.0,3,Fashion,7.0,19.0,5.0,184
50824,3.0,3.0,3,Fashion,1.0,23.0,0.0,219
50825,12.0,2.0,3,Laptop & Accessory,1.0,11.0,0.0,145
50826,4.0,2.0,3,Fashion,9.0,19.0,3.0,199
50827,14.0,2.0,5,Laptop & Accessory,11.0,13.0,3.0,162
50828,,2.0,3,Mobile,2.0,11.0,1.0,123
50829,7.0,2.0,3,Mobile,1.0,12.0,1.0,124
50830,15.0,2.0,3,Grocery,2.0,13.0,,279
50831,28.0,2.0,5,Others,9.0,14.0,,292
50832,29.0,2.0,3,Others,7.0,,1.0,297
50833,13.0,3.0,3,Mobile,1.0,16.0,1.0,135
50834,7.0,2.0,3,Fashion,1.0,11.0,1.0,185
50835,13.0,3.0,3,Laptop & Accessory,8.0,13.0,3.0,147
50836,14.0,3.0,3,Laptop & Accessory,1.0,17.0,0.0,141
50837,8.0,2.0,3,Laptop & Accessory,1.0,11.0,1.0,142
50838,24.0,2.0,3,Grocery,,11.0,1.0,240
50839,11.0,2.0,3,Laptop & Accessory,1.0,15.0,0.0,169
50840,7.0,3.0,3,Laptop & Accessory,9.0,12.0,1.0,161
50841,0.0,3.0,3,Mobile Phone,1.0,11.0,1.0,137
50842,20.0,2.0,4,Fashion,5.0,14.0,4.0,200
50843,13.0,2.0,3,Mobile,1.0,22.0,1.0,124
50844,9.0,2.0,1,Laptop & Accessory,6.0,16.0,5.0,146
50845,21.0,2.0,3,Fashion,1.0,11.0,1.0,179
50846,0.0,3.0,1,Mobile,1.0,14.0,1.0,125
50847,24.0,2.0,4,Grocery,1.0,16.0,0.0,231
50848,,3.0,3,Mobile Phone,1.0,15.0,1.0,116
50849,8.0,2.0,4,Laptop & Accessory,1.0,12.0,1.0,154
50850,0.0,2.0,5,Laptop & Accessory,1.0,20.0,1.0,151
50851,18.0,2.0,1,Grocery,,17.0,2.0,237
50852,29.0,3.0,3,Grocery,,12.0,11.0,234
50853,,3.0,4,Mobile,1.0,20.0,1.0,120
50854,13.0,2.0,1,Laptop & Accessory,11.0,20.0,5.0,164
50855,7.0,2.0,3,Laptop & Accessory,7.0,13.0,0.0,154
50856,0.0,,4,Mobile,1.0,14.0,0.0,128
50857,0.0,3.0,3,Laptop & Accessory,3.0,18.0,3.0,146
50858,11.0,2.0,1,Mobile,1.0,11.0,0.0,126
50859,7.0,3.0,3,Laptop & Accessory,4.0,11.0,1.0,167
50860,1.0,2.0,4,Laptop & Accessory,1.0,11.0,1.0,147
50861,0.0,3.0,3,Laptop & Accessory,6.0,15.0,3.0,162
50862,12.0,2.0,4,Laptop & Accessory,1.0,12.0,0.0,161
50863,24.0,2.0,3,Fashion,3.0,11.0,0.0,206
50864,14.0,3.0,3,Laptop & Accessory,3.0,14.0,0.0,155
50865,10.0,,3,Mobile,1.0,15.0,1.0,130
50866,6.0,3.0,3,Laptop & Accessory,1.0,13.0,1.0,200
50867,5.0,2.0,3,Laptop & Accessory,1.0,13.0,0.0,141
50868,12.0,3.0,3,Fashion,1.0,21.0,0.0,209
50869,0.0,3.0,1,Laptop & Accessory,1.0,11.0,0.0,162
50870,25.0,2.0,1,Grocery,,11.0,0.0,232
50871,16.0,3.0,4,Laptop & Accessory,1.0,14.0,1.0,141
50872,0.0,3.0,4,Laptop & Accessory,4.0,11.0,2.0,158
50873,0.0,2.0,3,Mobile,7.0,13.0,3.0,124
50874,0.0,2.0,4,Mobile Phone,1.0,12.0,0.0,139
50875,15.0,2.0,3,Grocery,1.0,14.0,,268
50876,25.0,,3,Mobile,1.0,13.0,1.0,130
50877,10.0,3.0,3,Mobile Phone,1.0,18.0,0.0,136
50878,8.0,2.0,3,Fashion,2.0,11.0,0.0,194
50879,0.0,2.0,3,Mobile,1.0,11.0,1.0,132
50880,0.0,3.0,1,Mobile Phone,1.0,12.0,1.0,136
50881,2.0,2.0,4,Fashion,1.0,13.0,0.0,180
50882,0.0,3.0,4,Laptop & Accessory,1.0,20.0,0.0,143
50883,0.0,2.0,3,Fashion,7.0,12.0,2.0,176
50884,27.0,2.0,3,Grocery,12.0,19.0,,273
50885,30.0,3.0,3,Others,1.0,,1.0,297
50886,28.0,2.0,1,Grocery,,13.0,1.0,247
50887,9.0,2.0,3,Laptop & Accessory,1.0,16.0,0.0,193
50888,,2.0,5,Mobile Phone,1.0,12.0,1.0,114
50889,3.0,3.0,3,Laptop & Accessory,1.0,14.0,1.0,148
50890,4.0,3.0,3,Grocery,1.0,11.0,,264
50891,7.0,,3,Mobile,1.0,14.0,1.0,130
50892,,2.0,4,Mobile Phone,1.0,12.0,0.0,113
50893,,3.0,3,Mobile,1.0,14.0,1.0,121
50894,9.0,2.0,4,Laptop & Accessory,1.0,16.0,1.0,158
50895,9.0,3.0,4,Laptop & Accessory,1.0,13.0,1.0,156
50896,20.0,3.0,3,Mobile,1.0,12.0,1.0,134
50897,0.0,3.0,4,Mobile Phone,2.0,12.0,1.0,144
50898,10.0,2.0,1,Mobile,1.0,14.0,1.0,135
50899,,2.0,3,Mobile,1.0,22.0,1.0,121
50900,20.0,2.0,3,Grocery,5.0,19.0,,272
50901,0.0,2.0,3,Laptop & Accessory,1.0,12.0,1.0,142
50902,5.0,3.0,3,Laptop & Accessory,1.0,12.0,1.0,192
50903,7.0,2.0,4,Mobile,1.0,17.0,1.0,133
50904,,2.0,1,Mobile,1.0,12.0,1.0,121
50905,13.0,2.0,3,Laptop & Accessory,1.0,11.0,1.0,140
50906,4.0,2.0,3,Fashion,9.0,18.0,2.0,208
50907,9.0,2.0,3,Fashion,4.0,11.0,0.0,201
50908,2.0,2.0,4,Mobile Phone,1.0,23.0,0.0,136
50909,0.0,3.0,1,Fashion,4.0,11.0,3.0,174
50910,18.0,3.0,5,Fashion,1.0,18.0,0.0,209
50911,,3.0,1,Mobile,1.0,18.0,0.0,121
50912,0.0,3.0,3,Mobile Phone,2.0,13.0,2.0,137
50913,18.0,2.0,3,Fashion,1.0,18.0,1.0,194
50914,21.0,3.0,3,Laptop & Accessory,2.0,11.0,1.0,155
50915,0.0,,3,Mobile,2.0,15.0,1.0,127
50916,13.0,2.0,4,Fashion,,11.0,1.0,238
50917,1.0,2.0,3,Laptop & Accessory,1.0,18.0,1.0,185
50918,17.0,,4,Mobile,1.0,14.0,0.0,132
50919,26.0,2.0,1,Grocery,8.0,12.0,,266
50920,22.0,3.0,3,Laptop & Accessory,1.0,14.0,0.0,167
50921,13.0,3.0,3,Mobile,1.0,14.0,0.0,123
50922,17.0,2.0,3,Mobile,1.0,13.0,1.0,134
50923,6.0,2.0,3,Laptop & Accessory,1.0,14.0,0.0,144
50924,7.0,2.0,5,Laptop & Accessory,3.0,18.0,2.0,148
50925,3.0,3.0,3,Laptop & Accessory,2.0,15.0,0.0,153
50926,15.0,3.0,3,Mobile Phone,5.0,13.0,4.0,137
50927,17.0,3.0,3,Laptop & Accessory,1.0,12.0,1.0,148
50928,,3.0,3,Mobile Phone,1.0,13.0,0.0,113
50929,50.0,3.0,1,Laptop & Accessory,2.0,24.0,1.0,149
50930,22.0,2.0,3,Fashion,1.0,14.0,0.0,205
50931,7.0,3.0,3,Grocery,6.0,14.0,,270
50932,0.0,,3,Mobile,1.0,15.0,1.0,129
50933,0.0,2.0,3,Laptop & Accessory,1.0,11.0,0.0,158
50934,0.0,2.0,4,Laptop & Accessory,10.0,23.0,2.0,146
50935,8.0,3.0,3,Mobile,1.0,13.0,1.0,124
50936,0.0,2.0,3,Mobile,1.0,11.0,0.0,132
50937,,3.0,3,Mobile,1.0,13.0,0.0,120
50938,17.0,2.0,3,Fashion,2.0,18.0,0.0,202
50939,2.0,3.0,4,Laptop & Accessory,1.0,14.0,1.0,186
50940,,2.0,3,Mobile,1.0,21.0,0.0,121
50941,28.0,1.0,3,Laptop & Accessory,1.0,16.0,0.0,140
50942,6.0,2.0,4,Mobile Phone,1.0,11.0,0.0,138
50943,20.0,3.0,3,Laptop & Accessory,1.0,17.0,1.0,146
50944,0.0,2.0,4,Mobile,1.0,11.0,0.0,126
50945,,3.0,4,Mobile Phone,1.0,14.0,0.0,116
50946,1.0,2.0,3,Laptop & Accessory,1.0,14.0,1.0,149
50947,22.0,2.0,4,Laptop & Accessory,1.0,25.0,1.0,148
50948,2.0,3.0,3,Mobile,1.0,13.0,0.0,132
50949,1.0,3.0,5,Laptop & Accessory,1.0,14.0,1.0,165
50950,6.0,3.0,3,Laptop & Accessory,1.0,17.0,0.0,164
50951,5.0,0.0,3,Fashion,1.0,25.0,0.0,212
50952,27.0,2.0,3,Grocery,,20.0,1.0,260
50953,0.0,3.0,4,Mobile,1.0,13.0,0.0,124
50954,17.0,2.0,3,Grocery,14.0,13.0,,263
50955,12.0,2.0,3,Fashion,2.0,18.0,0.0,184
50956,19.0,2.0,3,Grocery,5.0,12.0,,266
50957,8.0,3.0,4,Fashion,3.0,19.0,1.0,186
50958,,3.0,3,Laptop & Accessory,1.0,14.0,1.0,123
50959,,2.0,3,Mobile,1.0,14.0,1.0,120
50960,7.0,3.0,4,Fashion,8.0,14.0,7.0,171
50961,0.0,2.0,3,Mobile Phone,7.0,12.0,6.0,141
50962,23.0,2.0,5,Grocery,,13.0,13.0,244
50963,,2.0,3,Mobile,5.0,25.0,0.0,123
50964,15.0,3.0,4,Mobile Phone,1.0,14.0,1.0,148
50965,10.0,2.0,3,Laptop & Accessory,3.0,17.0,0.0,143
50966,2.0,2.0,5,Laptop & Accessory,1.0,13.0,0.0,197
50967,6.0,2.0,4,Laptop & Accessory,1.0,13.0,0.0,143
50968,,3.0,3,Mobile,1.0,20.0,1.0,121
50969,15.0,2.0,3,Fashion,13.0,14.0,12.0,201
50970,13.0,2.0,3,Laptop & Accessory,7.0,12.0,2.0,155
50971,6.0,3.0,3,Laptop & Accessory,5.0,12.0,1.0,152
50972,13.0,2.0,3,Grocery,7.0,21.0,,264
50973,,2.0,4,Mobile,1.0,14.0,0.0,123
50974,13.0,3.0,3,Laptop & Accessory,2.0,18.0,2.0,141
50975,18.0,3.0,3,Fashion,7.0,12.0,6.0,174
50976,8.0,3.0,4,Mobile,4.0,23.0,2.0,124
50977,5.0,3.0,4,Laptop & Accessory,2.0,12.0,1.0,159
50978,9.0,3.0,3,Mobile,1.0,21.0,0.0,126
50979,21.0,3.0,3,Laptop & Accessory,7.0,14.0,1.0,164
50980,2.0,3.0,1,Mobile,1.0,18.0,1.0,125
50981,6.0,2.0,3,Laptop & Accessory,2.0,13.0,2.0,164
50982,0.0,3.0,4,Laptop & Accessory,6.0,11.0,3.0,197
50983,11.0,3.0,3,Laptop & Accessory,1.0,11.0,0.0,161
50984,8.0,3.0,4,Mobile,1.0,19.0,0.0,125
50985,3.0,2.0,3,Fashion,1.0,12.0,0.0,193
50986,,3.0,3,Mobile,1.0,12.0,1.0,121
50987,16.0,3.0,4,Fashion,1.0,16.0,1.0,202
50988,1.0,2.0,3,Laptop & Accessory,1.0,11.0,0.0,149
50989,5.0,3.0,3,Laptop & Accessory,1.0,14.0,1.0,141
50990,21.0,3.0,3,Mobile,7.0,12.0,7.0,124
50991,7.0,,3,Mobile,1.0,13.0,0.0,130
50992,28.0,2.0,4,Others,2.0,,2.0,296
50993,7.0,2.0,3,Laptop & Accessory,2.0,17.0,1.0,155
50994,,2.0,3,Mobile,1.0,21.0,1.0,121
50995,11.0,3.0,3,Laptop & Accessory,7.0,11.0,5.0,199
50996,11.0,2.0,3,Laptop & Accessory,1.0,12.0,0.0,142
50997,9.0,3.0,3,Laptop & Accessory,1.0,13.0,1.0,168
50998,2.0,2.0,3,Mobile Phone,1.0,18.0,0.0,147
50999,8.0,2.0,3,Laptop & Accessory,1.0,16.0,1.0,161
51000,12.0,2.0,1,Fashion,7.0,11.0,4.0,182
51001,2.0,2.0,3,Laptop & Accessory,1.0,19.0,0.0,189
51002,23.0,2.0,3,Others,1.0,,0.0,293
51003,,2.0,1,Mobile,2.0,16.0,2.0,121
51004,9.0,3.0,1,Laptop & Accessory,1.0,13.0,1.0,156
51005,15.0,3.0,4,Others,1.0,,1.0,296
51006,8.0,2.0,1,Laptop & Accessory,6.0,17.0,5.0,134
51007,7.0,3.0,4,Laptop & Accessory,7.0,14.0,2.0,151
51008,13.0,2.0,3,Laptop & Accessory,1.0,15.0,0.0,146
51009,16.0,2.0,1,Mobile Phone,1.0,12.0,1.0,149
51010,8.0,,4,Mobile,1.0,18.0,1.0,127
51011,19.0,2.0,1,Grocery,1.0,15.0,,276
51012,0.0,2.0,3,Mobile,1.0,17.0,0.0,124
51013,0.0,,4,Mobile,1.0,14.0,0.0,128
51014,23.0,2.0,3,Grocery,12.0,15.0,3.0,212
51015,5.0,2.0,1,Mobile,1.0,17.0,1.0,133
51016,17.0,2.0,3,Others,1.0,14.0,,290
51017,,2.0,4,Mobile,1.0,12.0,0.0,121
51018,18.0,2.0,5,Laptop & Accessory,1.0,14.0,1.0,158
51019,18.0,2.0,4,Laptop & Accessory,4.0,15.0,0.0,144
51020,4.0,2.0,3,Laptop & Accessory,1.0,13.0,0.0,153
51021,9.0,3.0,3,Laptop & Accessory,1.0,12.0,0.0,147
51022,7.0,2.0,1,Laptop & Accessory,7.0,13.0,5.0,147
51023,22.0,2.0,3,Mobile,1.0,14.0,0.0,132
51024,12.0,3.0,3,Laptop & Accessory,7.0,13.0,4.0,154
51025,0.0,3.0,4,Mobile Phone,1.0,11.0,0.0,141
51026,8.0,2.0,1,Laptop & Accessory,1.0,11.0,0.0,152
51027,1.0,2.0,5,Laptop & Accessory,1.0,21.0,1.0,0
51028,0.0,,3,Mobile,2.0,18.0,1.0,131
51029,,3.0,3,Mobile Phone,1.0,12.0,0.0,116
51030,20.0,3.0,3,Others,1.0,,1.0,297
51031,12.0,,4,Laptop & Accessory,1.0,15.0,0.0,131
51032,13.0,3.0,4,Fashion,14.0,13.0,1.0,204
51033,8.0,2.0,3,Laptop & Accessory,2.0,12.0,2.0,141
51034,10.0,2.0,3,Laptop & Accessory,1.0,17.0,0.0,158
51035,12.0,2.0,3,Laptop & Accessory,3.0,13.0,3.0,150
51036,18.0,2.0,4,Laptop & Accessory,3.0,19.0,2.0,158
51037,11.0,2.0,4,Fashion,1.0,19.0,1.0,178
51038,0.0,2.0,4,Fashion,6.0,17.0,4.0,203
51039,10.0,3.0,3,Mobile Phone,7.0,11.0,1.0,139
51040,13.0,2.0,3,Fashion,3.0,15.0,1.0,179
51041,17.0,2.0,3,Laptop & Accessory,1.0,11.0,1.0,157
51042,21.0,2.0,4,Grocery,,25.0,2.0,252
51043,0.0,2.0,5,Laptop & Accessory,2.0,14.0,1.0,154
51044,0.0,2.0,3,Mobile Phone,1.0,13.0,1.0,138
51045,0.0,2.0,1,Mobile,1.0,17.0,0.0,135
51046,0.0,2.0,3,Mobile,1.0,13.0,0.0,126
51047,,3.0,3,Mobile,1.0,14.0,0.0,122
51048,2.0,2.0,4,Laptop & Accessory,1.0,11.0,1.0,159
51049,9.0,2.0,3,Fashion,1.0,12.0,1.0,180
51050,0.0,3.0,1,Laptop & Accessory,1.0,17.0,0.0,152
51051,12.0,3.0,3,Laptop & Accessory,1.0,21.0,1.0,153
51052,22.0,3.0,3,Grocery,1.0,16.0,,264
51053,23.0,2.0,4,Fashion,,15.0,1.0,233
51054,0.0,,3,Mobile,2.0,19.0,0.0,128
51055,7.0,3.0,3,Laptop & Accessory,7.0,12.0,7.0,154
51056,,3.0,3,Mobile,1.0,11.0,0.0,120
51057,22.0,2.0,4,Grocery,,19.0,1.0,240
51058,9.0,2.0,4,Laptop & Accessory,1.0,15.0,1.0,144
51059,9.0,3.0,1,Laptop & Accessory,1.0,20.0,1.0,168
51060,27.0,3.0,3,Grocery,4.0,25.0,,274
51061,16.0,3.0,4,Grocery,6.0,24.0,,276
51062,0.0,2.0,3,Laptop & Accessory,6.0,24.0,3.0,146
51063,11.0,2.0,3,Laptop & Accessory,2.0,15.0,2.0,147
51064,2.0,2.0,4,Laptop & Accessory,1.0,13.0,0.0,142
51065,6.0,3.0,3,Laptop & Accessory,1.0,14.0,1.0,155
51066,5.0,2.0,3,Laptop & Accessory,1.0,13.0,0.0,155
51067,4.0,3.0,3,Laptop & Accessory,1.0,11.0,0.0,155
51068,22.0,3.0,3,Mobile,2.0,16.0,1.0,126
51069,11.0,2.0,4,Mobile,3.0,22.0,1.0,124
51070,20.0,2.0,1,Grocery,,14.0,0.0,260
51071,22.0,2.0,3,Grocery,,14.0,1.0,254
51072,14.0,3.0,3,Fashion,1.0,16.0,0.0,171
51073,0.0,,3,Mobile,1.0,11.0,0.0,127
51074,6.0,2.0,3,Laptop & Accessory,1.0,25.0,0.0,154
51075,9.0,3.0,3,Laptop & Accessory,1.0,14.0,1.0,153
51076,17.0,2.0,3,Mobile,2.0,18.0,2.0,132
51077,0.0,3.0,4,Mobile Phone,1.0,11.0,1.0,140
51078,11.0,2.0,3,Mobile,1.0,19.0,0.0,133
51079,26.0,2.0,1,Fashion,1.0,15.0,0.0,170
51080,11.0,3.0,3,Mobile,7.0,11.0,4.0,127
51081,,3.0,3,Mobile Phone,1.0,12.0,1.0,114
51082,0.0,3.0,3,Mobile,5.0,20.0,5.0,126
51083,28.0,3.0,4,Mobile,1.0,12.0,1.0,135
51084,7.0,2.0,4,Laptop & Accessory,4.0,14.0,4.0,140
51085,30.0,3.0,5,Fashion,1.0,20.0,0.0,209
51086,,3.0,1,Mobile,2.0,18.0,2.0,120
51087,10.0,2.0,5,Laptop & Accessory,1.0,14.0,0.0,195
51088,7.0,,4,Mobile,8.0,12.0,3.0,129
51089,,2.0,3,Mobile,1.0,21.0,1.0,123
51090,17.0,3.0,1,Fashion,6.0,19.0,6.0,179
51091,8.0,3.0,4,Mobile Phone,1.0,14.0,1.0,149
51092,16.0,3.0,3,Laptop & Accessory,8.0,17.0,0.0,178
51093,0.0,3.0,1,Mobile Phone,1.0,16.0,0.0,144
51094,14.0,2.0,3,Fashion,8.0,12.0,6.0,192
51095,2.0,,3,Mobile,1.0,17.0,1.0,130
51096,9.0,2.0,3,Laptop & Accessory,6.0,15.0,3.0,145
51097,18.0,3.0,4,Fashion,14.0,23.0,3.0,207
51098,,2.0,5,Mobile Phone,1.0,11.0,0.0,116
51099,10.0,2.0,5,Grocery,14.0,11.0,1.0,229
51100,,3.0,5,Mobile,1.0,15.0,0.0,123
51101,18.0,2.0,4,Grocery,8.0,11.0,,267
51102,5.0,2.0,3,Mobile,1.0,13.0,0.0,134
51103,4.0,3.0,3,Mobile,1.0,14.0,0.0,135
51104,14.0,2.0,5,Laptop & Accessory,1.0,19.0,0.0,164
51105,13.0,3.0,3,Laptop & Accessory,1.0,16.0,0.0,165
51106,0.0,3.0,3,Mobile Phone,1.0,13.0,1.0,139
51107,19.0,2.0,3,Laptop & Accessory,1.0,14.0,1.0,156
51108,8.0,2.0,3,Laptop & Accessory,1.0,16.0,0.0,169
51109,3.0,,3,Mobile,1.0,12.0,0.0,129
51110,20.0,2.0,3,Laptop & Accessory,1.0,11.0,0.0,150
51111,19.0,3.0,3,Fashion,1.0,12.0,0.0,204
51112,0.0,3.0,4,Laptop & Accessory,2.0,13.0,2.0,161
51113,0.0,2.0,5,Laptop & Accessory,1.0,15.0,0.0,167
51114,0.0,2.0,3,Mobile,1.0,13.0,1.0,133
51115,4.0,1.0,3,Laptop & Accessory,1.0,20.0,1.0,152
51116,12.0,3.0,3,Laptop & Accessory,5.0,15.0,3.0,165
51117,5.0,3.0,5,Fashion,1.0,13.0,1.0,196
51118,13.0,2.0,3,Others,12.0,,1.0,298
51119,18.0,2.0,5,Fashion,1.0,21.0,1.0,198
51120,3.0,3.0,4,Mobile Phone,1.0,16.0,0.0,150
51121,,2.0,3,Mobile,2.0,14.0,1.0,121
51122,,3.0,4,Mobile,1.0,11.0,1.0,122
51123,4.0,2.0,3,Laptop & Accessory,1.0,19.0,0.0,183
51124,0.0,3.0,3,Mobile,1.0,11.0,1.0,134
51125,0.0,,5,Mobile,2.0,13.0,1.0,128
51126,2.0,3.0,1,Laptop & Accessory,1.0,12.0,0.0,163
51127,3.0,3.0,4,Fashion,1.0,11.0,0.0,171
51128,7.0,,1,Mobile,1.0,14.0,0.0,129
51129,6.0,3.0,3,Laptop & Accessory,1.0,15.0,0.0,151
51130,22.0,3.0,3,Laptop & Accessory,1.0,12.0,0.0,145
51131,0.0,3.0,3,Fashion,1.0,20.0,0.0,186
51132,11.0,3.0,4,Mobile,1.0,14.0,0.0,125
51133,0.0,3.0,3,Fashion,1.0,13.0,1.0,182
51134,,3.0,4,Mobile,1.0,13.0,0.0,121
51135,0.0,2.0,1,Laptop & Accessory,1.0,16.0,1.0,153
51136,5.0,,3,Mobile,1.0,14.0,1.0,127
51137,11.0,2.0,5,Laptop & Accessory,1.0,16.0,0.0,158
51138,6.0,2.0,4,Mobile,1.0,16.0,1.0,124
51139,15.0,,3,Mobile,1.0,22.0,1.0,128
51140,28.0,2.0,4,Others,1.0,12.0,,290
51141,6.0,,3,Laptop & Accessory,1.0,15.0,0.0,131
51142,,3.0,3,Mobile,1.0,20.0,1.0,123
51143,7.0,2.0,3,Laptop & Accessory,1.0,14.0,1.0,140
51144,26.0,2.0,4,Grocery,1.0,20.0,0.0,230
51145,16.0,3.0,3,Mobile,1.0,13.0,0.0,135
51146,7.0,2.0,5,Laptop & Accessory,2.0,12.0,1.0,160
51147,0.0,,3,Mobile,1.0,13.0,1.0,127
51148,11.0,2.0,4,Mobile Phone,1.0,11.0,0.0,137
51149,0.0,3.0,3,Mobile,1.0,17.0,0.0,124
51150,4.0,3.0,4,Laptop & Accessory,5.0,14.0,2.0,155
51151,24.0,2.0,3,Fashion,2.0,11.0,2.0,231
51152,10.0,2.0,4,Laptop & Accessory,1.0,14.0,0.0,142
51153,19.0,2.0,3,Others,2.0,,1.0,293
51154,9.0,2.0,3,Fashion,5.0,13.0,1.0,183
51155,7.0,2.0,3,Mobile,2.0,12.0,1.0,123
51156,10.0,2.0,3,Laptop & Accessory,4.0,13.0,4.0,141
51157,0.0,2.0,3,Laptop & Accessory,7.0,18.0,0.0,158
51158,6.0,,1,Mobile,7.0,19.0,6.0,131
51159,,2.0,3,Mobile,1.0,11.0,0.0,120
51160,12.0,3.0,3,Fashion,,21.0,2.0,235
51161,19.0,3.0,4,Laptop & Accessory,2.0,15.0,2.0,180
51162,13.0,2.0,3,Mobile,1.0,17.0,1.0,134
51163,15.0,3.0,1,Laptop & Accessory,1.0,18.0,1.0,155
51164,8.0,2.0,3,Laptop & Accessory,1.0,14.0,0.0,158
51165,11.0,3.0,3,Mobile,3.0,13.0,3.0,126
51166,0.0,3.0,3,Laptop & Accessory,1.0,17.0,0.0,153
51167,0.0,2.0,3,Laptop & Accessory,1.0,15.0,0.0,142
51168,12.0,2.0,3,Laptop & Accessory,2.0,18.0,1.0,141
51169,16.0,2.0,3,Mobile,1.0,13.0,0.0,124
51170,14.0,2.0,1,Laptop & Accessory,1.0,12.0,1.0,169
51171,14.0,2.0,3,Fashion,13.0,13.0,0.0,204
51172,3.0,3.0,3,Fashion,1.0,14.0,0.0,197
51173,,3.0,3,Mobile,1.0,11.0,0.0,121
51174,9.0,3.0,3,Laptop & Accessory,3.0,22.0,1.0,189
51175,13.0,2.0,3,Laptop & Accessory,1.0,17.0,0.0,165
51176,7.0,3.0,1,Laptop & Accessory,4.0,21.0,0.0,168
51177,30.0,2.0,3,Grocery,14.0,22.0,10.0,0
51178,8.0,,5,Mobile,1.0,16.0,1.0,127
51179,20.0,3.0,4,Fashion,14.0,12.0,2.0,203
51180,13.0,2.0,3,Laptop & Accessory,7.0,12.0,7.0,144
51181,27.0,3.0,3,Laptop & Accessory,1.0,15.0,1.0,169
51182,4.0,3.0,3,Fashion,2.0,14.0,2.0,196
51183,1.0,3.0,3,Mobile Phone,1.0,25.0,1.0,136
51184,11.0,3.0,5,Laptop & Accessory,1.0,20.0,0.0,154
51185,0.0,2.0,3,Laptop & Accessory,1.0,13.0,0.0,147
51186,30.0,2.0,3,Grocery,,14.0,1.0,258
51187,,2.0,3,Mobile Phone,1.0,16.0,1.0,115
51188,0.0,,1,Mobile,1.0,17.0,1.0,130
51189,0.0,2.0,4,Mobile,2.0,15.0,1.0,123
51190,18.0,3.0,3,Laptop & Accessory,5.0,22.0,3.0,152
51191,9.0,3.0,3,Laptop & Accessory,1.0,22.0,0.0,170
51192,16.0,3.0,3,Laptop & Accessory,7.0,20.0,5.0,157
51193,0.0,2.0,3,Mobile,1.0,14.0,1.0,124
51194,2.0,2.0,3,Mobile Phone,3.0,13.0,1.0,138
51195,5.0,3.0,3,Laptop & Accessory,1.0,13.0,1.0,146
51196,15.0,,3,Mobile,3.0,22.0,1.0,129
51197,,3.0,3,Mobile,2.0,12.0,1.0,121
51198,19.0,2.0,3,Fashion,4.0,14.0,1.0,186
51199,1.0,,3,Mobile,2.0,15.0,0.0,127
51200,2.0,3.0,5,Laptop & Accessory,1.0,17.0,1.0,164
51201,15.0,2.0,3,Mobile Phone,1.0,13.0,1.0,140
51202,0.0,2.0,4,Laptop & Accessory,2.0,12.0,2.0,199
51203,19.0,2.0,1,Grocery,,12.0,1.0,232
51204,0.0,2.0,4,Laptop & Accessory,5.0,21.0,4.0,135
51205,2.0,,4,Mobile,1.0,11.0,1.0,128
51206,16.0,2.0,4,Others,6.0,,3.0,294
51207,21.0,3.0,4,Others,12.0,,3.0,297
51208,0.0,3.0,4,Mobile,1.0,24.0,1.0,124
51209,9.0,3.0,3,Fashion,1.0,21.0,0.0,173
51210,0.0,3.0,4,Mobile Phone,7.0,19.0,7.0,148
51211,12.0,2.0,3,Laptop & Accessory,2.0,14.0,1.0,139
51212,28.0,,4,Mobile,1.0,20.0,0.0,127
51213,1.0,,3,Mobile,1.0,19.0,1.0,129
51214,0.0,2.0,3,Mobile Phone,1.0,13.0,0.0,111
51215,0.0,3.0,3,Mobile,1.0,23.0,1.0,125
51216,9.0,3.0,4,Laptop & Accessory,1.0,13.0,1.0,157
51217,4.0,2.0,3,Laptop & Accessory,1.0,11.0,0.0,142
51218,7.0,3.0,3,Fashion,1.0,13.0,0.0,197
51219,,2.0,3,Mobile,1.0,14.0,0.0,121
51220,10.0,3.0,3,Laptop & Accessory,1.0,22.0,0.0,143
51221,8.0,2.0,4,Laptop & Accessory,1.0,11.0,1.0,148
51222,18.0,3.0,4,Laptop & Accessory,3.0,13.0,0.0,159
51223,9.0,3.0,4,Laptop & Accessory,1.0,21.0,1.0,139
51224,13.0,3.0,3,Grocery,11.0,11.0,,268
51225,0.0,,4,Mobile,1.0,13.0,0.0,129
51226,0.0,2.0,1,Laptop & Accessory,1.0,14.0,0.0,165
51227,21.0,2.0,3,Grocery,4.0,11.0,,272
51228,17.0,3.0,1,Laptop & Accessory,2.0,15.0,2.0,150
51229,,2.0,5,Mobile,3.0,23.0,3.0,123
51230,19.0,3.0,3,Mobile,1.0,16.0,0.0,126
51231,9.0,2.0,4,Laptop & Accessory,1.0,16.0,1.0,155
51232,14.0,2.0,3,Laptop & Accessory,1.0,21.0,1.0,144
51233,15.0,2.0,3,Fashion,,13.0,3.0,233
51234,4.0,2.0,3,Laptop & Accessory,1.0,11.0,0.0,166
51235,7.0,3.0,4,Laptop & Accessory,1.0,12.0,0.0,181
51236,4.0,3.0,1,Mobile Phone,2.0,12.0,2.0,140
51237,0.0,3.0,1,Mobile,7.0,18.0,2.0,125
51238,18.0,2.0,3,Laptop & Accessory,1.0,12.0,1.0,154
51239,6.0,2.0,3,Laptop & Accessory,1.0,14.0,0.0,155
51240,1.0,2.0,4,Laptop & Accessory,1.0,12.0,0.0,168
51241,0.0,2.0,1,Mobile Phone,1.0,17.0,1.0,111
51242,12.0,2.0,5,Laptop & Accessory,1.0,19.0,0.0,157
51243,,2.0,3,Mobile,1.0,11.0,1.0,122
51244,7.0,2.0,4,Laptop & Accessory,6.0,15.0,3.0,157
51245,0.0,2.0,3,Laptop & Accessory,2.0,11.0,2.0,199
51246,20.0,3.0,3,Laptop & Accessory,1.0,18.0,0.0,155
51247,29.0,2.0,4,Laptop & Accessory,1.0,16.0,0.0,154
51248,12.0,2.0,3,Laptop & Accessory,7.0,25.0,4.0,152
51249,,2.0,4,Laptop & Accessory,1.0,16.0,1.0,121
51250,30.0,3.0,3,Grocery,1.0,13.0,,279
51251,0.0,2.0,1,Mobile,1.0,14.0,0.0,124
51252,11.0,3.0,3,Mobile Phone,1.0,19.0,1.0,148
51253,22.0,2.0,3,Others,4.0,15.0,,292
51254,15.0,3.0,3,Laptop & Accessory,1.0,12.0,0.0,151
51255,0.0,,4,Mobile,1.0,12.0,1.0,129
51256,8.0,3.0,3,Laptop & Accessory,1.0,16.0,0.0,0
51257,,2.0,3,Mobile,1.0,14.0,0.0,121
51258,4.0,,3,Mobile,2.0,13.0,0.0,131
51259,9.0,,1,Mobile,1.0,22.0,1.0,128
51260,7.0,2.0,3,Fashion,2.0,21.0,1.0,199
51261,7.0,2.0,3,Fashion,1.0,18.0,1.0,186
51262,0.0,,3,Mobile,7.0,13.0,3.0,129
51263,2.0,2.0,3,Laptop & Accessory,1.0,12.0,1.0,154
51264,5.0,2.0,3,Laptop & Accessory,1.0,18.0,0.0,167
51265,4.0,2.0,5,Laptop & Accessory,8.0,21.0,1.0,150
51266,0.0,2.0,4,Mobile,1.0,12.0,0.0,124
51267,11.0,,4,Mobile,1.0,14.0,0.0,129
51268,8.0,2.0,3,Laptop & Accessory,1.0,11.0,1.0,152
51269,0.0,2.0,3,Laptop & Accessory,1.0,14.0,0.0,141
51270,5.0,2.0,4,Laptop & Accessory,1.0,24.0,0.0,197
51271,0.0,3.0,3,Laptop & Accessory,1.0,11.0,0.0,156
51272,16.0,3.0,3,Fashion,2.0,13.0,2.0,204
51273,27.0,,3,Laptop & Accessory,2.0,11.0,0.0,129
51274,6.0,2.0,3,Laptop & Accessory,2.0,20.0,2.0,160
51275,16.0,1.0,3,Fashion,1.0,17.0,1.0,175
51276,11.0,,3,Mobile,1.0,11.0,1.0,130
51277,28.0,3.0,1,Others,1.0,,1.0,296
51278,4.0,2.0,5,Mobile Phone,1.0,11.0,1.0,111
51279,12.0,3.0,3,Grocery,,12.0,4.0,233
51280,15.0,2.0,4,Laptop & Accessory,3.0,12.0,2.0,143
51281,4.0,2.0,3,Fashion,4.0,20.0,3.0,210
51282,27.0,3.0,3,Laptop & Accessory,1.0,19.0,0.0,144
51283,0.0,2.0,4,Laptop & Accessory,1.0,12.0,1.0,146
51284,0.0,3.0,3,Mobile,1.0,13.0,1.0,126
51285,13.0,3.0,3,Laptop & Accessory,9.0,11.0,2.0,163
51286,13.0,3.0,3,Laptop & Accessory,5.0,14.0,1.0,157
51287,,2.0,3,Mobile,1.0,14.0,0.0,122
51288,3.0,3.0,3,Mobile Phone,1.0,13.0,0.0,137
51289,0.0,2.0,3,Mobile Phone,1.0,19.0,0.0,140
51290,20.0,2.0,3,Fashion,12.0,23.0,1.0,186
51291,,2.0,4,Mobile,1.0,12.0,0.0,120
51292,11.0,2.0,3,Laptop & Accessory,5.0,15.0,4.0,144
51293,4.0,,3,Mobile,1.0,19.0,1.0,131
51294,11.0,3.0,4,Laptop & Accessory,7.0,11.0,2.0,153
51295,15.0,2.0,3,Laptop & Accessory,1.0,17.0,0.0,154
51296,14.0,,3,Mobile,1.0,22.0,0.0,128
51297,20.0,3.0,3,Fashion,5.0,18.0,0.0,220
51298,8.0,2.0,3,Mobile,2.0,11.0,0.0,127
51299,0.0,3.0,3,Mobile,1.0,12.0,0.0,134
51300,8.0,2.0,3,Laptop & Accessory,1.0,19.0,0.0,151
51301,6.0,3.0,3,Laptop & Accessory,8.0,13.0,5.0,12
51302,5.0,,4,Mobile,4.0,13.0,3.0,128
51303,13.0,2.0,3,Mobile,1.0,19.0,0.0,124
51304,,3.0,4,Mobile,2.0,14.0,0.0,123
51305,12.0,2.0,3,Laptop & Accessory,1.0,13.0,1.0,141
51306,11.0,2.0,5,Fashion,,12.0,1.0,232
51307,5.0,2.0,3,Fashion,5.0,19.0,3.0,204
51308,10.0,2.0,1,Fashion,,25.0,0.0,237
51309,0.0,2.0,3,Laptop & Accessory,1.0,22.0,1.0,149
51310,25.0,2.0,3,Mobile,1.0,15.0,1.0,135
51311,17.0,2.0,3,Mobile,1.0,12.0,0.0,124
51312,0.0,2.0,3,Mobile,1.0,11.0,1.0,124
51313,12.0,2.0,3,Others,1.0,,0.0,294
51314,,2.0,3,Mobile Phone,1.0,19.0,1.0,118
51315,9.0,3.0,4,Fashion,3.0,19.0,3.0,176
51316,9.0,3.0,3,Laptop & Accessory,1.0,13.0,1.0,151
51317,29.0,2.0,3,Laptop & Accessory,1.0,21.0,0.0,163
51318,0.0,2.0,3,Mobile Phone,2.0,14.0,2.0,148
51319,15.0,2.0,3,Others,4.0,11.0,,289
51320,19.0,3.0,3,Mobile,9.0,11.0,6.0,123
51321,14.0,2.0,4,Grocery,,23.0,1.0,236
51322,7.0,3.0,4,Laptop & Accessory,1.0,21.0,1.0,167
51323,9.0,2.0,5,Laptop & Accessory,11.0,24.0,4.0,154
51324,14.0,2.0,4,Laptop & Accessory,1.0,11.0,0.0,189
51325,5.0,3.0,3,Mobile,1.0,14.0,1.0,124
51326,8.0,2.0,3,Fashion,1.0,16.0,1.0,188
51327,11.0,3.0,3,Laptop & Accessory,1.0,11.0,0.0,153
51328,13.0,3.0,3,Laptop & Accessory,1.0,12.0,1.0,167
51329,9.0,3.0,4,Laptop & Accessory,1.0,13.0,1.0,167
51330,18.0,2.0,3,Laptop & Accessory,1.0,15.0,1.0,149
51331,13.0,,4,Mobile,2.0,14.0,0.0,128
51332,8.0,3.0,3,Laptop & Accessory,1.0,14.0,1.0,157
51333,,3.0,3,Mobile,1.0,14.0,1.0,120
51334,8.0,,5,Mobile,1.0,12.0,0.0,130
51335,2.0,2.0,4,Laptop & Accessory,1.0,13.0,1.0,140
51336,2.0,3.0,4,Mobile Phone,1.0,14.0,0.0,138
51337,13.0,2.0,4,Fashion,2.0,13.0,0.0,209
51338,12.0,2.0,4,Grocery,9.0,11.0,1.0,220
51339,4.0,3.0,3,Laptop & Accessory,1.0,19.0,0.0,199
51340,0.0,,4,Mobile,1.0,18.0,0.0,130
51341,9.0,2.0,1,Laptop & Accessory,1.0,17.0,0.0,126
51342,12.0,2.0,4,Fashion,1.0,15.0,1.0,200
51343,0.0,2.0,1,Laptop & Accessory,1.0,20.0,1.0,161
51344,22.0,3.0,4,Laptop & Accessory,1.0,14.0,1.0,154
51345,7.0,2.0,1,Laptop & Accessory,1.0,12.0,0.0,144
51346,4.0,3.0,3,Laptop & Accessory,1.0,11.0,0.0,160
51347,22.0,3.0,4,Laptop & Accessory,1.0,23.0,0.0,151
51348,,3.0,4,Mobile,1.0,15.0,0.0,121
51349,6.0,,3,Mobile,3.0,11.0,2.0,129
51350,0.0,2.0,3,Mobile,2.0,12.0,1.0,135
51351,5.0,,3,Mobile,3.0,13.0,1.0,131
51352,30.0,,1,Mobile,1.0,20.0,0.0,127
51353,3.0,,3,Mobile,1.0,22.0,1.0,127
51354,11.0,2.0,4,Fashion,1.0,21.0,1.0,195
51355,9.0,3.0,3,Laptop & Accessory,7.0,13.0,0.0,152
51356,8.0,2.0,1,Mobile,1.0,13.0,1.0,124
51357,2.0,2.0,4,Laptop & Accessory,1.0,12.0,1.0,142
51358,4.0,,3,Mobile,4.0,17.0,3.0,129
51359,7.0,3.0,3,Mobile,1.0,11.0,0.0,127
51360,,2.0,4,Mobile,1.0,14.0,0.0,120
51361,2.0,2.0,1,Fashion,8.0,11.0,6.0,200
51362,5.0,3.0,1,Mobile,1.0,12.0,1.0,133
51363,0.0,,1,Mobile,1.0,13.0,0.0,129
51364,26.0,3.0,4,Grocery,,16.0,0.0,254
51365,11.0,2.0,3,Mobile Phone,1.0,11.0,0.0,139
51366,0.0,3.0,1,Laptop & Accessory,1.0,18.0,0.0,140
51367,0.0,2.0,4,Mobile,1.0,23.0,0.0,134
51368,7.0,2.0,3,Fashion,2.0,11.0,0.0,220
51369,,3.0,3,Mobile Phone,1.0,14.0,1.0,112
51370,0.0,,3,Mobile,1.0,11.0,0.0,130
51371,26.0,2.0,3,Others,4.0,11.0,,291
51372,0.0,3.0,5,Mobile Phone,6.0,22.0,0.0,139
51373,15.0,2.0,3,Laptop & Accessory,4.0,11.0,2.0,168
51374,17.0,2.0,4,Fashion,5.0,14.0,0.0,202
51375,19.0,2.0,3,Others,2.0,12.0,,289
51376,6.0,3.0,3,Mobile,1.0,11.0,0.0,125
51377,17.0,2.0,3,Laptop & Accessory,1.0,13.0,0.0,165
51378,,2.0,4,Mobile,1.0,13.0,0.0,122
51379,,2.0,3,Laptop & Accessory,1.0,14.0,0.0,121
51380,,3.0,3,Mobile,2.0,16.0,0.0,123
51381,16.0,3.0,1,Mobile,1.0,12.0,1.0,126
51382,13.0,,4,Mobile,1.0,14.0,1.0,127
51383,,3.0,3,Mobile,2.0,13.0,2.0,120
51384,9.0,2.0,4,Mobile,1.0,14.0,1.0,134
51385,6.0,2.0,1,Laptop & Accessory,1.0,19.0,0.0,154
51386,,3.0,3,Mobile,1.0,12.0,1.0,120
51387,0.0,2.0,3,Mobile,1.0,13.0,1.0,123
51388,,2.0,5,Mobile,1.0,12.0,0.0,123
51389,0.0,2.0,3,Fashion,1.0,15.0,1.0,187
51390,3.0,2.0,3,Laptop & Accessory,3.0,23.0,1.0,140
51391,4.0,2.0,3,Others,15.0,,1.0,295
51392,7.0,3.0,3,Laptop & Accessory,8.0,20.0,0.0,146
51393,10.0,,3,Mobile,1.0,21.0,0.0,130
51394,19.0,3.0,3,Laptop & Accessory,1.0,21.0,1.0,158
51395,,2.0,1,Mobile,1.0,19.0,1.0,123
51396,11.0,3.0,4,Fashion,1.0,13.0,0.0,154
51397,0.0,2.0,3,Mobile,2.0,13.0,0.0,134
51398,17.0,3.0,3,Laptop & Accessory,1.0,21.0,1.0,155
51399,8.0,3.0,4,Fashion,2.0,13.0,1.0,199
51400,0.0,2.0,4,Laptop & Accessory,1.0,19.0,0.0,142
51401,6.0,3.0,3,Fashion,,12.0,3.0,235
51402,8.0,3.0,3,Fashion,1.0,22.0,0.0,191
51403,8.0,1.0,3,Mobile Phone,2.0,15.0,0.0,140
51404,4.0,2.0,3,Laptop & Accessory,1.0,22.0,0.0,159
51405,10.0,2.0,4,Laptop & Accessory,1.0,18.0,0.0,160
51406,5.0,2.0,3,Laptop & Accessory,7.0,22.0,5.0,162
51407,11.0,2.0,3,Laptop & Accessory,9.0,11.0,6.0,124
51408,23.0,2.0,4,Others,13.0,12.0,,287
51409,30.0,4.0,3,Fashion,7.0,11.0,6.0,176
51410,9.0,2.0,3,Fashion,12.0,13.0,7.0,201
51411,28.0,2.0,3,Grocery,,14.0,1.0,248
51412,9.0,3.0,4,Laptop & Accessory,1.0,13.0,1.0,165
51413,18.0,2.0,3,Fashion,1.0,17.0,0.0,197
51414,,3.0,3,Mobile,1.0,13.0,0.0,122
51415,0.0,3.0,4,Mobile,1.0,17.0,1.0,134
51416,30.0,2.0,4,Laptop & Accessory,1.0,11.0,1.0,155
51417,2.0,,3,Mobile,1.0,23.0,1.0,127
51418,4.0,2.0,3,Mobile,1.0,17.0,1.0,125
51419,5.0,3.0,3,Laptop & Accessory,1.0,17.0,1.0,162
51420,9.0,,1,Mobile,1.0,12.0,0.0,130
51421,4.0,3.0,3,Laptop & Accessory,1.0,23.0,1.0,144
51422,8.0,2.0,4,Laptop & Accessory,2.0,14.0,1.0,143
51423,18.0,2.0,3,Fashion,,14.0,1.0,232
51424,10.0,1.0,3,Fashion,,13.0,0.0,237
51425,19.0,3.0,3,Laptop & Accessory,1.0,22.0,1.0,150
51426,3.0,2.0,4,Laptop & Accessory,3.0,12.0,1.0,151
51427,8.0,,4,Mobile,1.0,18.0,1.0,129
51428,28.0,3.0,3,Fashion,1.0,14.0,0.0,202
51429,11.0,3.0,5,Laptop & Accessory,1.0,12.0,0.0,153
51430,7.0,3.0,3,Laptop & Accessory,1.0,15.0,1.0,143
51431,29.0,2.0,5,Fashion,1.0,11.0,0.0,173
51432,0.0,3.0,3,Mobile,1.0,13.0,1.0,123
51433,,3.0,3,Mobile,1.0,23.0,1.0,121
51434,3.0,4.0,4,Laptop & Accessory,10.0,19.0,3.0,142
51435,9.0,3.0,4,Fashion,4.0,16.0,3.0,196
51436,13.0,3.0,4,Grocery,,22.0,5.0,235
51437,24.0,3.0,3,Laptop & Accessory,1.0,22.0,0.0,154
51438,3.0,3.0,4,Laptop & Accessory,2.0,12.0,2.0,152
51439,19.0,2.0,4,Fashion,9.0,13.0,4.0,207
51440,5.0,2.0,3,Laptop & Accessory,5.0,16.0,5.0,150
51441,27.0,2.0,3,Fashion,,12.0,0.0,235
51442,0.0,2.0,3,Laptop & Accessory,1.0,21.0,0.0,150
51443,1.0,2.0,3,Laptop & Accessory,1.0,15.0,0.0,142
51444,30.0,2.0,3,Grocery,,13.0,0.0,239
51445,,3.0,3,Laptop & Accessory,1.0,12.0,0.0,120
51446,,3.0,3,Mobile,1.0,22.0,0.0,121
51447,5.0,,3,Mobile,1.0,13.0,0.0,130
51448,0.0,,4,Mobile,1.0,18.0,0.0,129
51449,7.0,2.0,3,Laptop & Accessory,2.0,14.0,0.0,148
51450,10.0,3.0,4,Laptop & Accessory,1.0,14.0,1.0,152
51451,30.0,2.0,4,Others,2.0,21.0,,288
51452,23.0,3.0,3,Others,1.0,19.0,,282
51453,0.0,2.0,4,Laptop & Accessory,1.0,11.0,0.0,157
51454,0.0,,4,Mobile,2.0,11.0,0.0,129
51455,0.0,,3,Mobile,1.0,15.0,1.0,129
51456,24.0,1.0,4,Fashion,12.0,20.0,4.0,175
51457,0.0,3.0,5,Laptop & Accessory,1.0,24.0,1.0,161
51458,27.0,1.0,1,Grocery,4.0,12.0,,273
51459,0.0,,3,Mobile,1.0,12.0,0.0,128
51460,7.0,2.0,4,Laptop & Accessory,1.0,15.0,1.0,145
51461,10.0,2.0,3,Fashion,1.0,12.0,0.0,174
51462,7.0,2.0,4,Fashion,5.0,12.0,2.0,216
51463,9.0,3.0,3,Fashion,2.0,14.0,0.0,197
51464,9.0,,3,Mobile,1.0,22.0,0.0,128
51465,16.0,3.0,3,Grocery,4.0,12.0,,270
51466,3.0,3.0,5,Mobile,1.0,25.0,0.0,126
51467,6.0,3.0,3,Laptop & Accessory,1.0,13.0,0.0,161
51468,19.0,3.0,3,Mobile Phone,4.0,18.0,3.0,150
51469,24.0,2.0,3,Others,15.0,,8.0,295
51470,0.0,3.0,5,Laptop & Accessory,7.0,18.0,0.0,162
51471,0.0,2.0,4,Mobile,4.0,19.0,2.0,124
51472,20.0,3.0,3,Fashion,15.0,12.0,7.0,203
51473,,2.0,3,Mobile Phone,1.0,19.0,1.0,117
51474,0.0,3.0,3,Mobile,2.0,14.0,2.0,125
51475,22.0,3.0,3,Laptop & Accessory,5.0,14.0,5.0,166
51476,16.0,3.0,1,Mobile Phone,1.0,12.0,0.0,147
51477,23.0,3.0,3,Fashion,2.0,11.0,1.0,192
51478,0.0,3.0,5,Laptop & Accessory,2.0,11.0,0.0,146
51479,14.0,3.0,3,Fashion,1.0,13.0,0.0,182
51480,0.0,,3,Mobile,5.0,23.0,2.0,129
51481,9.0,2.0,3,Laptop & Accessory,1.0,20.0,0.0,149
51482,14.0,2.0,5,Fashion,1.0,15.0,1.0,207
51483,12.0,2.0,4,Laptop & Accessory,5.0,14.0,5.0,159
51484,0.0,2.0,4,Laptop & Accessory,2.0,18.0,1.0,186
51485,3.0,2.0,3,Laptop & Accessory,4.0,19.0,4.0,163
51486,0.0,2.0,3,Mobile Phone,1.0,22.0,1.0,142
51487,18.0,2.0,3,Mobile,1.0,13.0,1.0,135
51488,11.0,2.0,3,Laptop & Accessory,2.0,20.0,2.0,143
51489,3.0,3.0,3,Mobile,1.0,14.0,1.0,126
51490,5.0,2.0,5,Laptop & Accessory,1.0,17.0,0.0,147
51491,3.0,2.0,3,Mobile,2.0,14.0,0.0,132
51492,3.0,,4,Mobile,1.0,13.0,0.0,127
51493,14.0,3.0,4,Grocery,7.0,13.0,,272
51494,,3.0,3,Mobile,1.0,21.0,0.0,122
51495,,3.0,3,Mobile Phone,1.0,14.0,1.0,115
51496,13.0,2.0,3,Laptop & Accessory,2.0,11.0,0.0,156
51497,8.0,3.0,3,Fashion,1.0,13.0,0.0,173
51498,,2.0,3,Laptop & Accessory,4.0,20.0,0.0,123
51499,18.0,2.0,3,Laptop & Accessory,1.0,18.0,1.0,123
51500,5.0,2.0,3,Fashion,3.0,14.0,2.0,190
51501,2.0,2.0,3,Laptop & Accessory,1.0,13.0,0.0,143
51502,24.0,2.0,4,Laptop & Accessory,1.0,17.0,1.0,161
51503,30.0,3.0,4,Mobile,1.0,20.0,1.0,133
51504,13.0,3.0,4,Fashion,2.0,11.0,1.0,209
51505,,3.0,3,Mobile,1.0,18.0,0.0,122
51506,0.0,3.0,3,Mobile,2.0,24.0,2.0,123
51507,,2.0,3,Mobile,2.0,18.0,2.0,120
51508,1.0,,3,Mobile,1.0,11.0,0.0,127
51509,30.0,2.0,1,Fashion,1.0,16.0,1.0,194
51510,0.0,3.0,4,Mobile,1.0,15.0,0.0,126
51511,23.0,2.0,3,Others,4.0,,0.0,299
51512,14.0,2.0,3,Mobile,1.0,12.0,1.0,125
51513,3.0,2.0,3,Fashion,7.0,12.0,1.0,194
51514,11.0,2.0,4,Laptop & Accessory,1.0,22.0,0.0,187
51515,5.0,,3,Mobile,1.0,20.0,0.0,130
51516,0.0,,3,Mobile,1.0,16.0,0.0,131
51517,0.0,3.0,5,Mobile,1.0,21.0,1.0,123
51518,,1.0,3,Mobile,7.0,12.0,2.0,121
51519,3.0,,3,Laptop & Accessory,6.0,11.0,5.0,131
51520,18.0,1.0,3,Laptop & Accessory,1.0,11.0,0.0,150
51521,29.0,3.0,3,Mobile Phone,2.0,18.0,2.0,143
51522,6.0,2.0,3,Mobile,1.0,14.0,1.0,125
51523,0.0,2.0,4,Mobile Phone,1.0,22.0,1.0,111
51524,19.0,3.0,3,Fashion,15.0,25.0,8.0,205
51525,,3.0,3,Mobile,2.0,12.0,1.0,123
51526,4.0,3.0,3,Mobile Phone,1.0,23.0,1.0,139
51527,,3.0,3,Mobile,1.0,15.0,0.0,123
51528,4.0,,3,Mobile,1.0,22.0,0.0,131
51529,23.0,2.0,4,Mobile Phone,1.0,15.0,1.0,137
51530,26.0,2.0,1,Laptop & Accessory,1.0,11.0,1.0,145
51531,6.0,,3,Mobile,1.0,13.0,1.0,128
51532,13.0,2.0,3,Others,9.0,14.0,,290
51533,28.0,3.0,1,Others,2.0,11.0,,287
51534,7.0,2.0,4,Laptop & Accessory,1.0,17.0,0.0,195
51535,24.0,3.0,3,Grocery,,18.0,1.0,237
51536,25.0,3.0,4,Others,11.0,,7.0,300
51537,,4.0,3,Mobile,1.0,16.0,0.0,123
51538,0.0,2.0,4,Laptop & Accessory,1.0,13.0,1.0,159
51539,,2.0,1,Mobile,2.0,14.0,1.0,121
51540,18.0,3.0,4,Grocery,11.0,23.0,,268
51541,10.0,3.0,1,Mobile Phone,1.0,12.0,1.0,136
51542,8.0,2.0,3,Laptop & Accessory,1.0,11.0,0.0,144
51543,15.0,2.0,3,Laptop & Accessory,1.0,16.0,0.0,153
51544,11.0,2.0,3,Laptop & Accessory,1.0,14.0,1.0,166
51545,11.0,2.0,3,Laptop & Accessory,1.0,18.0,0.0,163
51546,0.0,2.0,4,Laptop & Accessory,2.0,19.0,2.0,143
51547,22.0,3.0,3,Laptop & Accessory,1.0,15.0,0.0,168
51548,7.0,2.0,3,Mobile Phone,2.0,17.0,2.0,138
51549,13.0,,3,Laptop & Accessory,3.0,15.0,3.0,127
51550,1.0,3.0,3,Laptop & Accessory,1.0,19.0,1.0,167
51551,0.0,2.0,3,Fashion,1.0,22.0,0.0,176
51552,0.0,2.0,1,Mobile,2.0,16.0,2.0,123
51553,,3.0,3,Mobile,1.0,13.0,0.0,122
51554,13.0,3.0,4,Laptop & Accessory,1.0,14.0,0.0,149
51555,19.0,3.0,3,Fashion,1.0,16.0,0.0,194
51556,0.0,2.0,5,Fashion,9.0,11.0,6.0,204
51557,3.0,2.0,4,Fashion,5.0,22.0,4.0,185
51558,0.0,2.0,3,Laptop & Accessory,1.0,14.0,1.0,200
51559,24.0,2.0,4,Fashion,4.0,16.0,2.0,225
51560,0.0,2.0,3,Mobile,1.0,11.0,0.0,127
51561,14.0,3.0,3,Fashion,,18.0,0.0,236
51562,0.0,2.0,4,Laptop & Accessory,1.0,15.0,1.0,167
51563,,2.0,3,Mobile,1.0,14.0,0.0,121
51564,18.0,2.0,4,Fashion,12.0,12.0,5.0,189
51565,27.0,2.0,3,Laptop & Accessory,1.0,14.0,1.0,159
51566,9.0,3.0,3,Laptop & Accessory,3.0,16.0,2.0,159
51567,6.0,2.0,4,Mobile,1.0,21.0,0.0,126
51568,10.0,2.0,3,Fashion,1.0,14.0,1.0,222
51569,11.0,3.0,3,Fashion,5.0,12.0,1.0,206
51570,4.0,2.0,5,Laptop & Accessory,1.0,12.0,0.0,143
51571,,3.0,4,Mobile,1.0,17.0,0.0,122
51572,10.0,,3,Mobile,5.0,17.0,3.0,128
51573,2.0,2.0,3,Fashion,4.0,14.0,4.0,179
51574,8.0,3.0,3,Fashion,1.0,14.0,1.0,188
51575,0.0,2.0,4,Mobile,1.0,13.0,0.0,124
51576,25.0,2.0,4,Mobile,2.0,15.0,2.0,132
51577,15.0,2.0,3,Others,11.0,,0.0,292
51578,,2.0,3,Mobile,2.0,17.0,0.0,123
51579,23.0,3.0,3,Others,1.0,,1.0,295
51580,0.0,2.0,3,Mobile,1.0,13.0,1.0,124
51581,16.0,3.0,3,Grocery,,22.0,0.0,261
51582,0.0,,3,Mobile,1.0,20.0,1.0,127
51583,25.0,3.0,4,Others,15.0,18.0,,291
51584,5.0,2.0,3,Mobile Phone,1.0,11.0,1.0,139
51585,0.0,3.0,4,Mobile Phone,1.0,14.0,0.0,137
51586,,3.0,3,Mobile,1.0,14.0,1.0,122
51587,5.0,3.0,3,Laptop & Accessory,2.0,18.0,2.0,145
51588,14.0,,3,Laptop & Accessory,1.0,16.0,0.0,131
51589,13.0,3.0,3,Laptop & Accessory,4.0,17.0,2.0,133
51590,18.0,3.0,1,Others,1.0,,1.0,292
51591,4.0,3.0,3,Fashion,,12.0,2.0,237
51592,6.0,,4,Mobile,1.0,13.0,0.0,129
51593,7.0,2.0,4,Laptop & Accessory,5.0,13.0,0.0,160
51594,10.0,2.0,4,Mobile Phone,1.0,14.0,0.0,139
51595,18.0,3.0,1,Laptop & Accessory,1.0,17.0,1.0,164
51596,0.0,3.0,3,Fashion,1.0,11.0,0.0,200
51597,12.0,3.0,3,Fashion,11.0,25.0,6.0,209
51598,2.0,2.0,3,Mobile,1.0,19.0,1.0,123
51599,15.0,2.0,1,Laptop & Accessory,1.0,13.0,1.0,165
51600,2.0,2.0,3,Laptop & Accessory,1.0,14.0,1.0,169
51601,0.0,3.0,3,Laptop & Accessory,1.0,12.0,1.0,149
51602,15.0,2.0,4,Mobile,7.0,11.0,7.0,126
51603,13.0,2.0,3,Others,3.0,,3.0,294
51604,24.0,,3,Mobile,1.0,11.0,1.0,127
51605,0.0,3.0,4,Mobile,1.0,11.0,0.0,135
51606,5.0,,1,Mobile,1.0,20.0,0.0,128
51607,11.0,2.0,4,Laptop & Accessory,7.0,18.0,1.0,152
51608,,2.0,4,Laptop & Accessory,1.0,13.0,0.0,122
51609,19.0,3.0,5,Grocery,7.0,12.0,,269
51610,0.0,3.0,3,Mobile,1.0,11.0,0.0,135
51611,2.0,3.0,4,Laptop & Accessory,1.0,19.0,1.0,166
51612,4.0,3.0,4,Laptop & Accessory,7.0,21.0,0.0,156
51613,0.0,2.0,1,Laptop & Accessory,1.0,12.0,1.0,140
51614,18.0,3.0,3,Grocery,,14.0,2.0,235
51615,9.0,2.0,3,Mobile,10.0,11.0,1.0,132
51616,28.0,2.0,3,Others,4.0,14.0,,290
51617,10.0,2.0,3,Fashion,9.0,12.0,4.0,218
51618,,3.0,3,Mobile,1.0,23.0,1.0,121
51619,10.0,3.0,3,Laptop & Accessory,1.0,14.0,1.0,165
51620,0.0,3.0,4,Mobile,1.0,17.0,1.0,132
51621,10.0,3.0,3,Fashion,,18.0,0.0,236
51622,8.0,3.0,1,Fashion,6.0,18.0,5.0,220
51623,11.0,2.0,1,Laptop & Accessory,7.0,24.0,4.0,156
51624,0.0,2.0,3,Laptop & Accessory,1.0,20.0,1.0,164
51625,23.0,3.0,3,Others,1.0,14.0,,291
51626,26.0,2.0,3,Grocery,1.0,16.0,,276
51627,15.0,1.0,3,Laptop & Accessory,11.0,25.0,6.0,149
51628,2.0,2.0,3,Laptop & Accessory,1.0,18.0,0.0,146
51629,28.0,2.0,3,Laptop & Accessory,1.0,19.0,0.0,154
51630,0.0,2.0,3,Laptop & Accessory,3.0,13.0,1.0,147
51631,,2.0,3,Mobile,5.0,12.0,1.0,121
51632,7.0,,3,Mobile,1.0,22.0,0.0,132
51633,11.0,2.0,3,Laptop & Accessory,1.0,14.0,0.0,157
51634,0.0,2.0,3,Mobile,1.0,13.0,1.0,124
51635,1.0,3.0,3,Mobile,1.0,21.0,1.0,133
51636,22.0,2.0,3,Others,1.0,11.0,,287
51637,9.0,1.0,3,Laptop & Accessory,7.0,12.0,2.0,145
51638,4.0,,3,Mobile,2.0,11.0,0.0,128
51639,0.0,2.0,4,Laptop & Accessory,7.0,12.0,4.0,158
51640,10.0,2.0,3,Mobile,1.0,12.0,0.0,123
51641,15.0,3.0,3,Grocery,,14.0,3.0,235
51642,,2.0,3,Mobile Phone,1.0,13.0,1.0,114
51643,8.0,3.0,3,Fashion,6.0,15.0,3.0,180
51644,9.0,2.0,1,Mobile Phone,1.0,18.0,1.0,137
51645,24.0,2.0,5,Laptop & Accessory,1.0,18.0,0.0,155
51646,14.0,2.0,3,Grocery,,19.0,1.0,260
51647,,3.0,4,Mobile Phone,1.0,12.0,0.0,112
51648,1.0,3.0,1,Laptop & Accessory,1.0,19.0,0.0,157
51649,4.0,3.0,1,Laptop & Accessory,7.0,11.0,3.0,169
51650,12.0,2.0,1,Fashion,3.0,17.0,1.0,196
51651,9.0,2.0,3,Laptop & Accessory,1.0,15.0,1.0,157
51652,5.0,3.0,4,Laptop & Accessory,4.0,14.0,3.0,155
51653,11.0,2.0,4,Fashion,1.0,17.0,0.0,221
51654,30.0,2.0,5,Laptop & Accessory,1.0,13.0,1.0,157
51655,4.0,2.0,3,Mobile Phone,1.0,12.0,1.0,148
51656,4.0,3.0,4,Laptop & Accessory,1.0,12.0,0.0,164
51657,18.0,3.0,3,Fashion,9.0,18.0,2.0,152
51658,4.0,,3,Mobile,2.0,18.0,2.0,127
51659,6.0,3.0,3,Fashion,8.0,11.0,7.0,219
51660,0.0,3.0,3,Grocery,11.0,14.0,,271
51661,16.0,2.0,3,Mobile,1.0,19.0,0.0,125
51662,22.0,2.0,4,Grocery,,12.0,0.0,240
51663,15.0,2.0,4,Laptop & Accessory,7.0,15.0,7.0,149
51664,0.0,2.0,3,Mobile,1.0,12.0,0.0,125
51665,5.0,3.0,4,Laptop & Accessory,11.0,11.0,11.0,152
51666,0.0,3.0,3,Laptop & Accessory,1.0,11.0,0.0,145
51667,4.0,3.0,3,Laptop & Accessory,1.0,12.0,0.0,175
51668,5.0,3.0,1,Laptop & Accessory,1.0,16.0,0.0,151
51669,0.0,2.0,5,Mobile,2.0,13.0,1.0,135
51670,3.0,3.0,3,Laptop & Accessory,1.0,13.0,1.0,158
51671,4.0,2.0,4,Fashion,8.0,24.0,7.0,189
51672,12.0,2.0,4,Others,13.0,,6.0,293
51673,2.0,2.0,3,Laptop & Accessory,1.0,18.0,1.0,152
51674,6.0,2.0,4,Laptop & Accessory,1.0,14.0,1.0,147
51675,20.0,2.0,3,Others,1.0,11.0,,283
51676,16.0,2.0,4,Laptop & Accessory,1.0,11.0,1.0,153
51677,0.0,3.0,3,Laptop & Accessory,1.0,13.0,0.0,163
51678,27.0,2.0,3,Laptop & Accessory,1.0,12.0,0.0,149
51679,16.0,2.0,3,Fashion,1.0,16.0,1.0,200
51680,18.0,3.0,3,Laptop & Accessory,9.0,14.0,8.0,137
51681,13.0,2.0,5,Laptop & Accessory,1.0,22.0,1.0,175
51682,,3.0,5,Mobile,1.0,11.0,0.0,121
51683,2.0,1.0,4,Mobile Phone,2.0,17.0,1.0,140
51684,3.0,1.0,4,Laptop & Accessory,1.0,13.0,1.0,161
51685,0.0,2.0,3,Laptop & Accessory,1.0,18.0,0.0,162
51686,10.0,3.0,3,Laptop & Accessory,1.0,16.0,1.0,163
51687,11.0,3.0,4,Fashion,2.0,14.0,2.0,215
51688,4.0,2.0,3,Fashion,4.0,14.0,4.0,171
51689,2.0,2.0,4,Laptop & Accessory,1.0,14.0,1.0,183
51690,8.0,3.0,3,Fashion,1.0,13.0,1.0,181
51691,0.0,,3,Mobile,1.0,12.0,0.0,129
51692,14.0,3.0,4,Laptop & Accessory,1.0,15.0,1.0,160
51693,20.0,,3,Laptop & Accessory,1.0,19.0,0.0,130
51694,15.0,2.0,3,Grocery,,14.0,0.0,260
51695,2.0,3.0,3,Laptop & Accessory,1.0,14.0,1.0,146
51696,15.0,,3,Mobile,1.0,11.0,1.0,127
51697,5.0,3.0,3,Mobile,1.0,13.0,0.0,124
51698,21.0,3.0,3,Fashion,1.0,21.0,0.0,225
51699,10.0,2.0,1,Laptop & Accessory,6.0,13.0,6.0,160
51700,3.0,2.0,3,Laptop & Accessory,2.0,12.0,2.0,147
51701,0.0,2.0,3,Laptop & Accessory,7.0,17.0,0.0,153
51702,15.0,3.0,4,Laptop & Accessory,1.0,23.0,1.0,168
51703,,3.0,4,Mobile,1.0,11.0,1.0,122
51704,9.0,2.0,3,Laptop & Accessory,1.0,15.0,1.0,167
51705,9.0,2.0,4,Fashion,1.0,11.0,0.0,197
51706,30.0,2.0,3,Laptop & Accessory,1.0,11.0,0.0,168
51707,,2.0,1,Mobile,1.0,13.0,0.0,122
51708,0.0,2.0,3,Mobile,2.0,24.0,2.0,126
51709,0.0,,3,Mobile,1.0,13.0,0.0,129
51710,10.0,3.0,3,Mobile,1.0,20.0,1.0,135
51711,19.0,1.0,3,Laptop & Accessory,1.0,14.0,1.0,153
51712,4.0,2.0,3,Laptop & Accessory,7.0,18.0,4.0,194
51713,23.0,3.0,4,Fashion,1.0,15.0,1.0,205
51714,3.0,3.0,4,Laptop & Accessory,1.0,12.0,1.0,164
51715,4.0,2.0,4,Mobile,2.0,16.0,2.0,127
51716,0.0,,1,Mobile,1.0,15.0,0.0,127
51717,,2.0,3,Mobile,1.0,16.0,0.0,122
51718,8.0,3.0,4,Laptop & Accessory,1.0,19.0,0.0,165
51719,0.0,2.0,3,Mobile Phone,1.0,11.0,0.0,138
51720,1.0,3.0,3,Laptop & Accessory,1.0,16.0,1.0,153
51721,22.0,2.0,4,Fashion,1.0,24.0,1.0,210
51722,24.0,2.0,3,Laptop & Accessory,1.0,11.0,1.0,149
51723,9.0,3.0,3,Mobile,2.0,13.0,2.0,125
51724,0.0,3.0,1,Laptop & Accessory,1.0,13.0,0.0,153
51725,28.0,3.0,3,Grocery,1.0,13.0,,267
51726,0.0,3.0,3,Laptop & Accessory,1.0,12.0,0.0,143
51727,3.0,3.0,3,Mobile,1.0,18.0,1.0,125
51728,0.0,,3,Mobile,1.0,22.0,0.0,131
51729,,2.0,3,Mobile,1.0,13.0,1.0,122
51730,9.0,3.0,4,Fashion,9.0,13.0,8.0,176
51731,,2.0,3,Mobile,1.0,23.0,1.0,123
51732,10.0,,3,Mobile,12.0,12.0,10.0,130
51733,13.0,2.0,3,Laptop & Accessory,1.0,12.0,0.0,157
51734,15.0,3.0,3,Mobile,1.0,16.0,0.0,126
51735,10.0,2.0,3,Laptop & Accessory,1.0,12.0,0.0,142
51736,16.0,2.0,4,Grocery,,11.0,3.0,243
51737,13.0,3.0,4,Laptop & Accessory,1.0,22.0,1.0,134
51738,27.0,2.0,3,Others,1.0,,1.0,294
51739,7.0,3.0,3,Laptop & Accessory,1.0,15.0,0.0,165
51740,4.0,2.0,3,Laptop & Accessory,3.0,12.0,3.0,143
51741,,3.0,3,Mobile,1.0,20.0,1.0,123
51742,16.0,3.0,3,Laptop & Accessory,1.0,14.0,1.0,145
51743,0.0,3.0,4,Laptop & Accessory,1.0,11.0,0.0,145
51744,10.0,3.0,3,Laptop & Accessory,10.0,15.0,4.0,144
51745,,3.0,4,Mobile,3.0,12.0,3.0,122
51746,12.0,2.0,3,Others,1.0,14.0,0.0,292
51747,29.0,2.0,1,Grocery,,11.0,6.0,232
51748,3.0,2.0,3,Laptop & Accessory,4.0,11.0,3.0,166
51749,14.0,2.0,1,Fashion,1.0,16.0,1.0,184
51750,1.0,3.0,3,Laptop & Accessory,1.0,12.0,0.0,146
51751,0.0,3.0,3,Mobile Phone,1.0,13.0,1.0,140
51752,25.0,2.0,4,Fashion,1.0,14.0,1.0,180
51753,18.0,3.0,3,Mobile,1.0,21.0,0.0,127
51754,25.0,1.0,3,Grocery,1.0,13.0,,266
51755,15.0,3.0,3,Laptop & Accessory,1.0,11.0,1.0,146
51756,3.0,2.0,5,Laptop & Accessory,1.0,20.0,1.0,161
51757,30.0,2.0,3,Others,11.0,,1.0,296
51758,19.0,2.0,3,Laptop & Accessory,1.0,14.0,1.0,148
51759,15.0,2.0,4,Laptop & Accessory,1.0,11.0,0.0,145
51760,0.0,3.0,3,Mobile,1.0,16.0,0.0,132
51761,0.0,2.0,5,Mobile,1.0,16.0,0.0,124
51762,,2.0,3,Mobile Phone,1.0,23.0,1.0,117
51763,13.0,3.0,3,Others,1.0,14.0,,280
51764,0.0,,3,Mobile,1.0,22.0,0.0,129
51765,,2.0,3,Mobile,1.0,15.0,1.0,121
51766,2.0,3.0,4,Fashion,1.0,18.0,0.0,219
51767,0.0,3.0,4,Mobile,1.0,16.0,1.0,125
51768,0.0,2.0,4,Mobile,1.0,12.0,0.0,126
51769,3.0,3.0,3,Fashion,7.0,11.0,3.0,184
51770,30.0,2.0,4,Grocery,,12.0,1.0,241
51771,23.0,2.0,4,Grocery,15.0,15.0,,270
51772,3.0,2.0,3,Mobile,6.0,14.0,1.0,126
51773,30.0,3.0,4,Fashion,13.0,19.0,3.0,203
51774,20.0,3.0,3,Laptop & Accessory,1.0,13.0,0.0,151
51775,19.0,2.0,3,Grocery,1.0,13.0,,279
51776,8.0,2.0,5,Mobile Phone,4.0,15.0,1.0,142
51777,27.0,2.0,3,Laptop & Accessory,1.0,11.0,0.0,138
51778,7.0,,4,Mobile,5.0,12.0,3.0,128
51779,5.0,3.0,4,Fashion,1.0,19.0,0.0,191
51780,4.0,2.0,3,Fashion,1.0,25.0,0.0,206
51781,0.0,2.0,3,Fashion,,12.0,3.0,236
51782,0.0,2.0,5,Mobile,1.0,13.0,0.0,134
51783,3.0,,3,Mobile,1.0,14.0,0.0,130
51784,8.0,3.0,3,Fashion,1.0,12.0,0.0,176
51785,0.0,3.0,3,Fashion,1.0,12.0,1.0,198
51786,0.0,2.0,3,Fashion,1.0,15.0,1.0,200
51787,,3.0,3,Mobile,2.0,17.0,0.0,121
51788,9.0,2.0,3,Fashion,9.0,14.0,8.0,200
51789,0.0,3.0,4,Mobile Phone,1.0,16.0,0.0,139
51790,21.0,2.0,3,Laptop & Accessory,6.0,14.0,6.0,141
51791,28.0,2.0,3,Grocery,7.0,23.0,,268
51792,14.0,2.0,3,Laptop & Accessory,1.0,14.0,0.0,162
51793,8.0,2.0,3,Laptop & Accessory,6.0,11.0,0.0,147
51794,13.0,3.0,3,Grocery,,15.0,4.0,232
51795,12.0,2.0,3,Mobile Phone,1.0,11.0,1.0,138
51796,4.0,3.0,3,Laptop & Accessory,1.0,13.0,1.0,166
51797,15.0,2.0,3,Fashion,5.0,21.0,5.0,174
51798,18.0,3.0,3,Laptop & Accessory,3.0,19.0,3.0,148
51799,0.0,,3,Mobile,1.0,11.0,0.0,127
51800,2.0,2.0,3,Laptop & Accessory,1.0,12.0,1.0,143
51801,6.0,3.0,1,Grocery,1.0,19.0,,262
51802,4.0,2.0,4,Fashion,1.0,21.0,1.0,216
51803,,3.0,3,Mobile Phone,1.0,14.0,1.0,119
51804,13.0,2.0,5,Fashion,1.0,15.0,0.0,209
51805,14.0,3.0,4,Laptop & Accessory,1.0,17.0,0.0,168
51806,0.0,2.0,3,Laptop & Accessory,1.0,12.0,0.0,143
51807,8.0,3.0,3,Laptop & Accessory,1.0,16.0,1.0,149
51808,7.0,3.0,1,Laptop & Accessory,5.0,12.0,0.0,153
51809,0.0,3.0,5,Mobile,1.0,18.0,0.0,123
51810,10.0,2.0,3,Fashion,1.0,17.0,1.0,175
51811,19.0,2.0,3,Fashion,1.0,11.0,0.0,205
51812,14.0,3.0,3,Grocery,11.0,16.0,,266
51813,10.0,3.0,3,Fashion,7.0,13.0,1.0,188
51814,25.0,3.0,3,Laptop & Accessory,6.0,12.0,2.0,156
51815,0.0,2.0,1,Laptop & Accessory,1.0,12.0,1.0,147
51816,0.0,2.0,3,Mobile,2.0,13.0,1.0,124
51817,11.0,3.0,3,Laptop & Accessory,1.0,19.0,0.0,198
51818,10.0,3.0,3,Laptop & Accessory,4.0,12.0,4.0,164
51819,22.0,2.0,4,Others,1.0,,1.0,295
51820,0.0,,1,Mobile,1.0,11.0,0.0,127
51821,0.0,3.0,3,Laptop & Accessory,1.0,20.0,0.0,163
51822,,3.0,4,Mobile,1.0,21.0,1.0,121
51823,23.0,3.0,3,Others,10.0,11.0,,282
51824,,2.0,3,Mobile,1.0,11.0,1.0,121
51825,0.0,,3,Mobile,1.0,16.0,0.0,129
51826,,3.0,4,Mobile,1.0,18.0,1.0,120
51827,7.0,2.0,4,Mobile Phone,1.0,13.0,1.0,136
51828,0.0,2.0,3,Laptop & Accessory,1.0,17.0,0.0,142
51829,8.0,2.0,4,Laptop & Accessory,1.0,14.0,1.0,137
51830,4.0,3.0,1,Laptop & Accessory,5.0,22.0,5.0,155
51831,,3.0,4,Mobile,1.0,12.0,0.0,122
51832,10.0,3.0,3,Laptop & Accessory,1.0,11.0,0.0,196
51833,0.0,,4,Mobile,1.0,13.0,0.0,128
51834,15.0,2.0,3,Laptop & Accessory,2.0,13.0,0.0,141
51835,16.0,2.0,4,Grocery,1.0,14.0,,266
51836,11.0,2.0,3,Mobile,1.0,17.0,0.0,126
51837,16.0,3.0,3,Laptop & Accessory,4.0,13.0,1.0,157
51838,21.0,2.0,4,Grocery,,11.0,0.0,254
51839,17.0,2.0,4,Laptop & Accessory,1.0,11.0,1.0,160
51840,7.0,2.0,3,Mobile,1.0,18.0,1.0,126
51841,0.0,,3,Mobile,1.0,11.0,1.0,130
51842,0.0,2.0,3,Mobile,1.0,11.0,0.0,134
51843,17.0,2.0,3,Others,1.0,,0.0,295
51844,0.0,,3,Mobile,2.0,20.0,1.0,128
51845,6.0,2.0,3,Laptop & Accessory,1.0,12.0,0.0,171
51846,5.0,3.0,3,Laptop & Accessory,1.0,12.0,1.0,163
51847,,3.0,3,Mobile,1.0,20.0,1.0,121
51848,26.0,2.0,3,Laptop & Accessory,8.0,20.0,4.0,184
51849,7.0,,3,Mobile,8.0,12.0,1.0,127
51850,8.0,3.0,3,Laptop & Accessory,1.0,14.0,0.0,143
51851,0.0,3.0,3,Mobile Phone,1.0,13.0,0.0,56
51852,10.0,2.0,3,Fashion,7.0,15.0,7.0,194
51853,2.0,3.0,3,Laptop & Accessory,1.0,14.0,0.0,156
51854,8.0,2.0,5,Laptop & Accessory,11.0,13.0,0.0,166
51855,6.0,1.0,3,Laptop & Accessory,4.0,23.0,3.0,177
51856,27.0,2.0,3,Fashion,7.0,15.0,2.0,207
51857,9.0,2.0,4,Laptop & Accessory,1.0,11.0,0.0,188
51858,,2.0,4,Mobile,1.0,13.0,1.0,120
51859,0.0,2.0,3,Mobile Phone,1.0,11.0,1.0,110
51860,0.0,3.0,3,Mobile,9.0,11.0,5.0,133
51861,,2.0,4,Mobile Phone,1.0,18.0,1.0,113
51862,0.0,,1,Mobile,1.0,16.0,0.0,128
51863,0.0,2.0,1,Laptop & Accessory,1.0,22.0,1.0,149
51864,11.0,2.0,4,Laptop & Accessory,1.0,20.0,1.0,140
51865,2.0,,5,Mobile,2.0,18.0,0.0,127
51866,21.0,2.0,1,Laptop & Accessory,2.0,12.0,0.0,181
51867,0.0,3.0,1,Laptop & Accessory,1.0,20.0,1.0,146
51868,10.0,3.0,1,Mobile Phone,1.0,17.0,1.0,147
51869,23.0,3.0,1,Mobile,3.0,11.0,0.0,132
51870,7.0,2.0,4,Fashion,7.0,14.0,4.0,186
51871,0.0,3.0,3,Laptop & Accessory,2.0,14.0,1.0,146
51872,12.0,3.0,4,Laptop & Accessory,11.0,11.0,1.0,146
51873,5.0,2.0,3,Laptop & Accessory,1.0,12.0,1.0,154
51874,13.0,2.0,3,Laptop & Accessory,1.0,14.0,0.0,168
51875,11.0,2.0,1,Laptop & Accessory,1.0,13.0,0.0,176
51876,0.0,3.0,3,Fashion,1.0,11.0,0.0,174
51877,5.0,2.0,3,Fashion,7.0,15.0,6.0,212
51878,20.0,2.0,3,Laptop & Accessory,1.0,12.0,1.0,150
51879,13.0,2.0,4,Fashion,1.0,21.0,0.0,205
51880,26.0,2.0,1,Grocery,,19.0,0.0,248
51881,14.0,3.0,4,Others,12.0,15.0,,291
51882,30.0,2.0,3,Laptop & Accessory,2.0,14.0,2.0,154
51883,0.0,2.0,3,Fashion,1.0,21.0,0.0,188
51884,14.0,2.0,4,Others,2.0,12.0,,292
51885,23.0,2.0,3,Mobile Phone,2.0,15.0,0.0,139
51886,,3.0,5,Mobile,3.0,13.0,1.0,122
51887,9.0,3.0,1,Fashion,1.0,14.0,0.0,217
51888,11.0,2.0,3,Fashion,1.0,14.0,0.0,179
51889,17.0,2.0,5,Mobile Phone,1.0,14.0,0.0,137
51890,20.0,2.0,3,Grocery,,12.0,1.0,238
51891,3.0,3.0,3,Laptop & Accessory,7.0,23.0,2.0,153
51892,2.0,3.0,3,Mobile,1.0,11.0,1.0,126
51893,5.0,,1,Mobile,2.0,12.0,0.0,128
51894,16.0,2.0,4,Laptop & Accessory,2.0,18.0,1.0,168
51895,7.0,3.0,3,Laptop & Accessory,4.0,11.0,0.0,161
51896,0.0,2.0,3,Mobile,1.0,14.0,1.0,125
51897,12.0,2.0,1,Laptop & Accessory,3.0,15.0,0.0,164
51898,29.0,2.0,3,Grocery,1.0,11.0,0.0,211
51899,13.0,2.0,4,Mobile,2.0,20.0,0.0,123
51900,0.0,2.0,4,Laptop & Accessory,1.0,19.0,1.0,168
51901,,2.0,3,Mobile,2.0,14.0,2.0,123
51902,26.0,2.0,3,Laptop & Accessory,2.0,17.0,2.0,125
51903,8.0,3.0,3,Laptop & Accessory,1.0,11.0,1.0,151
51904,5.0,3.0,3,Laptop & Accessory,4.0,15.0,1.0,153
51905,11.0,,3,Mobile,1.0,13.0,0.0,131
51906,7.0,2.0,3,Laptop & Accessory,1.0,14.0,1.0,151
51907,25.0,2.0,4,Grocery,1.0,11.0,,269
51908,0.0,,3,Mobile,7.0,13.0,6.0,127
51909,0.0,2.0,3,Laptop & Accessory,1.0,23.0,0.0,162
51910,18.0,2.0,5,Laptop & Accessory,3.0,13.0,1.0,166
51911,0.0,3.0,1,Mobile,1.0,18.0,0.0,135
51912,10.0,3.0,1,Laptop & Accessory,1.0,12.0,0.0,164
51913,7.0,2.0,3,Laptop & Accessory,1.0,22.0,0.0,163
51914,18.0,3.0,3,Others,1.0,,1.0,299
51915,9.0,3.0,4,Fashion,1.0,15.0,0.0,176
51916,25.0,2.0,3,Mobile Phone,1.0,18.0,1.0,143
51917,0.0,3.0,5,Mobile Phone,2.0,14.0,2.0,144
51918,2.0,3.0,3,Laptop & Accessory,1.0,12.0,0.0,143
51919,0.0,2.0,4,Laptop & Accessory,1.0,17.0,0.0,153
51920,7.0,3.0,1,Mobile,1.0,16.0,1.0,133
51921,27.0,3.0,3,Laptop & Accessory,1.0,11.0,0.0,155
51922,0.0,2.0,3,Laptop & Accessory,1.0,19.0,1.0,143
51923,10.0,,3,Mobile,4.0,13.0,4.0,128
51924,11.0,3.0,1,Laptop & Accessory,4.0,12.0,0.0,160
51925,7.0,2.0,4,Mobile Phone,1.0,11.0,1.0,144
51926,8.0,3.0,3,Mobile,1.0,16.0,1.0,126
51927,3.0,2.0,5,Mobile Phone,1.0,21.0,1.0,138
51928,13.0,2.0,1,Laptop & Accessory,3.0,24.0,0.0,142
51929,7.0,3.0,3,Laptop & Accessory,1.0,17.0,1.0,165
51930,15.0,3.0,3,Others,14.0,13.0,,284
51931,,3.0,1,Mobile Phone,1.0,21.0,0.0,116
51932,0.0,,4,Mobile,1.0,11.0,0.0,127
51933,25.0,,3,Laptop & Accessory,1.0,20.0,1.0,131
51934,23.0,3.0,3,Grocery,1.0,16.0,,276
51935,0.0,2.0,4,Mobile,1.0,11.0,0.0,123
51936,6.0,2.0,3,Fashion,3.0,11.0,1.0,217
51937,0.0,3.0,3,Laptop & Accessory,1.0,15.0,1.0,153
51938,20.0,2.0,3,Grocery,3.0,11.0,,268
51939,9.0,2.0,3,Laptop & Accessory,1.0,15.0,1.0,152
51940,2.0,,1,Mobile,1.0,24.0,1.0,127
51941,20.0,2.0,3,Others,13.0,,7.0,292
51942,8.0,2.0,1,Mobile,2.0,13.0,2.0,125
51943,15.0,2.0,4,Laptop & Accessory,1.0,13.0,0.0,161
51944,0.0,2.0,3,Mobile Phone,2.0,17.0,2.0,144
51945,,2.0,3,Mobile,1.0,13.0,1.0,121
51946,5.0,3.0,4,Laptop & Accessory,6.0,12.0,5.0,162
51947,13.0,2.0,4,Laptop & Accessory,1.0,14.0,0.0,151
51948,3.0,2.0,4,Laptop & Accessory,1.0,24.0,1.0,169
51949,,3.0,4,Mobile,1.0,14.0,1.0,123
51950,15.0,3.0,3,Laptop & Accessory,7.0,13.0,5.0,144
51951,11.0,0.0,4,Laptop & Accessory,1.0,15.0,1.0,163
51952,7.0,3.0,4,Mobile,1.0,16.0,1.0,126
51953,12.0,2.0,3,Fashion,7.0,18.0,0.0,177
51954,18.0,2.0,3,Laptop & Accessory,7.0,16.0,1.0,152
51955,16.0,3.0,3,Grocery,1.0,24.0,,272
51956,0.0,2.0,4,Fashion,1.0,16.0,1.0,228
51957,8.0,2.0,3,Fashion,1.0,21.0,0.0,202
51958,1.0,2.0,3,Laptop & Accessory,7.0,20.0,6.0,148
51959,7.0,2.0,3,Mobile Phone,1.0,19.0,1.0,137
51960,0.0,2.0,4,Mobile,1.0,14.0,0.0,124
51961,,2.0,3,Mobile Phone,1.0,11.0,0.0,117
51962,24.0,3.0,3,Grocery,4.0,14.0,,263
51963,17.0,2.0,3,Laptop & Accessory,2.0,12.0,1.0,159
51964,0.0,3.0,1,Mobile,1.0,13.0,0.0,134
51965,6.0,2.0,1,Laptop & Accessory,1.0,22.0,0.0,140
51966,8.0,2.0,4,Mobile,1.0,11.0,0.0,126
51967,9.0,2.0,3,Laptop & Accessory,4.0,14.0,3.0,162
51968,5.0,3.0,3,Laptop & Accessory,1.0,11.0,0.0,144
51969,3.0,3.0,4,Mobile Phone,1.0,12.0,0.0,138
51970,26.0,3.0,4,Fashion,1.0,18.0,0.0,209
51971,18.0,3.0,3,Fashion,1.0,12.0,0.0,208
51972,5.0,3.0,1,Laptop & Accessory,1.0,12.0,1.0,152
51973,25.0,2.0,4,Grocery,,22.0,0.0,238
51974,10.0,3.0,4,Laptop & Accessory,1.0,19.0,1.0,163
51975,1.0,3.0,4,Mobile Phone,1.0,13.0,1.0,149
51976,0.0,2.0,4,Laptop & Accessory,2.0,22.0,2.0,148
51977,17.0,,1,Mobile,1.0,24.0,1.0,128
51978,15.0,2.0,3,Mobile,2.0,14.0,1.0,125
51979,9.0,3.0,4,Mobile,1.0,21.0,0.0,123
51980,0.0,3.0,3,Laptop & Accessory,1.0,18.0,0.0,142
51981,8.0,3.0,4,Fashion,5.0,20.0,3.0,207
51982,,3.0,3,Mobile,7.0,19.0,6.0,120
51983,5.0,3.0,3,Mobile,1.0,12.0,1.0,123
51984,0.0,2.0,4,Laptop & Accessory,1.0,12.0,1.0,143
51985,22.0,2.0,3,Mobile Phone,1.0,16.0,0.0,136
51986,0.0,2.0,4,Mobile,3.0,17.0,0.0,132
51987,5.0,2.0,3,Laptop & Accessory,5.0,14.0,2.0,165
51988,11.0,,4,Mobile,1.0,19.0,0.0,129
51989,15.0,3.0,1,Laptop & Accessory,1.0,13.0,1.0,152
51990,4.0,2.0,3,Mobile,1.0,19.0,0.0,124
51991,0.0,,4,Mobile,1.0,19.0,1.0,128
51992,26.0,3.0,3,Grocery,2.0,14.0,2.0,218
51993,8.0,3.0,4,Fashion,4.0,16.0,2.0,209
51994,10.0,,3,Mobile,1.0,15.0,1.0,130
51995,26.0,3.0,3,Grocery,,18.0,3.0,243
51996,16.0,2.0,3,Laptop & Accessory,2.0,13.0,1.0,156
51997,20.0,2.0,3,Laptop & Accessory,7.0,22.0,3.0,145
51998,10.0,2.0,3,Fashion,1.0,13.0,0.0,176
51999,23.0,3.0,3,Grocery,14.0,11.0,,279
52000,12.0,2.0,4,Laptop & Accessory,1.0,11.0,1.0,152
52001,,2.0,3,Mobile,1.0,11.0,0.0,123
52002,0.0,,3,Mobile,1.0,24.0,0.0,128
52003,2.0,3.0,4,Mobile,1.0,14.0,1.0,125
52004,17.0,3.0,3,Mobile,7.0,13.0,5.0,126
52005,1.0,3.0,3,Laptop & Accessory,1.0,14.0,0.0,149
52006,20.0,2.0,4,Mobile,1.0,14.0,1.0,124
52007,16.0,2.0,3,Laptop & Accessory,1.0,21.0,1.0,148
52008,,2.0,4,Mobile,1.0,13.0,1.0,120
52009,0.0,,3,Mobile,1.0,19.0,1.0,127
52010,9.0,3.0,3,Laptop & Accessory,4.0,17.0,2.0,166
52011,20.0,3.0,4,Mobile,1.0,18.0,0.0,133
52012,0.0,2.0,3,Laptop & Accessory,1.0,19.0,1.0,142
52013,4.0,,5,Mobile,1.0,13.0,0.0,128
52014,1.0,3.0,3,Mobile,2.0,18.0,0.0,124
52015,2.0,3.0,3,Mobile,2.0,21.0,1.0,124
52016,0.0,3.0,3,Mobile,1.0,19.0,0.0,123
52017,,2.0,3,Mobile,1.0,14.0,1.0,120
52018,15.0,3.0,4,Laptop & Accessory,1.0,17.0,1.0,162
52019,6.0,,4,Mobile,1.0,11.0,1.0,128
52020,30.0,2.0,4,Fashion,1.0,13.0,1.0,206
52021,4.0,2.0,4,Mobile,5.0,15.0,2.0,123
52022,8.0,2.0,3,Laptop & Accessory,1.0,25.0,0.0,140
52023,22.0,2.0,3,Fashion,1.0,11.0,0.0,174
52024,,2.0,3,Mobile,1.0,17.0,1.0,123
52025,4.0,2.0,3,Laptop & Accessory,1.0,13.0,1.0,169
52026,9.0,3.0,3,Mobile Phone,1.0,18.0,1.0,147
52027,11.0,3.0,3,Fashion,,13.0,4.0,236
52028,5.0,3.0,4,Mobile,1.0,20.0,0.0,123
52029,0.0,2.0,4,Mobile,1.0,18.0,0.0,124
52030,13.0,3.0,4,Fashion,1.0,12.0,0.0,197
52031,0.0,2.0,4,Laptop & Accessory,1.0,12.0,0.0,143
52032,14.0,2.0,3,Mobile Phone,2.0,13.0,1.0,147
52033,9.0,3.0,3,Mobile,3.0,21.0,1.0,125
52034,,2.0,4,Mobile,1.0,13.0,1.0,121
52035,0.0,,3,Mobile,1.0,19.0,1.0,130
52036,4.0,2.0,3,Laptop & Accessory,8.0,11.0,6.0,159
52037,13.0,2.0,3,Mobile Phone,1.0,14.0,0.0,136
52038,5.0,3.0,3,Laptop & Accessory,6.0,12.0,1.0,167
52039,0.0,2.0,4,Fashion,3.0,11.0,3.0,203
52040,6.0,2.0,4,Laptop & Accessory,1.0,14.0,1.0,169
52041,0.0,2.0,4,Fashion,11.0,11.0,5.0,206
52042,18.0,2.0,3,Laptop & Accessory,1.0,12.0,1.0,144
52043,,2.0,3,Mobile,1.0,15.0,0.0,122
52044,8.0,2.0,3,Laptop & Accessory,1.0,16.0,1.0,146
52045,25.0,3.0,3,Grocery,7.0,15.0,,271
52046,20.0,2.0,3,Mobile,1.0,24.0,0.0,125
52047,26.0,2.0,3,Grocery,,13.0,11.0,249
52048,3.0,3.0,3,Fashion,7.0,11.0,2.0,173
52049,11.0,2.0,3,Laptop & Accessory,1.0,13.0,1.0,157
52050,8.0,3.0,3,Fashion,1.0,13.0,0.0,178
52051,12.0,2.0,1,Fashion,1.0,18.0,0.0,179
52052,3.0,3.0,1,Grocery,,16.0,1.0,232
52053,20.0,3.0,1,Laptop & Accessory,2.0,19.0,1.0,151
52054,9.0,2.0,3,Laptop & Accessory,1.0,13.0,1.0,151
52055,0.0,2.0,4,Mobile,1.0,22.0,0.0,123
52056,6.0,2.0,3,Grocery,6.0,11.0,,274
52057,0.0,3.0,4,Mobile,1.0,20.0,1.0,124
52058,6.0,2.0,3,Mobile,1.0,18.0,1.0,135
52059,,3.0,3,Mobile,1.0,14.0,1.0,123
52060,23.0,3.0,3,Grocery,1.0,22.0,,274
52061,6.0,2.0,1,Laptop & Accessory,1.0,13.0,1.0,155
52062,14.0,3.0,3,Others,1.0,,0.0,294
52063,0.0,,3,Mobile,2.0,14.0,2.0,128
52064,18.0,2.0,3,Laptop & Accessory,1.0,15.0,1.0,136
52065,20.0,2.0,3,Laptop & Accessory,1.0,17.0,1.0,142
52066,,2.0,3,Mobile,1.0,11.0,0.0,121
52067,23.0,3.0,3,Grocery,,18.0,1.0,240
52068,11.0,,3,Mobile,1.0,17.0,0.0,127
52069,19.0,3.0,3,Fashion,1.0,13.0,1.0,208
52070,0.0,2.0,4,Laptop & Accessory,3.0,15.0,0.0,144
52071,0.0,2.0,4,Mobile Phone,1.0,24.0,1.0,137
52072,4.0,3.0,3,Laptop & Accessory,1.0,12.0,1.0,141
52073,0.0,3.0,3,Mobile Phone,1.0,15.0,0.0,111
52074,27.0,2.0,3,Fashion,1.0,11.0,0.0,207
52075,8.0,2.0,3,Fashion,10.0,11.0,0.0,204
52076,3.0,3.0,1,Fashion,1.0,12.0,0.0,214
52077,0.0,3.0,4,Mobile,1.0,15.0,1.0,126
52078,0.0,2.0,3,Mobile,1.0,17.0,0.0,124
52079,0.0,2.0,1,Laptop & Accessory,1.0,12.0,1.0,155
52080,0.0,3.0,5,Mobile,1.0,15.0,0.0,125
52081,21.0,3.0,4,Laptop & Accessory,2.0,13.0,0.0,142
52082,21.0,3.0,4,Fashion,4.0,14.0,1.0,210
52083,14.0,2.0,3,Laptop & Accessory,2.0,14.0,2.0,150
52084,12.0,3.0,4,Grocery,11.0,16.0,9.0,227
52085,0.0,2.0,3,Laptop & Accessory,2.0,18.0,2.0,142
52086,8.0,2.0,3,Mobile Phone,1.0,20.0,0.0,139
52087,0.0,2.0,3,Others,1.0,13.0,,283
52088,23.0,3.0,3,Mobile,1.0,18.0,1.0,124
52089,30.0,3.0,4,Grocery,,13.0,4.0,237
52090,0.0,3.0,5,Laptop & Accessory,1.0,15.0,1.0,148
52091,28.0,3.0,3,Laptop & Accessory,6.0,14.0,2.0,164
52092,14.0,2.0,5,Others,5.0,,5.0,300
52093,11.0,2.0,3,Laptop & Accessory,1.0,12.0,1.0,169
52094,0.0,3.0,5,Laptop & Accessory,2.0,18.0,1.0,150
52095,15.0,2.0,5,Others,6.0,,3.0,298
52096,17.0,2.0,1,Grocery,,18.0,4.0,233
52097,23.0,3.0,3,Laptop & Accessory,1.0,12.0,0.0,163
52098,0.0,,1,Mobile,15.0,16.0,3.0,127
52099,12.0,2.0,3,Fashion,2.0,13.0,1.0,209
52100,6.0,2.0,4,Mobile,2.0,19.0,0.0,123
52101,18.0,2.0,3,Grocery,1.0,13.0,,277
52102,5.0,3.0,3,Mobile Phone,7.0,12.0,6.0,140
52103,7.0,3.0,1,Laptop & Accessory,1.0,11.0,0.0,197
52104,30.0,3.0,3,Fashion,1.0,14.0,1.0,219
52105,,2.0,3,Mobile,1.0,16.0,0.0,122
52106,26.0,2.0,4,Fashion,6.0,12.0,5.0,175
52107,0.0,2.0,3,Laptop & Accessory,1.0,14.0,0.0,148
52108,,2.0,3,Mobile,1.0,14.0,0.0,120
52109,,2.0,3,Mobile,1.0,19.0,0.0,122
52110,1.0,3.0,3,Mobile Phone,1.0,22.0,0.0,111
52111,11.0,,3,Mobile,2.0,16.0,2.0,128
52112,23.0,3.0,3,Others,7.0,,4.0,292
52113,10.0,2.0,3,Laptop & Accessory,1.0,15.0,1.0,141
52114,13.0,3.0,3,Laptop & Accessory,7.0,14.0,3.0,184
52115,,3.0,4,Mobile,1.0,13.0,0.0,120
52116,19.0,2.0,3,Others,2.0,,1.0,296
52117,27.0,2.0,4,Fashion,7.0,11.0,6.0,207
52118,29.0,,3,Mobile,1.0,19.0,1.0,129
52119,9.0,2.0,4,Fashion,7.0,11.0,5.0,189
52120,28.0,2.0,4,Grocery,6.0,15.0,,268
52121,16.0,3.0,4,Fashion,1.0,13.0,1.0,208
52122,0.0,2.0,3,Mobile,1.0,14.0,1.0,123
52123,,2.0,4,Mobile Phone,1.0,13.0,0.0,114
52124,19.0,3.0,4,Laptop & Accessory,1.0,23.0,1.0,146
52125,14.0,2.0,3,Mobile,2.0,12.0,0.0,125
52126,0.0,3.0,4,Fashion,1.0,12.0,1.0,187
52127,0.0,2.0,4,Mobile Phone,1.0,16.0,1.0,140
52128,3.0,2.0,3,Laptop & Accessory,1.0,15.0,0.0,200
52129,14.0,2.0,1,Mobile,1.0,13.0,0.0,134
52130,11.0,3.0,4,Fashion,1.0,18.0,1.0,188
52131,13.0,3.0,3,Fashion,11.0,20.0,3.0,203
52132,0.0,2.0,5,Mobile Phone,1.0,19.0,1.0,146
52133,28.0,3.0,3,Fashion,1.0,18.0,0.0,210
52134,1.0,2.0,3,Laptop & Accessory,1.0,13.0,0.0,137
52135,7.0,3.0,4,Fashion,3.0,14.0,2.0,205
52136,6.0,2.0,4,Fashion,1.0,15.0,1.0,171
52137,0.0,2.0,3,Fashion,4.0,22.0,2.0,196
52138,0.0,2.0,4,Laptop & Accessory,3.0,22.0,2.0,145
52139,,2.0,3,Mobile,2.0,16.0,0.0,122
52140,7.0,2.0,3,Laptop & Accessory,1.0,17.0,1.0,178
52141,10.0,2.0,4,Laptop & Accessory,1.0,14.0,1.0,167
52142,0.0,2.0,3,Mobile Phone,5.0,15.0,4.0,137
52143,0.0,2.0,3,Mobile,1.0,20.0,1.0,124
52144,0.0,2.0,4,Mobile,2.0,20.0,1.0,123
52145,15.0,2.0,3,Grocery,13.0,17.0,,277
52146,0.0,2.0,4,Mobile,1.0,15.0,1.0,126
52147,13.0,2.0,3,Laptop & Accessory,1.0,14.0,1.0,147
52148,6.0,1.0,3,Laptop & Accessory,1.0,17.0,0.0,143
52149,7.0,,4,Mobile,1.0,17.0,0.0,130
52150,21.0,2.0,1,Grocery,2.0,22.0,,269
52151,18.0,3.0,4,Laptop & Accessory,4.0,13.0,4.0,156
52152,25.0,2.0,3,Fashion,4.0,19.0,2.0,204
52153,11.0,3.0,4,Fashion,2.0,14.0,1.0,187
52154,2.0,3.0,3,Mobile,1.0,22.0,1.0,125
52155,1.0,3.0,3,Fashion,1.0,17.0,0.0,177
52156,19.0,2.0,3,Grocery,4.0,12.0,,275
52157,11.0,2.0,3,Fashion,1.0,16.0,1.0,174
52158,16.0,2.0,3,Fashion,1.0,11.0,1.0,208
52159,2.0,2.0,3,Grocery,11.0,11.0,10.0,222
52160,13.0,2.0,4,Others,4.0,,3.0,296
52161,,3.0,4,Mobile,2.0,11.0,1.0,121
52162,12.0,3.0,3,Laptop & Accessory,1.0,15.0,1.0,168
52163,9.0,3.0,3,Laptop & Accessory,1.0,20.0,0.0,178
52164,4.0,,1,Mobile,2.0,12.0,2.0,128
52165,1.0,3.0,4,Mobile,1.0,17.0,0.0,132
52166,8.0,2.0,3,Laptop & Accessory,1.0,11.0,1.0,150
52167,22.0,2.0,4,Grocery,2.0,17.0,1.0,231
52168,7.0,3.0,3,Laptop & Accessory,1.0,11.0,1.0,140
52169,2.0,3.0,3,Mobile,1.0,14.0,0.0,133
52170,15.0,2.0,5,Laptop & Accessory,1.0,19.0,1.0,143
52171,2.0,3.0,4,Laptop & Accessory,1.0,15.0,1.0,151
52172,11.0,,1,Mobile,5.0,13.0,3.0,128
52173,1.0,,4,Mobile,1.0,14.0,1.0,127
52174,,3.0,3,Mobile,1.0,12.0,1.0,119
52175,0.0,3.0,3,Laptop & Accessory,1.0,17.0,0.0,182
52176,14.0,2.0,3,Mobile Phone,1.0,11.0,1.0,148
52177,0.0,3.0,3,Mobile,2.0,12.0,1.0,126
52178,10.0,2.0,4,Laptop & Accessory,1.0,13.0,1.0,157
52179,0.0,2.0,4,Mobile,2.0,13.0,1.0,125
52180,7.0,3.0,3,Laptop & Accessory,1.0,20.0,0.0,157
52181,8.0,3.0,3,Mobile Phone,1.0,17.0,0.0,143
52182,0.0,2.0,4,Fashion,3.0,13.0,1.0,173
52183,13.0,2.0,3,Fashion,,17.0,1.0,235
52184,5.0,2.0,3,Grocery,,12.0,2.0,238
52185,15.0,2.0,3,Laptop & Accessory,1.0,13.0,1.0,152
52186,,2.0,4,Mobile,1.0,12.0,1.0,123
52187,0.0,2.0,3,Mobile Phone,1.0,22.0,0.0,136
52188,0.0,3.0,3,Mobile,1.0,11.0,1.0,125
52189,0.0,2.0,1,Mobile Phone,1.0,22.0,1.0,144
52190,3.0,3.0,4,Laptop & Accessory,1.0,18.0,0.0,166
52191,13.0,3.0,4,Laptop & Accessory,1.0,13.0,0.0,144
52192,8.0,2.0,4,Fashion,6.0,18.0,2.0,203
52193,7.0,3.0,4,Laptop & Accessory,4.0,20.0,0.0,153
52194,8.0,2.0,4,Mobile,2.0,13.0,1.0,124
52195,6.0,2.0,5,Laptop & Accessory,1.0,13.0,0.0,153
52196,5.0,,3,Mobile,1.0,12.0,1.0,128
52197,29.0,3.0,3,Others,4.0,,4.0,299
52198,2.0,,3,Mobile,1.0,13.0,0.0,131
52199,0.0,2.0,3,Mobile,1.0,25.0,0.0,126
52200,18.0,2.0,3,Mobile Phone,1.0,19.0,0.0,145
52201,10.0,2.0,4,Laptop & Accessory,3.0,13.0,0.0,165
52202,0.0,,4,Mobile,1.0,12.0,0.0,130
52203,7.0,,3,Mobile,1.0,11.0,1.0,129
52204,26.0,2.0,3,Others,4.0,18.0,,286
52205,,3.0,5,Mobile,1.0,18.0,1.0,122
52206,0.0,,4,Mobile,1.0,11.0,0.0,129
52207,19.0,3.0,3,Grocery,15.0,23.0,,270
52208,,3.0,5,Mobile,1.0,13.0,1.0,123
52209,6.0,3.0,3,Mobile Phone,1.0,13.0,1.0,136
52210,,3.0,4,Mobile,1.0,17.0,0.0,121
52211,3.0,3.0,3,Laptop & Accessory,1.0,19.0,1.0,141
52212,13.0,3.0,3,Laptop & Accessory,1.0,12.0,1.0,143
52213,23.0,1.0,3,Grocery,2.0,22.0,,279
52214,1.0,3.0,4,Mobile,3.0,12.0,1.0,132
52215,19.0,2.0,3,Others,1.0,11.0,,291
52216,8.0,3.0,3,Laptop & Accessory,1.0,15.0,0.0,190
52217,,3.0,3,Mobile,1.0,13.0,1.0,122
52218,6.0,2.0,3,Laptop & Accessory,1.0,12.0,0.0,145
52219,9.0,,5,Mobile,1.0,14.0,1.0,127
52220,3.0,2.0,3,Laptop & Accessory,8.0,13.0,4.0,135
52221,17.0,2.0,3,Laptop & Accessory,13.0,25.0,6.0,145
52222,0.0,,1,Mobile,2.0,17.0,2.0,127
52223,19.0,2.0,3,Laptop & Accessory,1.0,11.0,0.0,174
52224,15.0,3.0,1,Laptop & Accessory,1.0,16.0,1.0,163
52225,30.0,2.0,1,Laptop & Accessory,1.0,18.0,0.0,152
52226,5.0,3.0,4,Mobile,2.0,20.0,2.0,134
52227,5.0,2.0,3,Laptop & Accessory,1.0,14.0,1.0,150
52228,9.0,3.0,5,Fashion,7.0,21.0,7.0,203
52229,6.0,,3,Mobile,4.0,13.0,0.0,128
52230,13.0,2.0,4,Laptop & Accessory,1.0,12.0,1.0,169
52231,0.0,2.0,3,Laptop & Accessory,1.0,14.0,1.0,150
52232,3.0,3.0,3,Mobile Phone,5.0,21.0,3.0,136
52233,15.0,2.0,3,Fashion,,17.0,0.0,232
52234,8.0,3.0,4,Fashion,4.0,11.0,3.0,204
52235,,2.0,3,Mobile,6.0,14.0,5.0,122
52236,27.0,2.0,3,Fashion,1.0,17.0,0.0,205
52237,,3.0,1,Mobile,7.0,13.0,1.0,120
52238,,3.0,4,Mobile Phone,1.0,25.0,0.0,119
52239,2.0,3.0,3,Mobile Phone,1.0,15.0,1.0,138
52240,27.0,2.0,3,Grocery,1.0,14.0,,278
52241,4.0,3.0,3,Laptop & Accessory,1.0,12.0,1.0,168
52242,4.0,3.0,4,Laptop & Accessory,1.0,19.0,1.0,168
52243,30.0,2.0,4,Laptop & Accessory,1.0,17.0,0.0,152
52244,16.0,3.0,5,Others,1.0,,1.0,297
52245,22.0,2.0,4,Others,1.0,13.0,,287
52246,9.0,2.0,3,Mobile Phone,1.0,12.0,0.0,137
52247,21.0,3.0,1,Mobile,1.0,11.0,0.0,126
52248,0.0,3.0,3,Mobile,1.0,11.0,1.0,125
52249,2.0,2.0,3,Laptop & Accessory,1.0,11.0,1.0,166
52250,21.0,3.0,4,Others,1.0,12.0,,283
52251,2.0,2.0,4,Grocery,1.0,14.0,,261
52252,7.0,2.0,1,Mobile,1.0,17.0,1.0,126
52253,17.0,2.0,3,Others,3.0,11.0,,282
52254,6.0,2.0,1,Fashion,1.0,14.0,0.0,184
52255,0.0,,1,Mobile,1.0,12.0,0.0,130
52256,,2.0,3,Mobile Phone,1.0,22.0,1.0,112
52257,0.0,3.0,5,Mobile Phone,1.0,14.0,1.0,111
52258,0.0,,3,Mobile,2.0,20.0,2.0,129
52259,8.0,3.0,5,Others,1.0,16.0,,288
52260,28.0,2.0,4,Grocery,,15.0,2.0,236
52261,0.0,2.0,4,Mobile,2.0,20.0,1.0,126
52262,19.0,2.0,4,Others,1.0,14.0,,288
52263,7.0,2.0,3,Laptop & Accessory,1.0,12.0,1.0,145
52264,24.0,2.0,3,Others,11.0,,6.0,298
52265,30.0,3.0,3,Fashion,5.0,12.0,3.0,205
52266,7.0,2.0,3,Laptop & Accessory,5.0,13.0,0.0,144
52267,,2.0,3,Mobile,1.0,11.0,1.0,122
52268,17.0,3.0,1,Others,14.0,14.0,2.0,292
52269,7.0,2.0,4,Laptop & Accessory,1.0,11.0,0.0,145
52270,8.0,3.0,3,Mobile,2.0,14.0,1.0,135
52271,15.0,3.0,1,Laptop & Accessory,1.0,16.0,0.0,124
52272,16.0,2.0,4,Fashion,15.0,14.0,10.0,202
52273,9.0,2.0,3,Laptop & Accessory,5.0,11.0,4.0,154
52274,7.0,3.0,3,Fashion,1.0,11.0,0.0,180
52275,1.0,2.0,4,Mobile Phone,2.0,12.0,0.0,139
52276,24.0,,4,Mobile,7.0,14.0,3.0,128
52277,3.0,3.0,3,Laptop & Accessory,1.0,18.0,0.0,147
52278,0.0,2.0,3,Mobile,7.0,13.0,4.0,133
52279,,2.0,3,Mobile,1.0,11.0,1.0,121
52280,,2.0,3,Mobile,2.0,18.0,1.0,121
52281,5.0,2.0,1,Laptop & Accessory,1.0,15.0,0.0,162
52282,18.0,2.0,3,Others,1.0,22.0,,281
52283,12.0,3.0,4,Grocery,15.0,13.0,,271
52284,30.0,2.0,3,Mobile,2.0,12.0,1.0,124
52285,0.0,3.0,3,Laptop & Accessory,1.0,18.0,0.0,149
52286,2.0,3.0,3,Mobile Phone,1.0,13.0,0.0,139
52287,3.0,2.0,4,Laptop & Accessory,6.0,12.0,5.0,146
52288,9.0,3.0,3,Fashion,1.0,12.0,1.0,171
52289,19.0,2.0,3,Mobile,5.0,12.0,2.0,134
52290,1.0,2.0,5,Laptop & Accessory,7.0,11.0,7.0,167
52291,23.0,2.0,3,Grocery,1.0,11.0,,269
52292,3.0,2.0,4,Fashion,1.0,12.0,1.0,191
52293,15.0,3.0,3,Fashion,7.0,19.0,7.0,184
52294,3.0,3.0,3,Fashion,1.0,23.0,1.0,219
52295,12.0,2.0,3,Laptop & Accessory,1.0,11.0,1.0,145
52296,4.0,2.0,3,Fashion,9.0,19.0,8.0,199
52297,14.0,2.0,5,Laptop & Accessory,11.0,13.0,3.0,162
52298,,2.0,3,Mobile,2.0,11.0,2.0,123
52299,7.0,2.0,3,Mobile,1.0,12.0,1.0,124
52300,15.0,2.0,3,Grocery,2.0,13.0,,279
52301,28.0,2.0,5,Others,9.0,14.0,,292
52302,29.0,3.0,3,Others,7.0,,2.0,297
52303,13.0,3.0,3,Mobile,1.0,16.0,1.0,135
52304,7.0,2.0,3,Fashion,1.0,11.0,0.0,185
52305,13.0,3.0,3,Laptop & Accessory,8.0,13.0,3.0,147
52306,14.0,3.0,3,Laptop & Accessory,1.0,17.0,0.0,141
52307,8.0,2.0,3,Laptop & Accessory,1.0,11.0,1.0,142
52308,24.0,2.0,3,Grocery,,11.0,0.0,240
52309,11.0,2.0,3,Laptop & Accessory,1.0,15.0,0.0,169
52310,7.0,3.0,3,Laptop & Accessory,9.0,12.0,4.0,161
52311,0.0,3.0,3,Mobile Phone,1.0,11.0,0.0,137
52312,20.0,2.0,4,Fashion,5.0,14.0,1.0,200
52313,13.0,2.0,3,Mobile,1.0,22.0,1.0,124
52314,9.0,2.0,1,Laptop & Accessory,6.0,16.0,5.0,146
52315,21.0,2.0,3,Fashion,1.0,11.0,1.0,179
52316,0.0,3.0,1,Mobile,1.0,14.0,0.0,125
52317,24.0,2.0,4,Grocery,1.0,16.0,0.0,231
52318,,3.0,3,Mobile Phone,1.0,15.0,1.0,116
52319,8.0,2.0,4,Laptop & Accessory,1.0,12.0,0.0,154
52320,0.0,2.0,5,Laptop & Accessory,1.0,20.0,0.0,151
52321,18.0,2.0,1,Grocery,,17.0,1.0,237
52322,29.0,3.0,3,Grocery,,12.0,13.0,234
52323,,3.0,4,Mobile,1.0,20.0,1.0,120
52324,13.0,2.0,1,Laptop & Accessory,11.0,20.0,6.0,164
52325,7.0,2.0,3,Laptop & Accessory,7.0,13.0,5.0,154
52326,0.0,,4,Mobile,1.0,14.0,0.0,128
52327,0.0,3.0,3,Laptop & Accessory,3.0,18.0,0.0,146
52328,11.0,2.0,1,Mobile,1.0,11.0,0.0,126
52329,7.0,3.0,3,Laptop & Accessory,4.0,11.0,4.0,167
52330,1.0,2.0,4,Laptop & Accessory,1.0,11.0,1.0,147
52331,0.0,3.0,3,Laptop & Accessory,6.0,15.0,5.0,162
52332,12.0,2.0,4,Laptop & Accessory,1.0,12.0,0.0,161
52333,24.0,2.0,3,Fashion,3.0,11.0,3.0,206
52334,14.0,3.0,3,Laptop & Accessory,3.0,14.0,2.0,155
52335,10.0,,3,Mobile,1.0,15.0,1.0,130
52336,6.0,3.0,3,Laptop & Accessory,1.0,13.0,1.0,200
52337,5.0,2.0,3,Laptop & Accessory,1.0,13.0,1.0,141
52338,12.0,3.0,3,Fashion,1.0,21.0,0.0,209
52339,0.0,3.0,1,Laptop & Accessory,1.0,11.0,1.0,162
52340,25.0,2.0,1,Grocery,,11.0,1.0,232
52341,16.0,3.0,4,Laptop & Accessory,1.0,14.0,0.0,141
52342,0.0,3.0,4,Laptop & Accessory,4.0,11.0,1.0,158
52343,0.0,2.0,3,Mobile,7.0,13.0,4.0,124
52344,0.0,2.0,4,Mobile Phone,1.0,12.0,1.0,139
52345,15.0,2.0,3,Grocery,1.0,14.0,,268
52346,25.0,,3,Mobile,1.0,13.0,1.0,130
52347,10.0,3.0,3,Mobile Phone,1.0,18.0,1.0,136
52348,8.0,2.0,3,Fashion,2.0,11.0,2.0,194
52349,0.0,2.0,3,Mobile,1.0,11.0,0.0,132
52350,0.0,3.0,1,Mobile Phone,1.0,12.0,0.0,136
52351,2.0,2.0,4,Fashion,1.0,13.0,0.0,180
52352,12.0,3.0,4,Laptop & Accessory,1.0,20.0,0.0,143
52353,0.0,2.0,3,Fashion,7.0,12.0,4.0,176
52354,27.0,2.0,3,Grocery,12.0,19.0,,273
52355,30.0,3.0,3,Others,1.0,,1.0,297
52356,28.0,2.0,1,Grocery,,13.0,0.0,247
52357,9.0,3.0,3,Laptop & Accessory,1.0,16.0,0.0,193
52358,,2.0,5,Mobile Phone,1.0,12.0,0.0,114
52359,3.0,3.0,3,Laptop & Accessory,1.0,14.0,1.0,148
52360,4.0,3.0,3,Grocery,1.0,11.0,,264
52361,7.0,,3,Mobile,1.0,14.0,1.0,130
52362,,2.0,4,Mobile Phone,1.0,12.0,0.0,113
52363,,3.0,3,Mobile,1.0,14.0,1.0,121
52364,9.0,2.0,4,Laptop & Accessory,1.0,16.0,0.0,158
52365,9.0,3.0,4,Laptop & Accessory,1.0,13.0,1.0,156
52366,20.0,3.0,3,Mobile,1.0,12.0,1.0,134
52367,0.0,3.0,4,Mobile Phone,2.0,12.0,2.0,144
52368,10.0,2.0,1,Mobile,1.0,14.0,0.0,135
52369,,2.0,3,Mobile,1.0,22.0,0.0,121
52370,20.0,2.0,3,Grocery,5.0,19.0,,272
52371,0.0,2.0,3,Laptop & Accessory,1.0,12.0,1.0,142
52372,5.0,3.0,3,Laptop & Accessory,1.0,12.0,0.0,192
52373,7.0,2.0,4,Mobile,1.0,17.0,1.0,133
52374,,2.0,1,Mobile,1.0,12.0,0.0,121
52375,13.0,2.0,3,Laptop & Accessory,1.0,11.0,0.0,140
52376,4.0,2.0,3,Fashion,9.0,18.0,2.0,208
52377,9.0,2.0,3,Fashion,4.0,11.0,4.0,201
52378,2.0,2.0,4,Mobile Phone,1.0,23.0,0.0,136
52379,0.0,3.0,1,Fashion,4.0,11.0,1.0,174
52380,18.0,3.0,5,Fashion,1.0,18.0,1.0,209
52381,,3.0,1,Mobile,1.0,18.0,1.0,121
52382,0.0,3.0,3,Mobile Phone,2.0,13.0,0.0,137
52383,18.0,2.0,3,Fashion,1.0,18.0,1.0,194
52384,21.0,3.0,3,Laptop & Accessory,2.0,11.0,0.0,155
52385,0.0,,3,Mobile,2.0,15.0,2.0,127
52386,13.0,2.0,4,Fashion,,11.0,4.0,238
52387,1.0,2.0,3,Laptop & Accessory,1.0,18.0,0.0,185
52388,17.0,2.0,4,Mobile,1.0,14.0,0.0,132
52389,26.0,2.0,1,Grocery,8.0,12.0,,266
52390,22.0,3.0,3,Laptop & Accessory,1.0,14.0,0.0,167
52391,13.0,3.0,3,Mobile,1.0,14.0,1.0,123
52392,17.0,2.0,3,Mobile,1.0,13.0,1.0,134
52393,6.0,2.0,3,Laptop & Accessory,1.0,14.0,1.0,144
52394,7.0,2.0,5,Laptop & Accessory,3.0,18.0,2.0,148
52395,3.0,3.0,3,Laptop & Accessory,2.0,15.0,1.0,153
52396,15.0,3.0,3,Mobile Phone,5.0,13.0,0.0,137
52397,17.0,3.0,3,Laptop & Accessory,1.0,12.0,0.0,148
52398,,3.0,3,Mobile Phone,1.0,13.0,0.0,113
52399,30.0,3.0,1,Laptop & Accessory,2.0,24.0,1.0,149
52400,22.0,2.0,3,Fashion,1.0,14.0,0.0,205
52401,7.0,3.0,3,Grocery,6.0,14.0,,270
52402,0.0,,3,Mobile,1.0,15.0,1.0,129
52403,0.0,2.0,3,Laptop & Accessory,1.0,11.0,1.0,158
52404,0.0,2.0,4,Laptop & Accessory,10.0,23.0,4.0,146
52405,8.0,3.0,3,Mobile,1.0,13.0,0.0,124
52406,0.0,2.0,3,Mobile,1.0,11.0,0.0,132
52407,,3.0,3,Mobile,1.0,13.0,0.0,120
52408,17.0,2.0,3,Fashion,2.0,18.0,2.0,202
52409,2.0,3.0,4,Laptop & Accessory,1.0,14.0,1.0,186
52410,,2.0,3,Mobile,1.0,21.0,0.0,121
52411,28.0,1.0,3,Laptop & Accessory,1.0,16.0,1.0,140
52412,6.0,2.0,4,Mobile Phone,1.0,11.0,1.0,138
52413,20.0,3.0,3,Laptop & Accessory,1.0,17.0,1.0,146
52414,0.0,2.0,4,Mobile,1.0,11.0,1.0,126
52415,,3.0,4,Mobile Phone,1.0,14.0,0.0,116
52416,1.0,2.0,3,Laptop & Accessory,1.0,14.0,1.0,149
52417,22.0,2.0,4,Laptop & Accessory,1.0,25.0,0.0,148
52418,2.0,3.0,3,Mobile,1.0,13.0,1.0,132
52419,1.0,3.0,5,Laptop & Accessory,1.0,14.0,0.0,165
52420,6.0,3.0,3,Laptop & Accessory,1.0,17.0,1.0,164
52421,5.0,3.0,3,Fashion,1.0,25.0,0.0,212
52422,27.0,2.0,3,Grocery,,20.0,0.0,260
52423,0.0,3.0,4,Mobile,1.0,13.0,1.0,124
52424,17.0,2.0,3,Grocery,14.0,13.0,,263
52425,12.0,2.0,3,Fashion,2.0,18.0,2.0,184
52426,19.0,2.0,3,Grocery,5.0,12.0,,266
52427,8.0,3.0,4,Fashion,3.0,19.0,3.0,186
52428,,3.0,3,Laptop & Accessory,1.0,14.0,1.0,123
52429,,2.0,3,Mobile,1.0,14.0,1.0,120
52430,7.0,3.0,4,Fashion,8.0,14.0,7.0,171
52431,0.0,2.0,3,Mobile Phone,7.0,12.0,2.0,141
52432,23.0,2.0,5,Grocery,,13.0,1.0,244
52433,,2.0,3,Mobile,5.0,25.0,3.0,123
52434,15.0,3.0,4,Mobile Phone,1.0,14.0,0.0,148
52435,10.0,2.0,3,Laptop & Accessory,3.0,17.0,2.0,143
52436,2.0,2.0,5,Laptop & Accessory,1.0,13.0,1.0,197
52437,6.0,2.0,4,Laptop & Accessory,1.0,13.0,1.0,143
52438,,3.0,3,Mobile,1.0,20.0,1.0,121
52439,15.0,2.0,3,Fashion,13.0,14.0,4.0,201
52440,13.0,2.0,3,Laptop & Accessory,7.0,12.0,7.0,155
52441,6.0,3.0,3,Laptop & Accessory,5.0,12.0,4.0,152
52442,13.0,2.0,3,Grocery,7.0,21.0,,264
52443,,2.0,4,Mobile,1.0,14.0,0.0,123
52444,13.0,3.0,3,Laptop & Accessory,2.0,18.0,1.0,141
52445,18.0,3.0,3,Fashion,7.0,12.0,3.0,174
52446,8.0,3.0,4,Mobile,4.0,23.0,2.0,124
52447,5.0,3.0,4,Laptop & Accessory,2.0,12.0,1.0,159
52448,9.0,3.0,3,Mobile,1.0,21.0,1.0,126
52449,21.0,3.0,3,Laptop & Accessory,7.0,14.0,7.0,164
52450,2.0,3.0,1,Mobile,1.0,18.0,0.0,125
52451,6.0,2.0,3,Laptop & Accessory,2.0,13.0,2.0,164
52452,0.0,3.0,4,Laptop & Accessory,6.0,11.0,1.0,197
52453,11.0,3.0,3,Laptop & Accessory,1.0,11.0,0.0,161
52454,8.0,3.0,4,Mobile,1.0,19.0,1.0,125
52455,7.0,2.0,3,Fashion,1.0,12.0,1.0,193
52456,,3.0,3,Mobile,1.0,12.0,1.0,121
52457,16.0,3.0,4,Fashion,1.0,16.0,0.0,202
52458,1.0,2.0,3,Laptop & Accessory,1.0,11.0,1.0,149
52459,5.0,3.0,3,Laptop & Accessory,1.0,14.0,0.0,141
52460,21.0,3.0,3,Mobile,7.0,12.0,6.0,124
52461,7.0,,3,Mobile,1.0,13.0,0.0,130
52462,28.0,2.0,4,Others,2.0,,0.0,296
52463,7.0,2.0,3,Laptop & Accessory,2.0,17.0,0.0,155
52464,,2.0,3,Mobile,1.0,21.0,1.0,121
52465,11.0,3.0,3,Laptop & Accessory,7.0,11.0,3.0,199
52466,11.0,2.0,3,Laptop & Accessory,1.0,12.0,1.0,142
52467,9.0,3.0,3,Laptop & Accessory,1.0,13.0,1.0,168
52468,2.0,2.0,3,Mobile Phone,1.0,18.0,0.0,147
52469,8.0,2.0,3,Laptop & Accessory,1.0,16.0,0.0,161
52470,12.0,2.0,1,Fashion,7.0,11.0,3.0,182
52471,2.0,2.0,3,Laptop & Accessory,1.0,19.0,1.0,189
52472,23.0,2.0,3,Others,1.0,,0.0,293
52473,,2.0,1,Mobile,2.0,16.0,0.0,121
52474,9.0,3.0,1,Laptop & Accessory,1.0,13.0,0.0,156
52475,15.0,3.0,4,Others,1.0,,1.0,296
52476,8.0,2.0,1,Laptop & Accessory,6.0,17.0,6.0,134
52477,7.0,3.0,4,Laptop & Accessory,7.0,14.0,1.0,151
52478,13.0,2.0,3,Laptop & Accessory,1.0,15.0,0.0,146
52479,16.0,2.0,1,Mobile Phone,1.0,12.0,1.0,149
52480,8.0,,4,Mobile,1.0,18.0,1.0,127
52481,19.0,2.0,1,Grocery,1.0,15.0,,276
52482,0.0,2.0,3,Mobile,1.0,17.0,0.0,124
52483,0.0,,4,Mobile,1.0,14.0,1.0,128
52484,23.0,2.0,3,Grocery,12.0,15.0,0.0,212
52485,5.0,2.0,1,Mobile,1.0,17.0,1.0,133
52486,17.0,2.0,3,Others,1.0,14.0,,290
52487,,2.0,4,Mobile,1.0,12.0,1.0,121
52488,18.0,2.0,5,Laptop & Accessory,1.0,14.0,0.0,158
52489,18.0,2.0,4,Laptop & Accessory,4.0,15.0,3.0,144
52490,4.0,2.0,3,Laptop & Accessory,1.0,13.0,1.0,153
52491,9.0,3.0,3,Laptop & Accessory,1.0,12.0,0.0,147
52492,7.0,2.0,1,Laptop & Accessory,7.0,13.0,3.0,147
52493,22.0,2.0,3,Mobile,1.0,14.0,1.0,132
52494,12.0,3.0,3,Laptop & Accessory,7.0,13.0,3.0,154
52495,0.0,3.0,4,Mobile Phone,1.0,11.0,0.0,141
52496,8.0,2.0,1,Laptop & Accessory,1.0,11.0,1.0,152
52497,1.0,2.0,5,Laptop & Accessory,1.0,21.0,1.0,149
52498,0.0,,3,Mobile,2.0,18.0,0.0,131
52499,,3.0,3,Mobile Phone,1.0,12.0,1.0,116
52500,20.0,3.0,3,Others,1.0,,1.0,297
52501,12.0,,4,Laptop & Accessory,1.0,15.0,0.0,131
52502,13.0,3.0,4,Fashion,14.0,13.0,6.0,204
52503,8.0,2.0,3,Laptop & Accessory,2.0,12.0,0.0,141
52504,10.0,2.0,3,Laptop & Accessory,1.0,17.0,0.0,158
52505,12.0,2.0,3,Laptop & Accessory,3.0,13.0,3.0,150
52506,18.0,2.0,4,Laptop & Accessory,3.0,19.0,3.0,158
52507,11.0,2.0,4,Fashion,1.0,19.0,0.0,178
52508,0.0,2.0,4,Fashion,6.0,17.0,0.0,203
52509,10.0,3.0,3,Mobile Phone,7.0,11.0,4.0,139
52510,13.0,2.0,3,Fashion,3.0,15.0,3.0,179
52511,17.0,2.0,3,Laptop & Accessory,1.0,11.0,1.0,157
52512,21.0,2.0,4,Grocery,,25.0,0.0,252
52513,0.0,2.0,5,Laptop & Accessory,2.0,14.0,0.0,154
52514,0.0,2.0,3,Mobile Phone,1.0,13.0,0.0,138
52515,0.0,2.0,1,Mobile,1.0,17.0,0.0,135
52516,0.0,2.0,3,Mobile,1.0,13.0,0.0,126
52517,,3.0,3,Mobile,1.0,14.0,0.0,122
52518,2.0,2.0,4,Laptop & Accessory,1.0,11.0,1.0,159
52519,9.0,2.0,3,Fashion,1.0,12.0,1.0,180
52520,0.0,3.0,1,Laptop & Accessory,1.0,17.0,1.0,152
52521,12.0,3.0,3,Laptop & Accessory,1.0,21.0,1.0,153
52522,22.0,3.0,3,Grocery,1.0,16.0,,264
52523,23.0,2.0,4,Fashion,,15.0,0.0,233
52524,0.0,,3,Mobile,2.0,19.0,0.0,128
52525,7.0,3.0,3,Laptop & Accessory,7.0,12.0,1.0,154
52526,,3.0,3,Mobile,1.0,11.0,0.0,120
52527,22.0,2.0,4,Grocery,,19.0,2.0,240
52528,9.0,2.0,4,Laptop & Accessory,1.0,15.0,0.0,144
52529,9.0,3.0,1,Laptop & Accessory,1.0,20.0,0.0,168
52530,27.0,3.0,3,Grocery,4.0,25.0,,274
52531,16.0,3.0,4,Grocery,6.0,24.0,,276
52532,0.0,2.0,3,Laptop & Accessory,6.0,24.0,5.0,146
52533,11.0,2.0,3,Laptop & Accessory,2.0,15.0,1.0,147
52534,2.0,2.0,4,Laptop & Accessory,1.0,13.0,0.0,142
52535,6.0,3.0,3,Laptop & Accessory,1.0,14.0,1.0,155
52536,5.0,2.0,3,Laptop & Accessory,1.0,13.0,1.0,155
52537,4.0,3.0,3,Laptop & Accessory,1.0,11.0,0.0,155
52538,22.0,3.0,3,Mobile,2.0,16.0,0.0,126
52539,11.0,2.0,4,Mobile,3.0,22.0,0.0,124
52540,20.0,2.0,1,Grocery,,14.0,1.0,260
52541,22.0,2.0,3,Grocery,,14.0,1.0,254
52542,14.0,3.0,3,Fashion,1.0,16.0,0.0,171
52543,0.0,,3,Mobile,1.0,11.0,0.0,127
52544,6.0,2.0,3,Laptop & Accessory,1.0,25.0,0.0,154
52545,9.0,3.0,3,Laptop & Accessory,1.0,14.0,1.0,153
52546,17.0,2.0,3,Mobile,2.0,18.0,2.0,132
52547,0.0,3.0,4,Mobile Phone,1.0,11.0,1.0,140
52548,11.0,2.0,3,Mobile,1.0,19.0,0.0,133
52549,26.0,2.0,1,Fashion,1.0,15.0,0.0,170
52550,11.0,3.0,3,Mobile,7.0,11.0,1.0,127
52551,,3.0,3,Mobile Phone,1.0,12.0,0.0,114
52552,0.0,3.0,3,Mobile,5.0,20.0,0.0,126
52553,28.0,3.0,4,Mobile,1.0,12.0,1.0,135
52554,7.0,2.0,4,Laptop & Accessory,4.0,14.0,0.0,140
52555,30.0,3.0,5,Fashion,1.0,20.0,1.0,209
52556,,3.0,1,Mobile,2.0,18.0,0.0,120
52557,10.0,2.0,5,Laptop & Accessory,1.0,14.0,1.0,195
52558,7.0,,4,Mobile,8.0,12.0,1.0,129
52559,,3.0,3,Mobile,1.0,21.0,1.0,123
52560,17.0,3.0,1,Fashion,6.0,19.0,1.0,179
52561,8.0,3.0,4,Mobile Phone,1.0,14.0,1.0,149
52562,16.0,3.0,3,Laptop & Accessory,8.0,17.0,3.0,178
52563,0.0,3.0,1,Mobile Phone,1.0,16.0,0.0,144
52564,14.0,2.0,3,Fashion,8.0,12.0,3.0,192
52565,2.0,,3,Mobile,1.0,17.0,0.0,130
52566,9.0,2.0,3,Laptop & Accessory,6.0,15.0,6.0,145
52567,18.0,3.0,4,Fashion,14.0,23.0,4.0,207
52568,,2.0,5,Mobile Phone,1.0,11.0,0.0,116
52569,10.0,2.0,5,Grocery,14.0,11.0,6.0,229
52570,,3.0,5,Mobile,1.0,15.0,1.0,123
52571,18.0,2.0,4,Grocery,8.0,11.0,,267
52572,5.0,2.0,3,Mobile,1.0,13.0,0.0,134
52573,4.0,3.0,3,Mobile,1.0,14.0,1.0,135
52574,14.0,2.0,5,Laptop & Accessory,1.0,19.0,0.0,164
52575,13.0,3.0,3,Laptop & Accessory,1.0,16.0,1.0,165
52576,0.0,3.0,3,Mobile Phone,1.0,13.0,1.0,139
52577,19.0,2.0,3,Laptop & Accessory,1.0,14.0,1.0,156
52578,8.0,2.0,3,Laptop & Accessory,1.0,16.0,1.0,169
52579,3.0,,3,Mobile,1.0,12.0,0.0,129
52580,20.0,2.0,3,Laptop & Accessory,1.0,11.0,0.0,150
52581,19.0,3.0,3,Fashion,1.0,12.0,0.0,204
52582,0.0,3.0,4,Laptop & Accessory,2.0,13.0,1.0,161
52583,0.0,2.0,5,Laptop & Accessory,1.0,15.0,0.0,167
52584,0.0,2.0,3,Mobile,1.0,13.0,0.0,133
52585,4.0,1.0,3,Laptop & Accessory,1.0,20.0,0.0,152
52586,12.0,3.0,3,Laptop & Accessory,5.0,15.0,0.0,165
52587,5.0,3.0,5,Fashion,1.0,13.0,0.0,196
52588,13.0,2.0,3,Others,12.0,,12.0,298
52589,18.0,2.0,5,Fashion,1.0,21.0,1.0,198
52590,3.0,3.0,4,Mobile Phone,1.0,16.0,0.0,150
52591,,2.0,3,Mobile,2.0,14.0,0.0,121
52592,,3.0,4,Mobile,1.0,11.0,1.0,122
52593,4.0,2.0,3,Laptop & Accessory,1.0,19.0,1.0,183
52594,0.0,3.0,3,Mobile,1.0,11.0,0.0,134
52595,0.0,,5,Mobile,2.0,13.0,2.0,128
52596,2.0,3.0,1,Laptop & Accessory,1.0,12.0,1.0,163
52597,3.0,3.0,4,Fashion,1.0,11.0,1.0,171
52598,7.0,,1,Mobile,1.0,14.0,1.0,129
52599,6.0,3.0,3,Laptop & Accessory,1.0,15.0,1.0,151
52600,22.0,3.0,3,Laptop & Accessory,1.0,12.0,0.0,145
52601,0.0,3.0,3,Fashion,1.0,20.0,1.0,186
52602,11.0,3.0,4,Mobile,1.0,14.0,0.0,125
52603,0.0,3.0,3,Fashion,1.0,13.0,0.0,182
52604,,3.0,4,Mobile,1.0,13.0,0.0,121
52605,3.0,2.0,1,Laptop & Accessory,1.0,16.0,1.0,153
52606,5.0,,3,Mobile,1.0,14.0,1.0,127
52607,11.0,2.0,5,Laptop & Accessory,1.0,16.0,0.0,158
52608,6.0,2.0,4,Mobile,1.0,16.0,1.0,124
52609,15.0,,3,Mobile,1.0,22.0,1.0,128
52610,28.0,2.0,4,Others,1.0,12.0,,290
52611,6.0,,3,Laptop & Accessory,1.0,15.0,0.0,131
52612,,3.0,3,Mobile,1.0,20.0,0.0,123
52613,7.0,2.0,3,Laptop & Accessory,1.0,14.0,1.0,140
52614,26.0,2.0,4,Grocery,1.0,20.0,1.0,230
52615,16.0,3.0,3,Mobile,1.0,13.0,1.0,135
52616,7.0,2.0,5,Laptop & Accessory,2.0,12.0,2.0,160
52617,0.0,,3,Mobile,1.0,13.0,0.0,127
52618,11.0,2.0,4,Mobile Phone,1.0,11.0,1.0,137
52619,0.0,3.0,3,Mobile,1.0,17.0,0.0,124
52620,4.0,3.0,4,Laptop & Accessory,5.0,14.0,0.0,155
52621,24.0,2.0,3,Fashion,2.0,11.0,2.0,231
52622,10.0,2.0,4,Laptop & Accessory,1.0,14.0,1.0,142
52623,19.0,2.0,3,Others,2.0,,2.0,293
52624,9.0,2.0,3,Fashion,5.0,13.0,2.0,183
52625,7.0,3.0,3,Mobile,2.0,12.0,2.0,123
52626,10.0,2.0,3,Laptop & Accessory,4.0,13.0,3.0,141
52627,0.0,2.0,3,Laptop & Accessory,7.0,18.0,3.0,158
52628,6.0,,1,Mobile,7.0,19.0,3.0,131
52629,,2.0,3,Mobile,1.0,11.0,0.0,120
52630,12.0,3.0,3,Fashion,,21.0,2.0,235
52631,19.0,3.0,4,Laptop & Accessory,2.0,15.0,1.0,180
52632,13.0,3.0,3,Mobile,1.0,17.0,1.0,134
52633,15.0,3.0,1,Laptop & Accessory,1.0,18.0,1.0,155
52634,8.0,2.0,3,Laptop & Accessory,1.0,14.0,1.0,158
52635,11.0,3.0,3,Mobile,3.0,13.0,2.0,126
52636,0.0,3.0,3,Laptop & Accessory,1.0,17.0,0.0,153
52637,0.0,2.0,3,Laptop & Accessory,1.0,15.0,0.0,142
52638,12.0,2.0,3,Laptop & Accessory,2.0,18.0,1.0,141
52639,16.0,2.0,3,Mobile,1.0,13.0,1.0,124
52640,14.0,2.0,1,Laptop & Accessory,1.0,12.0,0.0,169
52641,14.0,2.0,3,Fashion,13.0,13.0,5.0,204
52642,3.0,3.0,3,Fashion,1.0,14.0,0.0,197
52643,,3.0,3,Mobile,1.0,11.0,0.0,121
52644,9.0,3.0,3,Laptop & Accessory,3.0,22.0,3.0,189
52645,13.0,2.0,3,Laptop & Accessory,1.0,17.0,0.0,165
52646,7.0,3.0,1,Laptop & Accessory,4.0,21.0,2.0,168
52647,30.0,2.0,3,Grocery,14.0,22.0,,263
52648,8.0,,5,Mobile,1.0,16.0,0.0,127
52649,20.0,3.0,4,Fashion,14.0,12.0,5.0,203
52650,13.0,2.0,3,Laptop & Accessory,7.0,12.0,1.0,144
52651,27.0,3.0,3,Laptop & Accessory,1.0,15.0,1.0,169
52652,4.0,3.0,3,Fashion,2.0,14.0,2.0,196
52653,1.0,3.0,3,Mobile Phone,1.0,25.0,1.0,136
52654,11.0,3.0,5,Laptop & Accessory,1.0,20.0,0.0,154
52655,0.0,2.0,3,Laptop & Accessory,1.0,13.0,1.0,147
52656,30.0,2.0,3,Grocery,,14.0,2.0,258
52657,,2.0,3,Mobile Phone,1.0,16.0,1.0,115
52658,0.0,,1,Mobile,1.0,17.0,1.0,130
52659,0.0,2.0,4,Mobile,2.0,15.0,2.0,123
52660,18.0,3.0,3,Laptop & Accessory,5.0,22.0,3.0,152
52661,9.0,3.0,3,Laptop & Accessory,1.0,22.0,1.0,170
52662,16.0,3.0,3,Laptop & Accessory,7.0,20.0,7.0,157
52663,0.0,2.0,3,Mobile,1.0,14.0,1.0,124
52664,2.0,2.0,3,Mobile Phone,3.0,13.0,1.0,138
52665,5.0,3.0,3,Laptop & Accessory,1.0,13.0,0.0,146
52666,15.0,,3,Mobile,3.0,22.0,3.0,129
52667,,3.0,3,Mobile,2.0,12.0,0.0,121
52668,19.0,2.0,3,Fashion,4.0,14.0,0.0,186
52669,1.0,,3,Mobile,2.0,15.0,1.0,127
52670,2.0,3.0,5,Laptop & Accessory,1.0,17.0,0.0,164
52671,15.0,2.0,3,Mobile Phone,1.0,13.0,1.0,140
52672,0.0,2.0,4,Laptop & Accessory,2.0,12.0,1.0,199
52673,19.0,2.0,1,Grocery,,12.0,2.0,232
52674,0.0,2.0,4,Laptop & Accessory,5.0,21.0,3.0,135
52675,2.0,,4,Mobile,1.0,11.0,1.0,128
52676,16.0,2.0,4,Others,6.0,,6.0,294
52677,21.0,3.0,4,Others,12.0,,3.0,297
52678,0.0,3.0,4,Mobile,1.0,24.0,1.0,124
52679,9.0,3.0,3,Fashion,1.0,21.0,1.0,173
52680,0.0,3.0,4,Mobile Phone,7.0,19.0,0.0,148
52681,12.0,2.0,3,Laptop & Accessory,2.0,14.0,0.0,139
52682,28.0,,4,Mobile,1.0,20.0,1.0,127
52683,1.0,,3,Mobile,1.0,19.0,1.0,129
52684,0.0,2.0,3,Mobile Phone,1.0,13.0,0.0,111
52685,0.0,3.0,3,Mobile,1.0,23.0,1.0,125
52686,9.0,3.0,4,Laptop & Accessory,1.0,13.0,0.0,157
52687,4.0,2.0,3,Laptop & Accessory,1.0,11.0,0.0,142
52688,7.0,3.0,3,Fashion,1.0,13.0,0.0,197
52689,,2.0,3,Mobile,1.0,14.0,0.0,121
52690,10.0,3.0,3,Laptop & Accessory,1.0,22.0,0.0,143
52691,8.0,2.0,4,Laptop & Accessory,1.0,11.0,0.0,148
52692,18.0,3.0,4,Laptop & Accessory,3.0,13.0,0.0,159
52693,9.0,3.0,4,Laptop & Accessory,1.0,21.0,1.0,139
52694,13.0,3.0,3,Grocery,11.0,11.0,,268
52695,0.0,,4,Mobile,1.0,13.0,0.0,129
52696,0.0,2.0,1,Laptop & Accessory,1.0,14.0,0.0,165
52697,21.0,2.0,3,Grocery,4.0,11.0,,272
52698,17.0,3.0,1,Laptop & Accessory,2.0,15.0,1.0,150
52699,,2.0,5,Mobile,3.0,23.0,0.0,123
52700,19.0,3.0,3,Mobile,1.0,16.0,0.0,126
52701,9.0,2.0,4,Laptop & Accessory,1.0,16.0,1.0,155
52702,14.0,2.0,3,Laptop & Accessory,1.0,21.0,0.0,144
52703,15.0,2.0,3,Fashion,,13.0,5.0,233
52704,4.0,2.0,3,Laptop & Accessory,1.0,11.0,1.0,166
52705,7.0,3.0,4,Laptop & Accessory,1.0,12.0,0.0,181
52706,4.0,3.0,1,Mobile Phone,2.0,12.0,1.0,140
52707,0.0,3.0,1,Mobile,7.0,18.0,2.0,125
52708,18.0,2.0,3,Laptop & Accessory,1.0,12.0,0.0,154
52709,6.0,2.0,3,Laptop & Accessory,1.0,14.0,0.0,155
52710,1.0,2.0,4,Laptop & Accessory,1.0,12.0,1.0,168
52711,0.0,2.0,1,Mobile Phone,1.0,17.0,0.0,111
52712,12.0,2.0,5,Laptop & Accessory,1.0,19.0,0.0,157
52713,,2.0,3,Mobile,1.0,11.0,0.0,122
52714,7.0,2.0,4,Laptop & Accessory,6.0,15.0,3.0,157
52715,0.0,2.0,3,Laptop & Accessory,2.0,11.0,0.0,199
52716,20.0,3.0,3,Laptop & Accessory,1.0,18.0,0.0,155
52717,29.0,2.0,4,Laptop & Accessory,1.0,16.0,0.0,154
52718,12.0,2.0,3,Laptop & Accessory,7.0,25.0,0.0,152
52719,,2.0,4,Laptop & Accessory,1.0,16.0,1.0,121
52720,60.0,3.0,3,Grocery,1.0,13.0,,279
52721,0.0,2.0,1,Mobile,1.0,14.0,0.0,124
52722,11.0,3.0,3,Mobile Phone,1.0,19.0,0.0,148
52723,22.0,2.0,3,Others,4.0,15.0,,292
52724,15.0,3.0,3,Laptop & Accessory,1.0,12.0,1.0,151
52725,0.0,,4,Mobile,1.0,12.0,1.0,129
52726,8.0,3.0,3,Laptop & Accessory,1.0,16.0,1.0,156
52727,,2.0,3,Mobile,1.0,14.0,0.0,121
52728,4.0,,3,Mobile,2.0,13.0,2.0,131
52729,9.0,,1,Mobile,1.0,22.0,1.0,128
52730,7.0,2.0,3,Fashion,2.0,21.0,2.0,199
52731,7.0,2.0,3,Fashion,1.0,18.0,0.0,186
52732,0.0,,3,Mobile,7.0,13.0,7.0,129
52733,2.0,2.0,3,Laptop & Accessory,1.0,12.0,0.0,154
52734,5.0,2.0,3,Laptop & Accessory,1.0,18.0,0.0,167
52735,4.0,2.0,5,Laptop & Accessory,8.0,21.0,6.0,150
52736,0.0,2.0,4,Mobile,1.0,12.0,1.0,124
52737,11.0,,4,Mobile,1.0,14.0,1.0,129
52738,8.0,2.0,3,Laptop & Accessory,1.0,11.0,1.0,152
52739,0.0,2.0,3,Laptop & Accessory,1.0,14.0,1.0,141
52740,5.0,2.0,4,Laptop & Accessory,1.0,24.0,1.0,197
52741,0.0,3.0,3,Laptop & Accessory,1.0,11.0,0.0,156
52742,16.0,3.0,3,Fashion,2.0,13.0,0.0,204
52743,27.0,,3,Laptop & Accessory,2.0,11.0,1.0,129
52744,6.0,2.0,3,Laptop & Accessory,2.0,20.0,0.0,160
52745,16.0,1.0,3,Fashion,1.0,17.0,1.0,175
52746,11.0,,3,Mobile,1.0,11.0,0.0,130
52747,28.0,3.0,1,Others,1.0,,1.0,296
52748,4.0,2.0,5,Mobile Phone,1.0,11.0,0.0,111
52749,12.0,3.0,3,Grocery,,12.0,4.0,233
52750,15.0,2.0,4,Laptop & Accessory,3.0,12.0,3.0,143
52751,4.0,2.0,3,Fashion,4.0,20.0,3.0,210
52752,27.0,3.0,3,Laptop & Accessory,1.0,19.0,0.0,144
52753,0.0,2.0,4,Laptop & Accessory,1.0,12.0,1.0,146
52754,0.0,3.0,3,Mobile,1.0,13.0,1.0,126
52755,13.0,3.0,3,Laptop & Accessory,9.0,11.0,7.0,163
52756,13.0,3.0,3,Laptop & Accessory,5.0,14.0,1.0,157
52757,,2.0,3,Mobile,1.0,14.0,0.0,122
52758,3.0,3.0,3,Mobile Phone,1.0,13.0,1.0,137
52759,0.0,2.0,3,Mobile Phone,1.0,19.0,0.0,140
52760,20.0,2.0,3,Fashion,12.0,23.0,9.0,186
52761,,2.0,4,Mobile,1.0,12.0,0.0,120
52762,11.0,2.0,3,Laptop & Accessory,5.0,15.0,1.0,144
52763,4.0,,3,Mobile,1.0,19.0,0.0,131
52764,11.0,3.0,4,Laptop & Accessory,7.0,11.0,2.0,153
52765,15.0,2.0,3,Laptop & Accessory,1.0,17.0,1.0,154
52766,14.0,,3,Mobile,1.0,22.0,0.0,128
52767,20.0,3.0,3,Fashion,5.0,18.0,0.0,220
52768,8.0,2.0,3,Mobile,2.0,11.0,2.0,127
52769,0.0,3.0,3,Mobile,1.0,12.0,1.0,134
52770,8.0,2.0,3,Laptop & Accessory,1.0,19.0,0.0,151
52771,6.0,3.0,3,Laptop & Accessory,8.0,13.0,6.0,149
52772,5.0,,4,Mobile,4.0,13.0,0.0,128
52773,13.0,2.0,3,Mobile,1.0,19.0,1.0,124
52774,,3.0,4,Mobile,2.0,14.0,2.0,123
52775,12.0,2.0,3,Laptop & Accessory,1.0,13.0,0.0,141
52776,11.0,3.0,5,Fashion,,12.0,0.0,232
52777,5.0,2.0,3,Fashion,5.0,19.0,0.0,204
52778,10.0,2.0,1,Fashion,,25.0,5.0,237
52779,0.0,2.0,3,Laptop & Accessory,1.0,22.0,0.0,149
52780,25.0,2.0,3,Mobile,1.0,15.0,1.0,135
52781,17.0,2.0,3,Mobile,1.0,12.0,1.0,124
52782,0.0,2.0,3,Mobile,1.0,11.0,1.0,124
52783,12.0,2.0,3,Others,1.0,,1.0,294
52784,,2.0,3,Mobile Phone,1.0,19.0,1.0,118
52785,9.0,3.0,4,Fashion,3.0,19.0,0.0,176
52786,9.0,3.0,3,Laptop & Accessory,1.0,13.0,0.0,151
52787,29.0,2.0,3,Laptop & Accessory,1.0,21.0,0.0,163
52788,0.0,2.0,3,Mobile Phone,2.0,14.0,2.0,148
52789,15.0,2.0,3,Others,4.0,11.0,,289
52790,19.0,3.0,3,Mobile,9.0,11.0,6.0,123
52791,14.0,2.0,4,Grocery,,23.0,1.0,236
52792,7.0,3.0,4,Laptop & Accessory,1.0,21.0,1.0,167
52793,9.0,2.0,5,Laptop & Accessory,11.0,24.0,5.0,154
52794,14.0,2.0,4,Laptop & Accessory,1.0,11.0,1.0,189
52795,5.0,3.0,3,Mobile,1.0,14.0,0.0,124
52796,8.0,2.0,3,Fashion,1.0,16.0,1.0,188
52797,11.0,3.0,3,Laptop & Accessory,1.0,11.0,0.0,153
52798,13.0,3.0,3,Laptop & Accessory,1.0,12.0,1.0,167
52799,9.0,3.0,4,Laptop & Accessory,1.0,13.0,1.0,167
52800,18.0,2.0,3,Laptop & Accessory,1.0,15.0,0.0,149
52801,13.0,,4,Mobile,2.0,14.0,0.0,128
52802,8.0,3.0,3,Laptop & Accessory,1.0,14.0,0.0,157
52803,,3.0,3,Mobile,1.0,14.0,0.0,120
52804,8.0,,5,Mobile,1.0,12.0,1.0,130
52805,2.0,2.0,4,Laptop & Accessory,1.0,13.0,0.0,140
52806,2.0,3.0,4,Mobile Phone,1.0,14.0,0.0,138
52807,13.0,2.0,4,Fashion,2.0,13.0,2.0,209
52808,12.0,2.0,4,Grocery,9.0,11.0,3.0,220
52809,4.0,3.0,3,Laptop & Accessory,1.0,19.0,1.0,199
52810,0.0,,4,Mobile,1.0,18.0,1.0,130
52811,9.0,2.0,1,Laptop & Accessory,1.0,17.0,0.0,126
52812,12.0,2.0,4,Fashion,1.0,15.0,0.0,200
52813,0.0,2.0,1,Laptop & Accessory,1.0,20.0,0.0,161
52814,22.0,3.0,4,Laptop & Accessory,1.0,14.0,1.0,154
52815,7.0,2.0,1,Laptop & Accessory,1.0,12.0,1.0,144
52816,5.0,4.0,4,Laptop & Accessory,2.0,12.0,2.0,185
52817,1.0,4.0,5,Mobile Phone,2.0,16.0,1.0,146
52818,1.0,3.0,5,Mobile Phone,2.0,15.0,1.0,145
52819,1.0,3.0,5,Laptop & Accessory,2.0,24.0,1.0,159
52820,1.0,3.0,4,Mobile Phone,2.0,12.0,2.0,155
52821,1.0,4.0,6,Mobile Phone,7.0,23.0,5.0,164
52822,3.0,3.0,4,Laptop & Accessory,2.0,15.0,1.0,146
52823,1.0,4.0,4,Mobile Phone,3.0,17.0,3.0,148
52824,14.0,3.0,5,Mobile Phone,2.0,15.0,1.0,152
52825,1.0,3.0,6,Mobile Phone,2.0,13.0,2.0,148
52826,5.0,3.0,4,Others,16.0,,10.0,320
52827,12.0,4.0,5,Fashion,2.0,14.0,1.0,179
52828,1.0,3.0,4,Mobile Phone,3.0,14.0,3.0,159
52829,1.0,4.0,5,Mobile Phone,2.0,18.0,1.0,159
52830,10.0,4.0,5,Fashion,5.0,17.0,1.0,221
52831,1.0,4.0,4,Mobile Phone,2.0,23.0,2.0,146
52832,1.0,4.0,5,Mobile Phone,2.0,19.0,2.0,154
52833,1.0,3.0,5,Laptop & Accessory,2.0,12.0,2.0,182
52834,1.0,4.0,6,Laptop & Accessory,2.0,25.0,2.0,186
52835,20.0,4.0,4,Mobile Phone,5.0,19.0,2.0,175
52836,1.0,4.0,6,Laptop & Accessory,8.0,19.0,7.0,187
52837,21.0,4.0,4,Fashion,16.0,13.0,12.0,228
52838,1.0,3.0,4,Mobile Phone,2.0,20.0,1.0,142
52839,1.0,4.0,6,Laptop & Accessory,3.0,12.0,2.0,171
52840,15.0,3.0,6,Fashion,2.0,16.0,1.0,232
52841,1.0,3.0,4,Mobile Phone,2.0,23.0,2.0,167
52842,9.0,4.0,4,Fashion,2.0,14.0,2.0,198
52843,27.0,3.0,4,Laptop & Accessory,5.0,21.0,1.0,148
52844,19.0,3.0,4,Laptop & Accessory,2.0,19.0,2.0,148
52845,6.0,3.0,4,Fashion,4.0,15.0,3.0,215
52846,3.0,3.0,4,Laptop & Accessory,2.0,14.0,1.0,168
52847,1.0,3.0,5,Laptop & Accessory,2.0,18.0,2.0,186
52848,31.0,4.0,5,Mobile Phone,2.0,21.0,2.0,158
52849,14.0,4.0,5,Fashion,,12.0,3.0,234
52850,8.0,4.0,4,Mobile Phone,2.0,19.0,2.0,147
52851,1.0,4.0,4,Mobile Phone,3.0,25.0,1.0,148
52852,1.0,3.0,4,Mobile Phone,3.0,19.0,1.0,145
52853,2.0,3.0,4,Mobile Phone,2.0,12.0,1.0,152
52854,31.0,3.0,3,Fashion,2.0,17.0,2.0,219
52855,1.0,4.0,5,Mobile Phone,2.0,16.0,1.0,151
52856,24.0,3.0,4,Others,5.0,16.0,3.0,324
52857,15.0,3.0,4,Mobile Phone,2.0,13.0,2.0,150
52858,4.0,3.0,4,Fashion,8.0,13.0,3.0,219
52859,12.0,3.0,5,Laptop & Accessory,2.0,23.0,2.0,212
52860,6.0,3.0,4,Mobile Phone,2.0,21.0,1.0,155
52861,1.0,3.0,4,Mobile Phone,2.0,17.0,2.0,156
52862,1.0,4.0,6,Mobile Phone,2.0,22.0,2.0,148
52863,10.0,2.0,4,Mobile Phone,8.0,13.0,5.0,146
52864,4.0,4.0,4,Laptop & Accessory,7.0,12.0,1.0,156
52865,19.0,2.0,4,Laptop & Accessory,2.0,12.0,1.0,175
52866,30.0,4.0,4,Mobile Phone,3.0,19.0,2.0,168
52867,7.0,3.0,4,Mobile Phone,2.0,15.0,1.0,150
52868,1.0,3.0,5,Mobile Phone,2.0,23.0,1.0,136
52869,20.0,4.0,4,Fashion,16.0,26.0,5.0,230
52870,12.0,4.0,4,Mobile Phone,3.0,13.0,2.0,148
52871,5.0,4.0,4,Mobile Phone,2.0,24.0,2.0,164
52872,8.0,4.0,4,Mobile Phone,2.0,16.0,2.0,148
52873,5.0,4.0,4,Mobile Phone,2.0,23.0,1.0,156
52874,24.0,3.0,5,Mobile Phone,2.0,16.0,1.0,162
52875,27.0,3.0,3,Laptop & Accessory,2.0,12.0,2.0,170
52876,7.0,4.0,4,Mobile Phone,2.0,14.0,1.0,153
52877,14.0,3.0,4,Others,10.0,,1.0,315
52878,29.0,4.0,3,Others,3.0,,1.0,312
52879,8.0,3.0,5,Laptop & Accessory,2.0,18.0,1.0,220
52880,25.0,4.0,4,Grocery,2.0,19.0,,262
52881,26.0,4.0,5,Others,12.0,15.0,2.0,325
52882,1.0,3.0,4,Mobile Phone,2.0,17.0,2.0,148
52883,1.0,3.0,5,Laptop & Accessory,2.0,14.0,2.0,184
52884,17.0,3.0,3,Mobile Phone,3.0,15.0,1.0,146
52885,19.0,4.0,5,Grocery,12.0,,10.0,293
52886,11.0,4.0,3,Mobile Phone,2.0,13.0,1.0,161
52887,9.0,3.0,4,Laptop & Accessory,2.0,12.0,2.0,169
52888,16.0,3.0,4,Laptop & Accessory,2.0,17.0,1.0,178
52889,12.0,3.0,4,Laptop & Accessory,2.0,15.0,1.0,191
52890,12.0,3.0,4,Laptop & Accessory,2.0,19.0,1.0,188
52891,1.0,3.0,5,Laptop & Accessory,3.0,20.0,1.0,168
52892,23.0,4.0,4,Laptop & Accessory,2.0,16.0,1.0,193
52893,8.0,3.0,4,Mobile Phone,3.0,18.0,3.0,163
52894,14.0,3.0,4,Laptop & Accessory,4.0,16.0,2.0,152
52895,2.0,4.0,4,Laptop & Accessory,2.0,20.0,1.0,192
52896,1.0,3.0,4,Fashion,2.0,23.0,2.0,201
52897,1.0,3.0,3,Mobile Phone,3.0,17.0,1.0,148
52898,10.0,4.0,4,Mobile Phone,2.0,14.0,2.0,147
52899,14.0,4.0,5,Laptop & Accessory,2.0,15.0,2.0,174
52900,20.0,4.0,4,Fashion,2.0,17.0,1.0,219
52901,1.0,3.0,6,Fashion,10.0,12.0,8.0,229
52902,4.0,3.0,5,Fashion,6.0,23.0,3.0,210
52903,1.0,3.0,4,Laptop & Accessory,2.0,15.0,2.0,225
52904,25.0,3.0,5,Fashion,,17.0,2.0,250
52905,1.0,3.0,4,Mobile Phone,2.0,12.0,2.0,152
52906,15.0,4.0,4,Fashion,2.0,19.0,1.0,261
52907,1.0,3.0,5,Laptop & Accessory,2.0,16.0,1.0,192
52908,1.0,3.0,4,Mobile Phone,2.0,15.0,1.0,146
52909,19.0,3.0,5,Fashion,13.0,13.0,13.0,214
52910,28.0,3.0,4,Laptop & Accessory,2.0,15.0,2.0,184
52911,10.0,4.0,4,Laptop & Accessory,4.0,17.0,1.0,184
52912,7.0,3.0,5,Mobile Phone,2.0,22.0,1.0,151
52913,11.0,3.0,4,Fashion,,15.0,1.0,247
52914,12.0,4.0,4,Fashion,6.0,13.0,2.0,231
52915,5.0,3.0,6,Laptop & Accessory,2.0,13.0,2.0,168
52916,31.0,4.0,5,Mobile Phone,2.0,18.0,1.0,147
52917,11.0,3.0,4,Mobile Phone,6.0,18.0,2.0,25
52918,3.0,3.0,4,Fashion,5.0,15.0,5.0,204
52919,9.0,4.0,4,Fashion,2.0,15.0,2.0,213
52920,1.0,3.0,5,Mobile Phone,2.0,14.0,1.0,149
52921,26.0,3.0,5,Mobile Phone,3.0,16.0,1.0,157
52922,16.0,3.0,4,Others,12.0,,1.0,317
52923,31.0,3.0,4,Mobile Phone,3.0,18.0,3.0,148
52924,24.0,4.0,4,Others,2.0,,2.0,320
52925,1.0,3.0,4,Mobile Phone,2.0,14.0,1.0,149
52926,17.0,4.0,4,Grocery,2.0,23.0,,286
52927,1.0,3.0,4,Mobile Phone,2.0,21.0,2.0,152
52928,26.0,4.0,5,Others,16.0,,8.0,316
52929,6.0,3.0,4,Mobile Phone,2.0,12.0,2.0,164
52930,1.0,4.0,5,Mobile Phone,2.0,15.0,2.0,162
52931,13.0,4.0,4,Mobile Phone,2.0,15.0,1.0,147
52932,6.0,4.0,4,Laptop & Accessory,3.0,19.0,2.0,170
52933,15.0,3.0,4,Laptop & Accessory,2.0,17.0,2.0,156
52934,14.0,4.0,4,Laptop & Accessory,5.0,18.0,3.0,158
52935,19.0,4.0,3,Others,2.0,,2.0,317
52936,5.0,4.0,4,Fashion,3.0,13.0,,262
52937,7.0,4.0,5,Mobile Phone,2.0,14.0,1.0,154
52938,8.0,3.0,5,Laptop & Accessory,6.0,14.0,1.0,185
52939,11.0,3.0,5,Mobile Phone,2.0,15.0,2.0,164
52940,19.0,4.0,3,Laptop & Accessory,2.0,18.0,1.0,189
52941,1.0,4.0,4,Fashion,2.0,12.0,2.0,225
52942,13.0,4.0,4,Fashion,,26.0,11.0,234
52943,3.0,3.0,4,Mobile Phone,2.0,20.0,1.0,148
52944,16.0,3.0,3,Laptop & Accessory,2.0,14.0,1.0,190
52945,3.0,3.0,4,Laptop & Accessory,2.0,15.0,2.0,194
52946,1.0,4.0,4,Laptop & Accessory,2.0,13.0,2.0,174
52947,16.0,3.0,5,Mobile Phone,8.0,12.0,5.0,151
52948,14.0,3.0,4,Others,4.0,,1.0,319
52949,25.0,4.0,4,Mobile Phone,2.0,12.0,2.0,152
52950,1.0,4.0,5,Mobile Phone,2.0,12.0,2.0,160
52951,6.0,4.0,3,Mobile Phone,2.0,21.0,1.0,153
52952,12.0,3.0,5,Laptop & Accessory,8.0,19.0,7.0,177
52953,6.0,3.0,5,Laptop & Accessory,2.0,14.0,1.0,147
52954,20.0,4.0,6,Grocery,8.0,,7.0,294
52955,1.0,4.0,4,Mobile Phone,2.0,12.0,2.0,160
52956,3.0,4.0,5,Laptop & Accessory,2.0,20.0,1.0,191
52957,5.0,4.0,5,Laptop & Accessory,8.0,22.0,2.0,181
52958,1.0,3.0,3,Laptop & Accessory,2.0,13.0,2.0,165
52959,19.0,4.0,4,Grocery,,15.0,1.0,260
52960,10.0,3.0,4,Mobile Phone,11.0,12.0,5.0,157
52961,29.0,3.0,4,Others,5.0,,5.0,315
52962,11.0,3.0,4,Fashion,,13.0,6.0,243
52963,2.0,4.0,4,Mobile Phone,2.0,24.0,2.0,146
52964,11.0,4.0,4,Laptop & Accessory,2.0,15.0,1.0,190
52965,1.0,4.0,5,Mobile Phone,2.0,18.0,2.0,157
52966,11.0,1.0,4,Fashion,2.0,19.0,,261
52967,3.0,4.0,3,Fashion,,19.0,6.0,245
52968,12.0,3.0,3,Laptop & Accessory,8.0,25.0,1.0,181
52969,1.0,3.0,4,Laptop & Accessory,2.0,21.0,1.0,189
52970,24.0,4.0,4,Others,2.0,,2.0,316
52971,27.0,3.0,4,Grocery,2.0,,1.0,301
52972,16.0,3.0,4,Laptop & Accessory,12.0,26.0,5.0,174
52973,3.0,3.0,4,Laptop & Accessory,2.0,19.0,1.0,171
52974,29.0,3.0,4,Laptop & Accessory,2.0,20.0,2.0,179
52975,1.0,3.0,4,Laptop & Accessory,4.0,14.0,3.0,172
52976,11.0,3.0,4,Mobile Phone,6.0,13.0,2.0,146
52977,8.0,3.0,4,Mobile Phone,2.0,23.0,1.0,157
52978,12.0,3.0,4,Laptop & Accessory,2.0,15.0,1.0,182
52979,1.0,3.0,4,Mobile Phone,2.0,14.0,2.0,149
52980,2.0,4.0,4,Mobile Phone,2.0,22.0,1.0,158
52981,23.0,3.0,4,Others,2.0,,1.0,312
52982,10.0,2.0,4,Laptop & Accessory,8.0,13.0,7.0,170
52983,5.0,3.0,4,Mobile Phone,3.0,12.0,1.0,153
52984,1.0,3.0,5,Laptop & Accessory,8.0,13.0,8.0,183
52985,11.0,3.0,4,Mobile Phone,2.0,13.0,1.0,148
52986,16.0,4.0,4,Grocery,,15.0,3.0,260
52987,1.0,3.0,4,Mobile Phone,2.0,14.0,1.0,139
52988,9.0,4.0,4,Fashion,7.0,16.0,4.0,205
52989,10.0,3.0,3,Mobile Phone,2.0,19.0,1.0,162
52990,25.0,3.0,6,Laptop & Accessory,2.0,19.0,1.0,180
52991,15.0,3.0,4,Grocery,2.0,20.0,,285
52992,1.0,4.0,5,Mobile Phone,2.0,13.0,2.0,137
52993,2.0,4.0,3,Laptop & Accessory,2.0,20.0,1.0,182
52994,5.0,4.0,3,Laptop & Accessory,8.0,12.0,4.0,194
52995,13.0,3.0,3,Fashion,4.0,18.0,4.0,221
52996,10.0,3.0,4,Laptop & Accessory,2.0,16.0,1.0,182
52997,6.0,4.0,5,Laptop & Accessory,5.0,15.0,2.0,180
52998,12.0,3.0,5,Fashion,,18.0,2.0,246
52999,31.0,3.0,6,Laptop & Accessory,2.0,14.0,2.0,182
53000,5.0,3.0,4,Mobile Phone,2.0,13.0,1.0,173
53001,5.0,4.0,5,Laptop & Accessory,2.0,13.0,1.0,189
53002,19.0,4.0,4,Fashion,10.0,19.0,6.0,177
53003,5.0,3.0,4,Mobile Phone,3.0,19.0,2.0,152
53004,7.0,4.0,4,Fashion,,12.0,3.0,244
53005,13.0,3.0,4,Grocery,12.0,,12.0,296
53006,17.0,3.0,4,Mobile Phone,2.0,20.0,1.0,150
53007,23.0,3.0,5,Grocery,2.0,13.0,,265
53008,16.0,3.0,5,Laptop & Accessory,8.0,16.0,8.0,174
53009,1.0,3.0,4,Mobile Phone,2.0,13.0,1.0,150
53010,6.0,4.0,5,Laptop & Accessory,12.0,12.0,7.0,177
53011,1.0,4.0,4,Laptop & Accessory,2.0,12.0,2.0,170
53012,5.0,4.0,4,Laptop & Accessory,2.0,13.0,1.0,200
53013,6.0,4.0,3,Laptop & Accessory,2.0,17.0,2.0,176
53014,1.0,3.0,6,Mobile Phone,3.0,14.0,3.0,160
53015,4.0,4.0,4,Laptop & Accessory,2.0,14.0,1.0,183
53016,5.0,3.0,5,Fashion,9.0,25.0,4.0,214
53017,13.0,3.0,5,Others,14.0,,10.0,318
53018,3.0,3.0,4,Laptop & Accessory,2.0,19.0,2.0,177
53019,7.0,3.0,5,Laptop & Accessory,2.0,15.0,2.0,172
53020,21.0,3.0,4,Others,2.0,,1.0,308
53021,17.0,3.0,5,Laptop & Accessory,2.0,12.0,1.0,178
53022,1.0,4.0,4,Laptop & Accessory,2.0,14.0,1.0,188
53023,28.0,3.0,4,Laptop & Accessory,2.0,13.0,2.0,174
53024,17.0,3.0,4,Fashion,2.0,17.0,2.0,225
53025,19.0,4.0,4,Laptop & Accessory,10.0,15.0,8.0,162
53026,14.0,3.0,6,Laptop & Accessory,2.0,23.0,2.0,200
53027,1.0,4.0,6,Mobile Phone,2.0,12.0,2.0,146
53028,3.0,2.0,5,Mobile Phone,3.0,18.0,3.0,165
53029,4.0,2.0,5,Laptop & Accessory,2.0,14.0,1.0,186
53030,1.0,3.0,4,Laptop & Accessory,2.0,19.0,1.0,187
53031,11.0,4.0,4,Laptop & Accessory,2.0,17.0,1.0,188
53032,12.0,4.0,5,Fashion,,15.0,2.0,240
53033,5.0,3.0,4,Fashion,5.0,15.0,3.0,196
53034,3.0,3.0,5,Laptop & Accessory,2.0,15.0,1.0,208
53035,9.0,4.0,4,Fashion,2.0,14.0,1.0,206
53036,1.0,3.0,4,Mobile Phone,2.0,13.0,2.0,154
53037,15.0,4.0,5,Laptop & Accessory,2.0,16.0,2.0,185
53038,21.0,3.0,4,Laptop & Accessory,2.0,20.0,1.0,155
53039,16.0,3.0,4,Grocery,2.0,15.0,,285
53040,3.0,4.0,4,Laptop & Accessory,2.0,15.0,2.0,171
53041,16.0,3.0,4,Mobile Phone,2.0,12.0,2.0,152
53042,6.0,4.0,4,Mobile Phone,2.0,14.0,1.0,149
53043,22.0,4.0,4,Fashion,,22.0,1.0,250
53044,11.0,3.0,3,Laptop & Accessory,7.0,14.0,3.0,185
53045,4.0,3.0,4,Laptop & Accessory,3.0,13.0,2.0,172
53046,1.0,3.0,4,Laptop & Accessory,8.0,18.0,3.0,178
53047,16.0,4.0,5,Laptop & Accessory,2.0,24.0,1.0,193
53048,1.0,3.0,5,Mobile Phone,2.0,12.0,2.0,147
53049,10.0,3.0,4,Laptop & Accessory,2.0,16.0,2.0,192
53050,10.0,3.0,5,Fashion,2.0,12.0,1.0,222
53051,31.0,3.0,4,Laptop & Accessory,2.0,12.0,2.0,193
53052,14.0,3.0,3,Mobile Phone,2.0,14.0,1.0,147
53053,1.0,3.0,4,Mobile Phone,3.0,25.0,1.0,151
53054,1.0,3.0,4,Mobile Phone,2.0,14.0,2.0,154
53055,11.0,4.0,4,Mobile Phone,2.0,21.0,2.0,160
53056,20.0,2.0,4,Laptop & Accessory,2.0,15.0,1.0,178
53057,5.0,3.0,4,Laptop & Accessory,8.0,19.0,8.0,219
53058,24.0,4.0,5,Fashion,2.0,16.0,1.0,230
53059,4.0,4.0,5,Laptop & Accessory,2.0,13.0,2.0,189
53060,5.0,3.0,5,Mobile Phone,3.0,17.0,2.0,152
53061,1.0,3.0,3,Mobile Phone,2.0,16.0,1.0,152
53062,3.0,3.0,4,Mobile Phone,2.0,17.0,2.0,147
53063,9.0,4.0,5,Laptop & Accessory,2.0,20.0,2.0,190
53064,1.0,3.0,4,Mobile Phone,2.0,12.0,1.0,163
53065,2.0,4.0,4,Laptop & Accessory,2.0,17.0,2.0,178
53066,23.0,3.0,5,Fashion,2.0,25.0,2.0,170
53067,25.0,3.0,4,Laptop & Accessory,2.0,12.0,1.0,174
53068,10.0,4.0,4,Mobile Phone,3.0,14.0,2.0,150
53069,1.0,4.0,3,Laptop & Accessory,2.0,14.0,2.0,178
53070,29.0,4.0,4,Grocery,2.0,14.0,,292
53071,1.0,4.0,4,Laptop & Accessory,2.0,13.0,1.0,168
53072,4.0,4.0,4,Mobile Phone,2.0,19.0,2.0,150
53073,1.0,4.0,4,Mobile Phone,2.0,23.0,1.0,156
53074,1.0,3.0,4,Mobile Phone,2.0,14.0,2.0,147
53075,10.0,4.0,5,Fashion,10.0,14.0,10.0,201
53076,1.0,3.0,4,Mobile Phone,2.0,24.0,2.0,148
53077,11.0,4.0,4,Mobile Phone,13.0,13.0,4.0,155
53078,14.0,3.0,4,Laptop & Accessory,2.0,13.0,1.0,182
53079,16.0,4.0,4,Mobile Phone,2.0,17.0,2.0,151
53080,11.0,3.0,4,Laptop & Accessory,2.0,13.0,1.0,167
53081,17.0,3.0,5,Grocery,4.0,12.0,,268
53082,14.0,4.0,5,Laptop & Accessory,2.0,23.0,2.0,159
53083,28.0,3.0,4,Others,2.0,,2.0,319
53084,8.0,4.0,4,Laptop & Accessory,2.0,16.0,2.0,190
53085,5.0,3.0,4,Laptop & Accessory,4.0,13.0,4.0,168
53086,17.0,4.0,4,Mobile Phone,2.0,21.0,1.0,148
53087,17.0,4.0,4,Laptop & Accessory,2.0,15.0,1.0,170
53088,1.0,3.0,5,Laptop & Accessory,2.0,12.0,1.0,170
53089,11.0,4.0,4,Laptop & Accessory,11.0,16.0,4.0,169
53090,5.0,4.0,5,Mobile Phone,4.0,13.0,1.0,147
53091,13.0,3.0,4,Others,2.0,,1.0,317
53092,30.0,3.0,3,Grocery,,12.0,3.0,257
53093,4.0,3.0,4,Laptop & Accessory,5.0,12.0,4.0,191
53094,15.0,3.0,3,Fashion,2.0,17.0,2.0,209
53095,2.0,4.0,4,Laptop & Accessory,2.0,13.0,1.0,171
53096,1.0,4.0,4,Mobile Phone,2.0,14.0,2.0,165
53097,26.0,3.0,5,Fashion,2.0,15.0,1.0,205
53098,19.0,4.0,4,Mobile Phone,2.0,22.0,2.0,152
53099,26.0,2.0,4,Grocery,2.0,14.0,,291
53100,16.0,4.0,4,Laptop & Accessory,2.0,12.0,2.0,171
53101,4.0,3.0,6,Laptop & Accessory,2.0,21.0,1.0,186
53102,31.0,3.0,4,Others,12.0,,1.0,321
53103,20.0,3.0,4,Laptop & Accessory,2.0,15.0,1.0,173
53104,16.0,3.0,5,Laptop & Accessory,2.0,12.0,1.0,170
53105,1.0,4.0,4,Mobile Phone,2.0,17.0,2.0,157
53106,1.0,3.0,6,Mobile Phone,2.0,17.0,2.0,149
53107,12.0,3.0,4,Mobile Phone,2.0,24.0,2.0,142
53108,14.0,4.0,4,Others,2.0,,1.0,305
53109,1.0,3.0,4,Mobile Phone,2.0,23.0,2.0,154
53110,4.0,3.0,4,Mobile Phone,2.0,16.0,1.0,146
53111,3.0,4.0,5,Fashion,,19.0,2.0,244
53112,1.0,4.0,5,Mobile Phone,2.0,17.0,1.0,150
53113,1.0,3.0,5,Mobile Phone,2.0,13.0,2.0,151
53114,4.0,4.0,4,Fashion,8.0,12.0,3.0,209
53115,31.0,3.0,5,Grocery,2.0,13.0,,266
53116,24.0,3.0,5,Grocery,16.0,,12.0,295
53117,4.0,3.0,4,Mobile Phone,7.0,15.0,6.0,151
53118,31.0,4.0,5,Fashion,14.0,20.0,14.0,228
53119,21.0,4.0,4,Laptop & Accessory,2.0,14.0,1.0,176
53120,20.0,3.0,4,Grocery,2.0,,1.0,304
53121,9.0,3.0,6,Mobile Phone,5.0,16.0,3.0,167
53122,28.0,3.0,4,Laptop & Accessory,2.0,12.0,2.0,163
53123,8.0,4.0,5,Mobile Phone,6.0,13.0,6.0,153
53124,20.0,4.0,5,Fashion,2.0,20.0,2.0,216
53125,5.0,3.0,4,Fashion,2.0,26.0,2.0,231
53126,1.0,3.0,4,Fashion,8.0,13.0,,261
53127,1.0,3.0,6,Mobile Phone,2.0,14.0,1.0,159
53128,4.0,3.0,4,Mobile Phone,2.0,15.0,2.0,155
53129,9.0,4.0,4,Fashion,2.0,13.0,1.0,201
53130,1.0,4.0,4,Fashion,2.0,13.0,2.0,223
53131,1.0,3.0,4,Fashion,2.0,16.0,2.0,225
53132,16.0,4.0,4,Mobile Phone,3.0,18.0,3.0,146
53133,10.0,3.0,4,Fashion,10.0,15.0,2.0,225
53134,1.0,3.0,5,Mobile Phone,2.0,17.0,2.0,164
53135,22.0,3.0,4,Laptop & Accessory,7.0,15.0,5.0,166
53136,29.0,3.0,4,Grocery,8.0,,1.0,293
53137,15.0,3.0,4,Laptop & Accessory,2.0,15.0,1.0,187
53138,9.0,3.0,4,Laptop & Accessory,7.0,12.0,4.0,172
53139,14.0,4.0,4,Grocery,,16.0,5.0,257
53140,13.0,3.0,4,Mobile Phone,2.0,12.0,1.0,163
53141,5.0,4.0,4,Laptop & Accessory,2.0,14.0,2.0,191
53142,16.0,3.0,4,Fashion,6.0,22.0,5.0,199
53143,19.0,4.0,4,Laptop & Accessory,4.0,20.0,4.0,173
53144,1.0,3.0,4,Mobile Phone,2.0,12.0,1.0,152
53145,3.0,3.0,4,Laptop & Accessory,2.0,13.0,1.0,168
53146,7.0,4.0,3,Grocery,2.0,20.0,,287
53147,1.0,3.0,5,Fashion,,22.0,2.0,241
53148,1.0,4.0,4,Mobile Phone,2.0,15.0,2.0,144
53149,14.0,3.0,6,Fashion,,16.0,2.0,234
53150,15.0,4.0,5,Laptop & Accessory,2.0,18.0,1.0,193
53151,1.0,3.0,4,Laptop & Accessory,2.0,13.0,2.0,168
53152,9.0,4.0,4,Laptop & Accessory,2.0,17.0,1.0,174
53153,8.0,4.0,3,Laptop & Accessory,6.0,13.0,6.0,178
53154,1.0,4.0,6,Mobile Phone,2.0,19.0,2.0,148
53155,11.0,3.0,4,Fashion,2.0,18.0,2.0,200
53156,20.0,3.0,4,Fashion,2.0,12.0,2.0,230
53157,15.0,4.0,4,Grocery,12.0,17.0,,291
53158,11.0,4.0,4,Fashion,8.0,14.0,7.0,213
53159,26.0,4.0,4,Laptop & Accessory,7.0,13.0,3.0,181
53160,1.0,3.0,3,Laptop & Accessory,2.0,13.0,2.0,172
53161,1.0,3.0,4,Mobile Phone,3.0,14.0,1.0,149
53162,12.0,4.0,4,Laptop & Accessory,2.0,20.0,2.0,223
53163,11.0,4.0,4,Laptop & Accessory,5.0,13.0,4.0,189
53164,23.0,3.0,5,Others,2.0,,1.0,320
53165,1.0,3.0,3,Mobile Phone,2.0,12.0,1.0,152
53166,1.0,4.0,4,Laptop & Accessory,2.0,21.0,2.0,188
53167,1.0,4.0,5,Mobile Phone,2.0,22.0,2.0,146
53168,24.0,3.0,4,Others,11.0,,7.0,307
53169,1.0,3.0,4,Mobile Phone,2.0,12.0,2.0,146
53170,1.0,3.0,4,Mobile Phone,2.0,17.0,1.0,154
53171,1.0,4.0,5,Mobile Phone,2.0,19.0,2.0,145
53172,8.0,3.0,5,Mobile Phone,2.0,14.0,1.0,161
53173,1.0,3.0,4,Laptop & Accessory,2.0,18.0,1.0,167
53174,9.0,3.0,5,Laptop & Accessory,2.0,15.0,1.0,162
53175,5.0,4.0,3,Laptop & Accessory,6.0,23.0,4.0,180
53176,1.0,4.0,5,Mobile Phone,2.0,13.0,2.0,147
53177,11.0,4.0,4,Laptop & Accessory,2.0,12.0,1.0,221
53178,1.0,3.0,5,Mobile Phone,2.0,14.0,2.0,153
53179,16.0,3.0,4,Laptop & Accessory,3.0,14.0,3.0,166
53180,17.0,3.0,5,Grocery,2.0,15.0,,291
53181,12.0,3.0,4,Mobile Phone,2.0,18.0,2.0,151
53182,17.0,4.0,4,Laptop & Accessory,5.0,14.0,3.0,182
53183,22.0,3.0,5,Grocery,2.0,12.0,,279
53184,18.0,3.0,5,Laptop & Accessory,2.0,12.0,2.0,185
53185,8.0,3.0,4,Mobile Phone,2.0,19.0,2.0,151
53186,1.0,3.0,4,Mobile Phone,2.0,12.0,1.0,155
53187,1.0,3.0,4,Mobile Phone,2.0,12.0,2.0,159
53188,18.0,3.0,4,Others,2.0,,2.0,320
53189,1.0,4.0,4,Mobile Phone,3.0,21.0,3.0,153
53190,7.0,3.0,4,Laptop & Accessory,2.0,13.0,2.0,196
53191,6.0,4.0,4,Laptop & Accessory,2.0,13.0,2.0,188
53192,4.0,4.0,4,Mobile Phone,2.0,21.0,2.0,146
53193,27.0,3.0,4,Laptop & Accessory,9.0,21.0,7.0,209
53194,8.0,3.0,4,Mobile Phone,9.0,13.0,7.0,152
53195,9.0,4.0,4,Laptop & Accessory,2.0,15.0,1.0,168
53196,1.0,4.0,4,Mobile Phone,2.0,14.0,1.0,152
53197,11.0,3.0,4,Fashion,8.0,16.0,7.0,219
53198,3.0,4.0,4,Laptop & Accessory,2.0,15.0,1.0,181
53199,9.0,3.0,6,Laptop & Accessory,12.0,14.0,12.0,191
53200,7.0,2.0,4,Laptop & Accessory,5.0,24.0,5.0,202
53201,28.0,3.0,4,Fashion,,16.0,4.0,232
53202,10.0,3.0,5,Laptop & Accessory,2.0,12.0,2.0,213
53203,1.0,3.0,5,Mobile Phone,2.0,14.0,1.0,145
53204,1.0,3.0,4,Mobile,2.0,12.0,1.0,135
53205,1.0,4.0,4,Mobile Phone,10.0,12.0,10.0,158
53206,9.0,3.0,5,Mobile Phone,2.0,19.0,2.0,138
53207,1.0,3.0,3,Mobile Phone,2.0,17.0,1.0,153
53208,1.0,3.0,3,Laptop & Accessory,2.0,23.0,1.0,174
53209,12.0,3.0,5,Laptop & Accessory,2.0,21.0,2.0,165
53210,3.0,4.0,6,Mobile Phone,3.0,19.0,3.0,152
53211,22.0,3.0,3,Laptop & Accessory,3.0,13.0,3.0,206
53212,1.0,4.0,3,Laptop & Accessory,2.0,21.0,2.0,171
53213,11.0,4.0,3,Mobile Phone,2.0,18.0,2.0,172
53214,24.0,4.0,3,Mobile Phone,4.0,12.0,4.0,157
53215,8.0,3.0,5,Fashion,8.0,15.0,5.0,211
53216,1.0,4.0,4,Laptop & Accessory,3.0,15.0,2.0,171
53217,13.0,4.0,5,Laptop & Accessory,12.0,12.0,3.0,171
53218,6.0,3.0,4,Laptop & Accessory,2.0,13.0,1.0,179
53219,14.0,3.0,4,Laptop & Accessory,2.0,15.0,2.0,193
53220,12.0,3.0,3,Laptop & Accessory,2.0,14.0,2.0,201
53221,1.0,4.0,4,Fashion,2.0,12.0,2.0,199
53222,6.0,3.0,4,Fashion,,16.0,4.0,237
53223,21.0,3.0,4,Laptop & Accessory,2.0,13.0,1.0,175
53224,14.0,3.0,5,Fashion,2.0,22.0,1.0,230
53225,27.0,3.0,3,Grocery,2.0,20.0,,273
53226,15.0,4.0,5,Others,13.0,,13.0,316
53227,31.0,3.0,4,Laptop & Accessory,3.0,15.0,2.0,179
53228,1.0,3.0,4,Fashion,2.0,22.0,2.0,213
53229,15.0,3.0,5,Others,3.0,,3.0,317
53230,24.0,3.0,4,Mobile Phone,3.0,16.0,2.0,164
53231,1.0,4.0,6,Mobile Phone,4.0,14.0,2.0,147
53232,10.0,4.0,3,Fashion,,15.0,1.0,242
53233,12.0,3.0,4,Fashion,2.0,15.0,1.0,204
53234,18.0,3.0,6,Mobile Phone,2.0,15.0,1.0,162
53235,21.0,3.0,4,Grocery,12.0,13.0,,263
53236,4.0,3.0,4,Laptop & Accessory,8.0,24.0,5.0,178
53237,3.0,3.0,4,Mobile Phone,2.0,12.0,1.0,151
53238,6.0,3.0,3,Mobile Phone,3.0,13.0,3.0,153
53239,17.0,3.0,5,Laptop & Accessory,3.0,19.0,1.0,193
53240,8.0,4.0,4,Laptop & Accessory,5.0,12.0,2.0,186
53241,1.0,3.0,4,Mobile Phone,2.0,15.0,1.0,150
53242,13.0,3.0,3,Laptop & Accessory,4.0,16.0,4.0,189
53243,30.0,3.0,4,Grocery,,12.0,1.0,236
53244,14.0,3.0,5,Mobile Phone,3.0,21.0,3.0,148
53245,1.0,3.0,5,Laptop & Accessory,2.0,20.0,2.0,193
53246,3.0,3.0,4,Mobile Phone,3.0,15.0,1.0,148
53247,27.0,3.0,4,Laptop & Accessory,3.0,18.0,2.0,150
53248,9.0,4.0,4,Laptop & Accessory,2.0,12.0,1.0,176
53249,6.0,4.0,4,Laptop & Accessory,5.0,16.0,3.0,178
53250,12.0,4.0,4,Mobile Phone,2.0,14.0,1.0,156
53251,8.0,3.0,4,Laptop & Accessory,2.0,15.0,2.0,176
53252,26.0,3.0,5,Grocery,2.0,,2.0,294
53253,1.0,4.0,4,Mobile Phone,8.0,14.0,6.0,152
53254,1.0,3.0,4,Laptop & Accessory,2.0,24.0,1.0,187
53255,19.0,3.0,6,Laptop & Accessory,4.0,14.0,1.0,191
53256,1.0,4.0,3,Mobile Phone,2.0,19.0,2.0,160
53257,11.0,4.0,2,Laptop & Accessory,2.0,13.0,2.0,189
53258,8.0,3.0,4,Laptop & Accessory,2.0,23.0,1.0,188
53259,19.0,4.0,4,Others,2.0,14.0,2.0,324
53260,10.0,4.0,5,Fashion,2.0,16.0,1.0,201
53261,26.0,3.0,4,Mobile Phone,2.0,19.0,2.0,168
53262,1.0,4.0,6,Mobile Phone,3.0,15.0,3.0,169
53263,3.0,4.0,4,Laptop & Accessory,2.0,13.0,2.0,168
53264,1.0,3.0,5,Laptop & Accessory,2.0,18.0,2.0,178
53265,8.0,4.0,2,Mobile Phone,2.0,17.0,1.0,158
53266,28.0,4.0,4,Laptop & Accessory,2.0,12.0,1.0,180
53267,3.0,3.0,4,Laptop & Accessory,2.0,20.0,1.0,168
53268,11.0,3.0,4,Mobile Phone,5.0,14.0,4.0,153
53269,12.0,4.0,2,Laptop & Accessory,5.0,13.0,5.0,185
53270,8.0,3.0,5,Mobile Phone,2.0,12.0,2.0,169
53271,9.0,4.0,4,Mobile Phone,2.0,17.0,1.0,151
53272,4.0,3.0,6,Mobile Phone,2.0,22.0,2.0,163
53273,14.0,3.0,2,Laptop & Accessory,4.0,25.0,1.0,167
53274,8.0,4.0,4,Laptop & Accessory,2.0,18.0,2.0,190
53275,16.0,4.0,4,Others,15.0,,1.0,309
53276,1.0,4.0,2,Mobile Phone,2.0,22.0,2.0,141
53277,1.0,3.0,5,Mobile Phone,2.0,12.0,2.0,152
53278,26.0,3.0,4,Laptop & Accessory,2.0,21.0,2.0,156
53279,24.0,4.0,4,Grocery,2.0,,1.0,301
53280,1.0,3.0,5,Mobile Phone,2.0,12.0,1.0,148
53281,7.0,3.0,4,Fashion,,12.0,1.0,242
53282,1.0,4.0,4,Laptop & Accessory,2.0,16.0,2.0,178
53283,21.0,3.0,4,Grocery,4.0,,4.0,293
53284,10.0,3.0,4,Laptop & Accessory,2.0,16.0,1.0,177
53285,3.0,3.0,2,Mobile Phone,2.0,25.0,2.0,152
53286,21.0,3.0,4,Others,14.0,,6.0,317
53287,9.0,3.0,2,Mobile Phone,3.0,14.0,1.0,150
53288,16.0,3.0,5,Laptop & Accessory,2.0,14.0,1.0,186
53289,1.0,3.0,4,Mobile Phone,3.0,18.0,1.0,169
53290,10.0,3.0,4,Mobile Phone,2.0,14.0,2.0,146
53291,6.0,4.0,5,Laptop & Accessory,7.0,13.0,2.0,187
53292,14.0,3.0,5,Laptop & Accessory,2.0,15.0,2.0,176
53293,4.0,3.0,5,Laptop & Accessory,2.0,25.0,2.0,194
53294,19.0,4.0,5,Mobile Phone,2.0,15.0,2.0,148
53295,16.0,4.0,4,Laptop & Accessory,8.0,14.0,3.0,169
53296,12.0,3.0,5,Laptop & Accessory,2.0,16.0,2.0,188
53297,8.0,4.0,5,Mobile Phone,2.0,17.0,2.0,151
53298,13.0,3.0,4,Fashion,8.0,19.0,1.0,202
53299,19.0,3.0,4,Laptop & Accessory,8.0,17.0,1.0,177
53300,17.0,4.0,4,Grocery,2.0,,2.0,297
53301,1.0,3.0,5,Fashion,,17.0,1.0,253
53302,9.0,3.0,4,Fashion,2.0,22.0,1.0,227
53303,2.0,3.0,4,Laptop & Accessory,8.0,21.0,8.0,173
53304,8.0,3.0,4,Mobile Phone,2.0,20.0,2.0,162
53305,1.0,3.0,5,Mobile Phone,2.0,15.0,1.0,149
53306,1.0,3.0,4,Mobile Phone,2.0,12.0,2.0,142
53307,25.0,4.0,4,Grocery,5.0,15.0,,288
53308,18.0,3.0,4,Laptop & Accessory,3.0,13.0,2.0,184
53309,1.0,4.0,2,Mobile Phone,2.0,14.0,2.0,159
53310,7.0,3.0,2,Laptop & Accessory,2.0,23.0,1.0,165
53311,9.0,3.0,5,Mobile Phone,2.0,12.0,2.0,151
53312,10.0,3.0,4,Laptop & Accessory,5.0,15.0,3.0,187
53313,6.0,4.0,4,Laptop & Accessory,2.0,12.0,1.0,169
53314,4.0,4.0,5,Mobile Phone,2.0,13.0,1.0,163
53315,27.0,4.0,5,Fashion,,19.0,1.0,234
53316,19.0,4.0,4,Fashion,,13.0,2.0,233
53317,6.0,4.0,2,Laptop & Accessory,2.0,13.0,2.0,177
53318,26.0,3.0,5,Grocery,2.0,23.0,,263
53319,11.0,4.0,5,Laptop & Accessory,2.0,20.0,2.0,188
53320,2.0,4.0,5,Mobile Phone,2.0,14.0,1.0,174
53321,1.0,3.0,5,Laptop & Accessory,3.0,23.0,3.0,173
53322,18.0,4.0,2,Mobile Phone,2.0,25.0,2.0,153
53323,16.0,3.0,4,Mobile Phone,3.0,15.0,1.0,150
53324,10.0,4.0,5,Mobile Phone,2.0,22.0,2.0,148
53325,1.0,4.0,4,Laptop & Accessory,2.0,19.0,2.0,167
53326,9.0,4.0,5,Fashion,,21.0,3.0,232
53327,1.0,4.0,4,Mobile Phone,8.0,20.0,1.0,145
53328,6.0,4.0,4,Mobile Phone,2.0,13.0,1.0,148
53329,1.0,3.0,5,Laptop & Accessory,2.0,13.0,2.0,168
53330,23.0,3.0,4,Mobile Phone,2.0,17.0,2.0,161
53331,1.0,3.0,5,Mobile Phone,4.0,18.0,1.0,157
53332,6.0,3.0,4,Laptop & Accessory,6.0,15.0,3.0,190
53333,12.0,4.0,5,Mobile Phone,2.0,20.0,1.0,154
53334,16.0,4.0,2,Laptop & Accessory,2.0,14.0,1.0,177
53335,5.0,3.0,4,Mobile Phone,2.0,20.0,2.0,149
53336,1.0,3.0,5,Mobile Phone,2.0,20.0,1.0,153
53337,27.0,4.0,4,Grocery,,15.0,1.0,243
53338,9.0,4.0,5,Fashion,,17.0,4.0,234
53339,11.0,3.0,4,Mobile Phone,2.0,16.0,2.0,155
53340,27.0,4.0,4,Grocery,4.0,19.0,,268
53341,17.0,3.0,4,Laptop & Accessory,3.0,14.0,2.0,181
53342,21.0,3.0,4,Laptop & Accessory,8.0,23.0,6.0,170
53343,11.0,3.0,4,Fashion,2.0,14.0,1.0,201
53344,24.0,4.0,4,Grocery,15.0,,14.0,304
53345,13.0,3.0,5,Laptop & Accessory,2.0,12.0,1.0,177
53346,7.0,3.0,4,Mobile Phone,2.0,12.0,1.0,148
53347,1.0,3.0,4,Mobile Phone,2.0,25.0,2.0,153
53348,3.0,4.0,5,Mobile Phone,2.0,15.0,2.0,150
53349,18.0,4.0,4,Mobile Phone,8.0,14.0,3.0,151
53350,2.0,4.0,4,Laptop & Accessory,2.0,15.0,2.0,174
53351,21.0,3.0,5,Mobile Phone,2.0,15.0,1.0,149
53352,17.0,3.0,4,Laptop & Accessory,2.0,22.0,2.0,173
53353,1.0,3.0,5,Mobile Phone,2.0,14.0,1.0,145
53354,1.0,4.0,4,Mobile Phone,2.0,20.0,2.0,152
53355,10.0,4.0,4,Laptop & Accessory,5.0,18.0,5.0,191
53356,21.0,4.0,5,Mobile Phone,2.0,19.0,2.0,158
53357,1.0,3.0,4,Laptop & Accessory,2.0,20.0,2.0,167
53358,5.0,3.0,6,Mobile Phone,2.0,14.0,1.0,153
53359,2.0,4.0,4,Mobile Phone,3.0,19.0,3.0,149
53360,3.0,4.0,4,Mobile Phone,3.0,22.0,2.0,149
53361,1.0,4.0,4,Mobile Phone,2.0,20.0,2.0,148
53362,8.0,3.0,4,Mobile Phone,2.0,15.0,2.0,145
53363,16.0,4.0,5,Laptop & Accessory,2.0,18.0,1.0,187
53364,7.0,4.0,5,Mobile Phone,2.0,12.0,1.0,153
53365,31.0,3.0,5,Fashion,2.0,14.0,2.0,231
53366,5.0,3.0,5,Mobile Phone,6.0,16.0,4.0,148
53367,9.0,3.0,4,Laptop & Accessory,2.0,26.0,1.0,165
53368,23.0,3.0,4,Fashion,2.0,12.0,1.0,199
53369,22.0,3.0,4,Mobile Phone,2.0,18.0,1.0,148
53370,5.0,3.0,4,Laptop & Accessory,2.0,14.0,2.0,194
53371,10.0,4.0,4,Mobile Phone,2.0,19.0,1.0,172
53372,12.0,4.0,4,Fashion,6.0,14.0,4.0,261
53373,6.0,4.0,5,Mobile Phone,2.0,21.0,2.0,148
53374,1.0,3.0,5,Mobile Phone,2.0,19.0,1.0,149
53375,14.0,4.0,5,Fashion,2.0,13.0,2.0,222
53376,1.0,3.0,5,Laptop & Accessory,2.0,13.0,2.0,168
53377,15.0,3.0,4,Mobile Phone,3.0,14.0,2.0,172
53378,10.0,4.0,4,Mobile Phone,4.0,22.0,3.0,150
53379,1.0,3.0,5,Mobile Phone,2.0,14.0,1.0,146
53380,1.0,3.0,4,Mobile Phone,2.0,20.0,2.0,155
53381,5.0,3.0,4,Laptop & Accessory,9.0,12.0,1.0,184
53382,14.0,3.0,4,Mobile Phone,2.0,15.0,1.0,161
53383,6.0,4.0,4,Laptop & Accessory,7.0,13.0,7.0,192
53384,1.0,3.0,5,Fashion,4.0,12.0,4.0,228
53385,7.0,3.0,5,Laptop & Accessory,2.0,15.0,1.0,194
53386,1.0,3.0,5,Fashion,12.0,12.0,2.0,231
53387,19.0,3.0,4,Laptop & Accessory,2.0,13.0,2.0,169
53388,3.0,3.0,4,Mobile Phone,2.0,16.0,1.0,147
53389,9.0,3.0,4,Laptop & Accessory,2.0,17.0,2.0,171
53390,26.0,4.0,4,Grocery,8.0,,8.0,296
53391,21.0,3.0,4,Mobile Phone,2.0,25.0,2.0,150
53392,27.0,3.0,4,Grocery,16.0,14.0,,274
53393,4.0,4.0,4,Fashion,8.0,12.0,5.0,198
53394,12.0,3.0,4,Laptop & Accessory,2.0,14.0,1.0,182
53395,9.0,4.0,4,Fashion,2.0,14.0,1.0,203
53396,13.0,3.0,2,Fashion,2.0,19.0,2.0,204
53397,4.0,4.0,2,Grocery,,17.0,2.0,257
53398,21.0,4.0,2,Laptop & Accessory,3.0,20.0,1.0,176
53399,10.0,3.0,4,Laptop & Accessory,2.0,14.0,2.0,176
53400,1.0,3.0,5,Mobile Phone,2.0,23.0,2.0,148
53401,7.0,3.0,4,Grocery,7.0,,6.0,299
53402,1.0,4.0,5,Mobile Phone,2.0,21.0,2.0,149
53403,7.0,3.0,4,Mobile Phone,2.0,19.0,2.0,160
53404,19.0,4.0,4,Mobile Phone,2.0,15.0,1.0,148
53405,24.0,4.0,4,Grocery,2.0,,1.0,299
53406,7.0,3.0,2,Laptop & Accessory,2.0,14.0,1.0,180
53407,15.0,4.0,4,Others,2.0,,2.0,319
53408,1.0,3.0,4,Mobile Phone,3.0,15.0,3.0,153
53409,19.0,3.0,4,Laptop & Accessory,2.0,16.0,2.0,161
53410,21.0,3.0,4,Laptop & Accessory,2.0,18.0,2.0,167
53411,1.0,3.0,4,Mobile Phone,2.0,12.0,1.0,146
53412,24.0,4.0,4,Grocery,2.0,19.0,,265
53413,12.0,4.0,4,Mobile Phone,2.0,18.0,1.0,152
53414,20.0,4.0,4,Fashion,,14.0,1.0,233
53415,1.0,3.0,5,Laptop & Accessory,4.0,16.0,3.0,169
53416,1.0,3.0,5,Mobile Phone,2.0,25.0,2.0,162
53417,5.0,4.0,4,Laptop & Accessory,2.0,13.0,2.0,166
53418,1.0,4.0,4,Mobile,2.0,16.0,2.0,136
53419,28.0,3.0,4,Fashion,,12.0,2.0,232
53420,9.0,3.0,4,Fashion,11.0,12.0,3.0,229
53421,4.0,4.0,2,Fashion,,13.0,1.0,239
53422,1.0,4.0,5,Mobile Phone,2.0,16.0,1.0,151
53423,1.0,3.0,4,Mobile Phone,2.0,18.0,1.0,149
53424,1.0,3.0,2,Laptop & Accessory,2.0,13.0,2.0,180
53425,1.0,4.0,6,Mobile Phone,2.0,16.0,2.0,150
53426,22.0,4.0,5,Laptop & Accessory,3.0,14.0,1.0,167
53427,22.0,4.0,5,Fashion,,15.0,2.0,235
53428,15.0,3.0,4,Laptop & Accessory,3.0,15.0,2.0,175
53429,13.0,4.0,5,Grocery,,17.0,1.0,252
53430,1.0,3.0,4,Laptop & Accessory,3.0,19.0,1.0,167
53431,9.0,3.0,4,Mobile Phone,2.0,21.0,2.0,164
53432,16.0,3.0,4,Others,2.0,,1.0,308
53433,24.0,4.0,4,Mobile Phone,2.0,19.0,2.0,149
53434,31.0,4.0,5,Grocery,5.0,14.0,,262
53435,1.0,4.0,6,Laptop & Accessory,2.0,16.0,2.0,173
53436,29.0,4.0,4,Laptop & Accessory,7.0,15.0,7.0,189
53437,15.0,3.0,6,Others,6.0,23.0,2.0,325
53438,12.0,3.0,4,Laptop & Accessory,2.0,13.0,2.0,194
53439,1.0,4.0,6,Laptop & Accessory,3.0,19.0,1.0,175
53440,16.0,3.0,6,Others,7.0,16.0,6.0,323
53441,18.0,3.0,2,Grocery,,19.0,2.0,258
53442,24.0,4.0,4,Laptop & Accessory,2.0,13.0,2.0,188
53443,1.0,3.0,2,Mobile Phone,16.0,17.0,16.0,152
53444,13.0,3.0,4,Fashion,,14.0,2.0,234
53445,7.0,3.0,5,Mobile Phone,3.0,20.0,3.0,148
53446,19.0,3.0,4,Grocery,2.0,,2.0,302
53447,6.0,4.0,4,Mobile Phone,8.0,13.0,6.0,165
53448,8.0,4.0,2,Laptop & Accessory,2.0,12.0,2.0,222
53449,31.0,4.0,4,Fashion,,15.0,1.0,244
53450,19.0,3.0,4,Mobile Phone,2.0,17.0,1.0,147
53451,27.0,3.0,5,Fashion,7.0,13.0,1.0,200
53452,1.0,3.0,4,Laptop & Accessory,2.0,15.0,1.0,173
53453,1.0,3.0,4,Mobile Phone,2.0,15.0,2.0,145
53454,8.0,3.0,4,Mobile Phone,2.0,20.0,1.0,147
53455,2.0,4.0,4,Mobile Phone,2.0,23.0,2.0,136
53456,12.0,3.0,4,Mobile Phone,3.0,17.0,3.0,153
53457,24.0,4.0,4,Others,8.0,,8.0,317
53458,11.0,3.0,4,Laptop & Accessory,2.0,16.0,2.0,166
53459,14.0,4.0,4,Laptop & Accessory,8.0,15.0,6.0,209
53460,1.0,4.0,5,Mobile Phone,2.0,14.0,2.0,145
53461,20.0,3.0,4,Others,3.0,,2.0,321
53462,28.0,3.0,5,Fashion,,12.0,7.0,232
53463,30.0,4.0,4,Mobile Phone,2.0,20.0,1.0,154
53464,10.0,3.0,5,Fashion,8.0,12.0,6.0,214
53465,29.0,3.0,5,Grocery,7.0,,4.0,293
53466,17.0,4.0,5,Fashion,,14.0,2.0,259
53467,1.0,3.0,4,Mobile Phone,2.0,15.0,1.0,148
53468,1.0,3.0,5,Mobile Phone,2.0,14.0,2.0,139
53469,20.0,4.0,5,Laptop & Accessory,2.0,24.0,2.0,171
53470,15.0,3.0,4,Mobile Phone,3.0,13.0,2.0,150
53471,1.0,4.0,5,Fashion,2.0,13.0,1.0,212
53472,1.0,3.0,5,Mobile Phone,2.0,17.0,1.0,165
53473,4.0,3.0,4,Laptop & Accessory,2.0,16.0,2.0,225
53474,15.0,3.0,2,Mobile Phone,2.0,14.0,2.0,159
53475,12.0,4.0,5,Fashion,2.0,19.0,1.0,213
53476,14.0,4.0,4,Fashion,12.0,21.0,5.0,228
53477,1.0,3.0,6,Mobile Phone,2.0,20.0,2.0,171
53478,29.0,4.0,4,Fashion,,19.0,2.0,235
53479,2.0,3.0,4,Laptop & Accessory,2.0,14.0,2.0,162
53480,8.0,4.0,5,Fashion,4.0,15.0,3.0,230
53481,7.0,3.0,5,Fashion,2.0,16.0,1.0,196
53482,1.0,3.0,4,Fashion,5.0,23.0,4.0,221
53483,1.0,3.0,5,Laptop & Accessory,4.0,23.0,4.0,170
53484,2.0,3.0,4,Mobile Phone,3.0,17.0,3.0,147
53485,8.0,3.0,4,Laptop & Accessory,2.0,18.0,2.0,203
53486,11.0,3.0,5,Laptop & Accessory,2.0,15.0,1.0,192
53487,1.0,3.0,4,Mobile Phone,6.0,16.0,6.0,162
53488,1.0,3.0,4,Mobile Phone,2.0,21.0,2.0,149
53489,1.0,3.0,5,Mobile Phone,3.0,21.0,1.0,148
53490,16.0,3.0,4,Grocery,14.0,,6.0,302
53491,1.0,3.0,5,Mobile Phone,2.0,16.0,1.0,151
53492,14.0,3.0,4,Laptop & Accessory,2.0,15.0,1.0,172
53493,7.0,2.0,4,Laptop & Accessory,2.0,18.0,2.0,168
53494,8.0,3.0,5,Mobile Phone,2.0,18.0,2.0,155
53495,22.0,3.0,2,Grocery,3.0,,1.0,294
53496,19.0,4.0,5,Laptop & Accessory,5.0,14.0,1.0,181
53497,26.0,3.0,4,Fashion,5.0,20.0,4.0,229
53498,12.0,4.0,5,Fashion,3.0,15.0,3.0,212
53499,3.0,4.0,4,Mobile Phone,2.0,23.0,1.0,150
53500,2.0,4.0,4,Fashion,2.0,18.0,1.0,202
53501,20.0,3.0,4,Grocery,5.0,,2.0,300
53502,12.0,3.0,4,Fashion,2.0,17.0,2.0,199
53503,17.0,3.0,4,Fashion,,12.0,1.0,233
53504,3.0,3.0,4,Grocery,,12.0,8.0,247
53505,14.0,3.0,5,Others,5.0,,5.0,321
53506,1.0,4.0,5,Mobile Phone,3.0,12.0,1.0,146
53507,13.0,4.0,4,Laptop & Accessory,2.0,16.0,2.0,193
53508,10.0,4.0,4,Laptop & Accessory,2.0,21.0,2.0,203
53509,5.0,4.0,2,Mobile Phone,3.0,13.0,2.0,153
53510,2.0,4.0,5,Mobile Phone,2.0,18.0,1.0,157
53511,9.0,3.0,4,Laptop & Accessory,2.0,12.0,1.0,175
53512,23.0,3.0,5,Grocery,,18.0,2.0,256
53513,8.0,4.0,4,Laptop & Accessory,2.0,12.0,2.0,165
53514,3.0,4.0,4,Mobile Phone,2.0,15.0,2.0,158
53515,16.0,3.0,6,Laptop & Accessory,2.0,20.0,2.0,168
53516,3.0,4.0,5,Laptop & Accessory,2.0,14.0,1.0,176
53517,12.0,3.0,2,Mobile Phone,6.0,14.0,2.0,153
53518,5.0,3.0,5,Mobile Phone,2.0,15.0,2.0,152
53519,1.0,4.0,4,Mobile Phone,2.0,13.0,1.0,144
53520,1.0,4.0,4,Laptop & Accessory,2.0,18.0,1.0,207
53521,15.0,3.0,4,Mobile Phone,2.0,12.0,2.0,173
53522,1.0,4.0,4,Mobile Phone,3.0,13.0,3.0,151
53523,11.0,3.0,5,Laptop & Accessory,2.0,14.0,1.0,182
53524,1.0,3.0,5,Mobile Phone,3.0,14.0,3.0,150
53525,8.0,4.0,4,Laptop & Accessory,2.0,21.0,2.0,182
53526,9.0,4.0,4,Mobile Phone,2.0,18.0,1.0,168
53527,1.0,3.0,5,Fashion,4.0,14.0,1.0,198
53528,14.0,3.0,4,Fashion,,18.0,1.0,260
53529,6.0,3.0,4,Grocery,14.0,13.0,,263
53530,16.0,3.0,4,Laptop & Accessory,2.0,14.0,2.0,177
53531,9.0,3.0,5,Mobile Phone,2.0,13.0,2.0,148
53532,1.0,3.0,4,Mobile Phone,2.0,23.0,2.0,161
53533,1.0,4.0,4,Mobile Phone,2.0,12.0,2.0,150
53534,1.0,3.0,2,Mobile Phone,2.0,23.0,2.0,169
53535,4.0,4.0,5,Laptop & Accessory,2.0,19.0,2.0,191
53536,14.0,4.0,5,Laptop & Accessory,2.0,14.0,2.0,169
53537,9.0,3.0,5,Fashion,7.0,19.0,7.0,228
53538,8.0,4.0,5,Laptop & Accessory,5.0,21.0,2.0,178
53539,9.0,3.0,5,Mobile Phone,3.0,14.0,3.0,149
53540,7.0,3.0,6,Laptop & Accessory,2.0,14.0,2.0,178
53541,6.0,4.0,4,Mobile Phone,2.0,13.0,1.0,153
53542,30.0,4.0,4,Others,5.0,14.0,1.0,324
53543,3.0,3.0,4,Mobile Phone,2.0,14.0,1.0,156
53544,1.0,3.0,4,Mobile Phone,2.0,26.0,1.0,151
53545,19.0,3.0,4,Mobile Phone,2.0,20.0,2.0,170
53546,11.0,3.0,5,Laptop & Accessory,4.0,14.0,4.0,190
53547,1.0,3.0,5,Mobile Phone,2.0,13.0,1.0,155
53548,8.0,4.0,4,Mobile Phone,2.0,12.0,2.0,154
53549,27.0,3.0,4,Others,5.0,,5.0,311
53550,3.0,4.0,6,Mobile Phone,2.0,19.0,2.0,147
53551,1.0,3.0,5,Mobile Phone,2.0,12.0,1.0,154
53552,20.0,4.0,4,Grocery,16.0,,13.0,295
53553,18.0,4.0,6,Mobile Phone,2.0,14.0,2.0,148
53554,7.0,3.0,4,Mobile Phone,2.0,14.0,1.0,161
53555,5.0,4.0,5,Mobile Phone,2.0,18.0,2.0,146
53556,4.0,4.0,4,Laptop & Accessory,2.0,20.0,2.0,166
53557,14.0,4.0,4,Laptop & Accessory,2.0,13.0,2.0,168
53558,24.0,2.0,4,Grocery,3.0,,3.0,304
53559,2.0,4.0,5,Mobile Phone,4.0,13.0,2.0,157
53560,20.0,3.0,4,Others,2.0,,2.0,316
53561,9.0,4.0,4,Laptop & Accessory,2.0,16.0,2.0,215
53562,1.0,4.0,4,Mobile Phone,2.0,14.0,1.0,147
53563,7.0,3.0,4,Laptop & Accessory,2.0,13.0,1.0,170
53564,10.0,3.0,6,Mobile Phone,2.0,15.0,1.0,152
53565,4.0,3.0,4,Laptop & Accessory,9.0,14.0,9.0,160
53566,18.0,3.0,4,Laptop & Accessory,2.0,26.0,2.0,170
53567,1.0,3.0,2,Mobile Phone,3.0,18.0,1.0,152
53568,20.0,3.0,4,Laptop & Accessory,2.0,12.0,2.0,199
53569,16.0,4.0,2,Laptop & Accessory,2.0,17.0,1.0,188
53570,31.0,3.0,2,Laptop & Accessory,2.0,19.0,1.0,177
53571,6.0,4.0,5,Mobile Phone,3.0,21.0,1.0,152
53572,6.0,3.0,4,Laptop & Accessory,2.0,15.0,2.0,175
53573,10.0,4.0,6,Fashion,8.0,22.0,6.0,228
53574,7.0,3.0,4,Mobile Phone,5.0,14.0,2.0,153
53575,14.0,3.0,5,Laptop & Accessory,2.0,13.0,2.0,194
53576,1.0,3.0,4,Laptop & Accessory,2.0,15.0,1.0,175
53577,4.0,4.0,4,Mobile Phone,6.0,22.0,2.0,161
53578,16.0,3.0,4,Fashion,,18.0,1.0,257
53579,9.0,4.0,5,Fashion,5.0,12.0,3.0,229
53580,1.0,3.0,4,Mobile Phone,7.0,15.0,3.0,147
53581,28.0,3.0,4,Fashion,2.0,18.0,2.0,230
53582,18.0,4.0,2,Mobile Phone,8.0,14.0,7.0,145
53583,1.0,4.0,5,Mobile Phone,2.0,26.0,2.0,144
53584,3.0,4.0,4,Mobile Phone,2.0,16.0,1.0,163
53585,28.0,3.0,4,Grocery,2.0,,2.0,303
53586,5.0,4.0,4,Laptop & Accessory,2.0,13.0,1.0,193
53587,5.0,4.0,5,Laptop & Accessory,2.0,20.0,1.0,193
53588,31.0,3.0,5,Laptop & Accessory,2.0,18.0,1.0,177
53589,17.0,4.0,6,Others,2.0,,2.0,322
53590,23.0,3.0,5,Others,2.0,,1.0,312
53591,10.0,3.0,4,Mobile Phone,2.0,13.0,2.0,162
53592,22.0,4.0,2,Mobile Phone,2.0,12.0,1.0,151
53593,1.0,4.0,4,Mobile Phone,2.0,12.0,2.0,150
53594,3.0,3.0,4,Laptop & Accessory,2.0,12.0,1.0,191
53595,22.0,4.0,5,Others,2.0,,2.0,308
53596,3.0,3.0,5,Grocery,2.0,15.0,,286
53597,8.0,3.0,2,Mobile Phone,2.0,18.0,2.0,151
53598,18.0,3.0,4,Others,4.0,,2.0,307
53599,7.0,3.0,2,Fashion,2.0,15.0,2.0,209
53600,1.0,3.0,2,Mobile Phone,2.0,13.0,2.0,155
53601,1.0,3.0,4,Mobile Phone,2.0,23.0,1.0,137
53602,1.0,4.0,6,Mobile Phone,2.0,15.0,2.0,136
53603,1.0,3.0,4,Mobile Phone,3.0,21.0,1.0,154
53604,9.0,4.0,6,Others,2.0,,1.0,313
53605,29.0,3.0,5,Grocery,16.0,16.0,4.0,261
53606,1.0,3.0,5,Mobile Phone,3.0,21.0,3.0,151
53607,20.0,3.0,5,Others,2.0,,2.0,313
53608,8.0,3.0,4,Laptop & Accessory,2.0,13.0,2.0,170
53609,25.0,3.0,4,Others,12.0,25.0,3.0,323
53610,31.0,4.0,4,Fashion,6.0,13.0,2.0,230
53611,8.0,3.0,4,Laptop & Accessory,6.0,14.0,4.0,169
53612,2.0,3.0,4,Mobile Phone,2.0,12.0,1.0,147
53613,18.0,4.0,2,Others,15.0,,2.0,317
53614,8.0,3.0,5,Laptop & Accessory,2.0,12.0,1.0,170
53615,9.0,4.0,4,Mobile Phone,3.0,15.0,2.0,160
53616,16.0,4.0,2,Laptop & Accessory,2.0,17.0,1.0,149
53617,17.0,3.0,5,Fashion,16.0,15.0,11.0,227
53618,10.0,3.0,4,Laptop & Accessory,6.0,12.0,5.0,179
53619,8.0,4.0,4,Fashion,2.0,12.0,1.0,205
53620,2.0,3.0,5,Mobile Phone,3.0,13.0,3.0,164
53621,25.0,3.0,5,Mobile Phone,8.0,15.0,8.0,153
53622,4.0,4.0,4,Laptop & Accessory,2.0,19.0,2.0,172
53623,1.0,3.0,4,Mobile Phone,8.0,14.0,2.0,158
53624,2.0,3.0,4,Mobile Phone,2.0,12.0,1.0,146
53625,1.0,3.0,4,Mobile Phone,3.0,19.0,2.0,146
53626,6.0,3.0,2,Laptop & Accessory,2.0,16.0,1.0,187
53627,19.0,3.0,4,Others,2.0,,2.0,306
53628,13.0,4.0,5,Grocery,16.0,,14.0,296
53629,31.0,3.0,4,Mobile Phone,3.0,13.0,3.0,149
53630,1.0,4.0,4,Laptop & Accessory,2.0,19.0,2.0,174
53631,3.0,4.0,4,Mobile Phone,2.0,14.0,1.0,164
53632,4.0,3.0,5,Laptop & Accessory,7.0,13.0,6.0,171
53633,10.0,4.0,4,Fashion,2.0,13.0,1.0,196
53634,20.0,3.0,4,Mobile Phone,6.0,13.0,4.0,159
53635,2.0,3.0,6,Laptop & Accessory,8.0,12.0,8.0,192
53636,24.0,3.0,4,Grocery,2.0,,1.0,294
53637,4.0,3.0,5,Fashion,2.0,13.0,1.0,216
53638,16.0,4.0,4,Fashion,8.0,20.0,6.0,209
53639,4.0,4.0,4,Fashion,,24.0,1.0,244
53640,13.0,3.0,4,Laptop & Accessory,2.0,12.0,1.0,170
53641,5.0,3.0,4,Fashion,10.0,20.0,4.0,224
53642,15.0,3.0,6,Laptop & Accessory,12.0,14.0,4.0,187
53643,1.0,3.0,4,Mobile Phone,3.0,12.0,2.0,148
53644,8.0,3.0,4,Mobile Phone,2.0,13.0,2.0,149
53645,16.0,3.0,4,Grocery,3.0,,1.0,304
53646,29.0,3.0,6,Others,10.0,,6.0,317
53647,30.0,3.0,4,Others,8.0,,2.0,322
53648,14.0,4.0,4,Mobile Phone,2.0,17.0,2.0,160
53649,8.0,3.0,4,Fashion,2.0,12.0,2.0,210
53650,14.0,4.0,4,Laptop & Accessory,9.0,14.0,4.0,172
53651,15.0,4.0,4,Laptop & Accessory,2.0,18.0,1.0,166
53652,9.0,3.0,4,Laptop & Accessory,2.0,12.0,2.0,167
53653,25.0,3.0,4,Grocery,2.0,12.0,,265
53654,12.0,3.0,4,Laptop & Accessory,2.0,16.0,1.0,194
53655,8.0,4.0,4,Laptop & Accessory,10.0,13.0,2.0,186
53656,1.0,4.0,4,Mobile Phone,2.0,12.0,2.0,162
53657,21.0,3.0,5,Fashion,6.0,15.0,5.0,225
53658,14.0,3.0,4,Mobile Phone,2.0,23.0,2.0,149
53659,10.0,3.0,2,Laptop & Accessory,7.0,17.0,6.0,171
53660,22.0,3.0,4,Fashion,2.0,12.0,2.0,204
53661,1.0,4.0,2,Mobile Phone,2.0,15.0,2.0,150
53662,25.0,3.0,5,Grocery,,17.0,1.0,256
53663,1.0,4.0,4,Mobile Phone,2.0,16.0,2.0,141
53664,9.0,3.0,5,Laptop & Accessory,2.0,13.0,2.0,179
53665,1.0,3.0,6,Laptop & Accessory,2.0,21.0,2.0,176
53666,19.0,3.0,2,Grocery,4.0,18.0,,262
53667,30.0,4.0,4,Grocery,,13.0,12.0,259
53668,8.0,4.0,5,Mobile Phone,2.0,21.0,2.0,145
53669,14.0,3.0,2,Laptop & Accessory,12.0,21.0,6.0,189
53670,8.0,3.0,4,Laptop & Accessory,8.0,14.0,1.0,179
53671,1.0,3.0,5,Mobile Phone,2.0,15.0,1.0,153
53672,1.0,4.0,4,Laptop & Accessory,4.0,19.0,4.0,171
53673,12.0,3.0,2,Mobile Phone,2.0,12.0,1.0,151
53674,8.0,4.0,4,Laptop & Accessory,5.0,12.0,2.0,192
53675,2.0,3.0,5,Laptop & Accessory,2.0,12.0,2.0,172
53676,1.0,4.0,4,Laptop & Accessory,7.0,16.0,4.0,187
53677,13.0,3.0,5,Laptop & Accessory,2.0,13.0,1.0,186
53678,25.0,3.0,4,Fashion,4.0,12.0,1.0,231
53679,15.0,4.0,4,Laptop & Accessory,4.0,15.0,1.0,180
53680,11.0,3.0,4,Mobile Phone,2.0,16.0,2.0,155
53681,7.0,4.0,4,Laptop & Accessory,2.0,14.0,2.0,225
53682,6.0,3.0,4,Laptop & Accessory,2.0,14.0,1.0,166
53683,13.0,4.0,4,Fashion,,22.0,1.0,234
53684,1.0,4.0,2,Laptop & Accessory,2.0,12.0,1.0,187
53685,26.0,3.0,2,Grocery,,12.0,1.0,257
53686,17.0,4.0,5,Laptop & Accessory,2.0,15.0,2.0,166
53687,1.0,4.0,5,Laptop & Accessory,5.0,12.0,3.0,183
53688,1.0,3.0,4,Mobile Phone,8.0,14.0,4.0,149
53689,1.0,3.0,5,Mobile Phone,2.0,13.0,1.0,164
53690,16.0,3.0,4,Grocery,2.0,,1.0,293
53691,26.0,3.0,4,Mobile Phone,2.0,14.0,2.0,155
53692,11.0,4.0,4,Mobile Phone,2.0,19.0,1.0,161
53693,9.0,3.0,4,Fashion,3.0,12.0,1.0,219
53694,1.0,3.0,4,Mobile Phone,2.0,12.0,2.0,157
53695,1.0,4.0,2,Mobile Phone,2.0,13.0,2.0,161
53696,3.0,3.0,5,Fashion,2.0,14.0,1.0,205
53697,1.0,4.0,5,Laptop & Accessory,2.0,21.0,1.0,168
53698,1.0,3.0,4,Fashion,8.0,13.0,3.0,201
53699,28.0,3.0,4,Grocery,13.0,,6.0,298
53700,31.0,4.0,4,Others,2.0,,2.0,322
53701,29.0,3.0,2,Grocery,2.0,14.0,,272
53702,10.0,3.0,4,Laptop & Accessory,2.0,17.0,1.0,218
53703,1.0,3.0,6,Mobile Phone,2.0,13.0,2.0,139
53704,4.0,4.0,4,Laptop & Accessory,2.0,15.0,2.0,173
53705,5.0,4.0,4,Grocery,2.0,12.0,,289
53706,8.0,4.0,4,Mobile Phone,2.0,15.0,2.0,155
53707,1.0,3.0,5,Mobile Phone,2.0,13.0,1.0,138
53708,1.0,4.0,4,Mobile Phone,2.0,15.0,2.0,146
53709,10.0,3.0,5,Laptop & Accessory,2.0,17.0,2.0,183
53710,10.0,4.0,5,Laptop & Accessory,2.0,14.0,2.0,181
53711,21.0,4.0,4,Mobile Phone,2.0,13.0,2.0,159
53712,1.0,4.0,5,Mobile Phone,3.0,13.0,2.0,169
53713,11.0,3.0,2,Mobile Phone,2.0,15.0,2.0,160
53714,30.0,3.0,4,Mobile Phone,2.0,23.0,2.0,146
53715,21.0,3.0,4,Grocery,6.0,,4.0,297
53716,1.0,3.0,4,Laptop & Accessory,2.0,13.0,2.0,167
53717,6.0,4.0,4,Laptop & Accessory,2.0,13.0,2.0,217
53718,8.0,3.0,5,Mobile Phone,2.0,18.0,2.0,158
53719,15.0,3.0,2,Mobile Phone,2.0,13.0,2.0,146
53720,14.0,3.0,4,Laptop & Accessory,2.0,12.0,2.0,165
53721,5.0,3.0,4,Fashion,,19.0,3.0,233
53722,10.0,3.0,4,Fashion,5.0,12.0,1.0,226
53723,3.0,3.0,5,Mobile Phone,2.0,24.0,1.0,161
53724,1.0,4.0,2,Fashion,5.0,12.0,4.0,199
53725,19.0,4.0,6,Fashion,,19.0,1.0,234
53726,5.0,4.0,2,Mobile Phone,2.0,19.0,1.0,146
53727,1.0,4.0,4,Mobile Phone,3.0,14.0,3.0,162
53728,19.0,3.0,4,Fashion,2.0,19.0,2.0,219
53729,22.0,4.0,4,Laptop & Accessory,3.0,12.0,2.0,180
53730,1.0,3.0,4,Mobile Phone,3.0,16.0,2.0,152
53731,14.0,3.0,5,Fashion,5.0,12.0,,263
53732,2.0,3.0,4,Laptop & Accessory,2.0,19.0,2.0,210
53733,18.0,3.0,5,Mobile Phone,2.0,15.0,1.0,157
53734,27.0,3.0,2,Grocery,9.0,13.0,,291
53735,23.0,4.0,4,Laptop & Accessory,2.0,15.0,1.0,192
53736,14.0,4.0,4,Mobile Phone,2.0,15.0,1.0,148
53737,18.0,3.0,4,Mobile Phone,2.0,14.0,2.0,159
53738,7.0,3.0,4,Laptop & Accessory,2.0,15.0,1.0,169
53739,8.0,3.0,6,Laptop & Accessory,4.0,19.0,3.0,173
53740,4.0,4.0,4,Laptop & Accessory,3.0,16.0,1.0,178
53741,16.0,4.0,4,Mobile Phone,6.0,14.0,5.0,162
53742,18.0,4.0,4,Laptop & Accessory,2.0,13.0,2.0,173
53743,4.0,4.0,4,Mobile Phone,2.0,14.0,1.0,138
53744,51.0,4.0,2,Laptop & Accessory,3.0,25.0,2.0,174
53745,23.0,3.0,4,Fashion,2.0,15.0,1.0,230
53746,8.0,4.0,4,Grocery,7.0,,3.0,295
53747,1.0,4.0,4,Mobile Phone,2.0,16.0,2.0,154
53748,1.0,3.0,4,Laptop & Accessory,2.0,12.0,1.0,183
53749,1.0,3.0,5,Laptop & Accessory,11.0,24.0,3.0,171
53750,9.0,4.0,4,Mobile Phone,2.0,14.0,2.0,149
53751,1.0,3.0,4,Mobile Phone,2.0,12.0,1.0,157
53752,1.0,4.0,4,Mobile Phone,2.0,14.0,1.0,145
53753,18.0,3.0,4,Fashion,3.0,19.0,1.0,227
53754,3.0,4.0,5,Laptop & Accessory,2.0,15.0,2.0,211
53755,4.0,3.0,4,Mobile Phone,2.0,22.0,1.0,146
53756,29.0,2.0,4,Laptop & Accessory,2.0,17.0,1.0,165
53757,7.0,3.0,5,Mobile Phone,2.0,12.0,1.0,163
53758,21.0,4.0,4,Laptop & Accessory,2.0,18.0,2.0,171
53759,1.0,3.0,5,Mobile Phone,2.0,12.0,1.0,151
53760,2.0,4.0,5,Mobile Phone,2.0,15.0,1.0,141
53761,2.0,3.0,4,Laptop & Accessory,2.0,15.0,2.0,174
53762,23.0,3.0,5,Laptop & Accessory,2.0,26.0,2.0,173
53763,3.0,4.0,4,Mobile Phone,2.0,14.0,1.0,157
53764,2.0,4.0,6,Laptop & Accessory,2.0,15.0,2.0,190
53765,7.0,4.0,4,Laptop & Accessory,2.0,18.0,1.0,189
53766,6.0,1.0,4,Fashion,,26.0,1.0,237
53767,28.0,3.0,4,Grocery,2.0,21.0,,285
53768,1.0,4.0,5,Mobile Phone,2.0,14.0,1.0,149
53769,18.0,3.0,4,Grocery,15.0,14.0,,288
53770,13.0,3.0,4,Fashion,3.0,19.0,1.0,209
53771,20.0,3.0,4,Grocery,6.0,13.0,,291
53772,9.0,4.0,5,Fashion,4.0,20.0,2.0,211
53773,1.0,4.0,4,Laptop & Accessory,2.0,15.0,2.0,148
53774,4.0,3.0,4,Mobile Phone,2.0,15.0,2.0,145
53775,8.0,4.0,5,Fashion,9.0,15.0,8.0,196
53776,1.0,3.0,4,Mobile Phone,8.0,13.0,7.0,166
53777,24.0,3.0,6,Grocery,14.0,14.0,,269
53778,8.0,3.0,4,Mobile Phone,6.0,26.0,1.0,148
53779,16.0,4.0,5,Mobile Phone,2.0,15.0,2.0,173
53780,11.0,3.0,4,Laptop & Accessory,4.0,18.0,1.0,168
53781,3.0,3.0,6,Laptop & Accessory,2.0,14.0,1.0,222
53782,7.0,3.0,5,Laptop & Accessory,2.0,14.0,1.0,168
53783,19.0,4.0,4,Mobile Phone,2.0,21.0,2.0,146
53784,16.0,3.0,4,Fashion,14.0,15.0,13.0,226
53785,14.0,3.0,4,Laptop & Accessory,8.0,13.0,3.0,180
53786,7.0,4.0,4,Laptop & Accessory,6.0,13.0,2.0,177
53787,14.0,3.0,4,Grocery,8.0,22.0,,289
53788,1.0,3.0,5,Mobile Phone,2.0,15.0,1.0,148
53789,14.0,4.0,4,Laptop & Accessory,3.0,19.0,3.0,166
53790,19.0,4.0,4,Fashion,8.0,13.0,7.0,199
53791,9.0,4.0,5,Mobile Phone,5.0,24.0,3.0,149
53792,6.0,4.0,5,Laptop & Accessory,3.0,13.0,2.0,184
53793,10.0,4.0,4,Mobile Phone,2.0,22.0,1.0,151
53794,22.0,4.0,4,Laptop & Accessory,8.0,15.0,2.0,189
53795,3.0,4.0,2,Mobile Phone,2.0,19.0,2.0,150
53796,7.0,3.0,4,Laptop & Accessory,3.0,14.0,3.0,189
53797,1.0,4.0,5,Laptop & Accessory,7.0,12.0,4.0,222
53798,12.0,4.0,4,Laptop & Accessory,2.0,12.0,1.0,186
53799,9.0,4.0,5,Mobile Phone,2.0,20.0,1.0,150
53800,4.0,3.0,4,Fashion,2.0,13.0,1.0,218
53801,1.0,4.0,4,Mobile Phone,2.0,13.0,2.0,146
53802,17.0,4.0,5,Fashion,2.0,17.0,2.0,227
53803,2.0,3.0,4,Laptop & Accessory,2.0,12.0,1.0,174
53804,6.0,4.0,4,Laptop & Accessory,2.0,15.0,2.0,166
53805,22.0,4.0,4,Mobile Phone,8.0,13.0,8.0,149
53806,8.0,3.0,4,Mobile Phone,2.0,14.0,1.0,155
53807,29.0,3.0,5,Others,3.0,,3.0,321
53808,8.0,3.0,4,Laptop & Accessory,3.0,18.0,2.0,180
53809,1.0,3.0,4,Mobile Phone,2.0,22.0,2.0,146
53810,12.0,4.0,4,Laptop & Accessory,8.0,12.0,6.0,224
53811,12.0,3.0,4,Laptop & Accessory,2.0,13.0,1.0,167
53812,10.0,4.0,4,Laptop & Accessory,2.0,14.0,2.0,193
53813,3.0,3.0,4,Mobile Phone,2.0,19.0,1.0,172
53814,9.0,3.0,4,Laptop & Accessory,2.0,17.0,2.0,186
53815,13.0,3.0,2,Fashion,8.0,12.0,5.0,207
53816,3.0,3.0,4,Laptop & Accessory,2.0,20.0,1.0,214
53817,24.0,3.0,4,Others,2.0,,1.0,318
53818,1.0,3.0,2,Mobile Phone,3.0,17.0,3.0,146
53819,10.0,4.0,2,Laptop & Accessory,2.0,14.0,2.0,181
53820,16.0,4.0,5,Others,2.0,,2.0,321
53821,9.0,3.0,2,Laptop & Accessory,7.0,18.0,6.0,159
53822,8.0,4.0,5,Laptop & Accessory,8.0,15.0,3.0,176
53823,14.0,3.0,4,Laptop & Accessory,2.0,16.0,1.0,171
53824,17.0,3.0,2,Mobile Phone,2.0,13.0,2.0,174
53825,9.0,4.0,5,Mobile Phone,2.0,19.0,2.0,152
53826,20.0,3.0,2,Grocery,2.0,,2.0,301
53827,1.0,3.0,4,Mobile Phone,2.0,18.0,1.0,149
53828,1.0,3.0,5,Mobile Phone,2.0,15.0,1.0,153
53829,24.0,3.0,4,Grocery,,16.0,4.0,237
53830,6.0,3.0,2,Mobile Phone,2.0,18.0,2.0,158
53831,18.0,3.0,4,Others,2.0,,2.0,315
53832,4.0,3.0,5,Mobile Phone,2.0,13.0,1.0,146
53833,19.0,3.0,6,Laptop & Accessory,2.0,15.0,2.0,183
53834,19.0,3.0,5,Laptop & Accessory,5.0,16.0,1.0,169
53835,5.0,3.0,4,Laptop & Accessory,2.0,14.0,1.0,178
53836,10.0,4.0,4,Laptop & Accessory,2.0,13.0,1.0,172
53837,8.0,3.0,2,Laptop & Accessory,8.0,14.0,6.0,172
53838,23.0,3.0,4,Mobile Phone,2.0,15.0,1.0,157
53839,13.0,4.0,4,Laptop & Accessory,8.0,14.0,5.0,179
53840,1.0,4.0,5,Mobile Phone,2.0,12.0,1.0,166
53841,9.0,3.0,2,Laptop & Accessory,2.0,12.0,1.0,177
53842,2.0,3.0,6,Laptop & Accessory,2.0,22.0,2.0,25
53843,1.0,4.0,4,Mobile Phone,3.0,19.0,2.0,156
53844,1.0,4.0,4,Mobile Phone,2.0,13.0,1.0,141
53845,21.0,4.0,4,Others,2.0,,2.0,322
53846,13.0,4.0,5,Laptop & Accessory,2.0,16.0,1.0,156
53847,14.0,4.0,5,Fashion,15.0,14.0,2.0,229
53848,9.0,3.0,4,Laptop & Accessory,3.0,13.0,3.0,166
53849,11.0,3.0,4,Laptop & Accessory,2.0,18.0,1.0,183
53850,13.0,3.0,4,Laptop & Accessory,4.0,14.0,4.0,175
53851,19.0,3.0,5,Laptop & Accessory,4.0,20.0,3.0,183
53852,12.0,3.0,5,Fashion,2.0,20.0,2.0,203
53853,1.0,3.0,5,Fashion,7.0,18.0,5.0,228
53854,11.0,4.0,4,Mobile Phone,8.0,12.0,2.0,164
53855,14.0,3.0,4,Fashion,4.0,16.0,2.0,204
53856,18.0,3.0,4,Laptop & Accessory,2.0,12.0,2.0,182
53857,22.0,3.0,5,Grocery,3.0,26.0,,277
53858,1.0,3.0,6,Laptop & Accessory,3.0,15.0,2.0,179
53859,1.0,3.0,4,Mobile Phone,2.0,14.0,2.0,163
53860,1.0,3.0,2,Mobile Phone,2.0,18.0,1.0,160
53861,1.0,3.0,4,Mobile Phone,2.0,14.0,1.0,151
53862,4.0,4.0,4,Mobile Phone,2.0,15.0,1.0,147
53863,3.0,3.0,5,Laptop & Accessory,2.0,12.0,2.0,184
53864,10.0,3.0,4,Fashion,2.0,13.0,2.0,205
53865,1.0,4.0,2,Laptop & Accessory,2.0,18.0,1.0,177
53866,13.0,4.0,4,Laptop & Accessory,2.0,22.0,2.0,178
53867,23.0,4.0,4,Grocery,2.0,17.0,,289
53868,24.0,3.0,5,Fashion,,16.0,2.0,258
53869,1.0,3.0,4,Mobile Phone,3.0,20.0,1.0,153
53870,8.0,4.0,4,Laptop & Accessory,8.0,13.0,8.0,179
53871,10.0,4.0,4,Mobile Phone,2.0,12.0,1.0,145
53872,23.0,3.0,5,Grocery,3.0,20.0,,265
53873,10.0,3.0,5,Laptop & Accessory,2.0,16.0,2.0,169
53874,10.0,4.0,2,Laptop & Accessory,2.0,21.0,2.0,193
53875,28.0,4.0,4,Grocery,5.0,,3.0,299
53876,17.0,4.0,5,Grocery,7.0,,5.0,301
53877,1.0,3.0,4,Laptop & Accessory,7.0,25.0,4.0,171
53878,12.0,3.0,4,Laptop & Accessory,3.0,16.0,3.0,172
53879,3.0,3.0,5,Laptop & Accessory,2.0,14.0,1.0,167
53880,7.0,4.0,4,Laptop & Accessory,2.0,15.0,2.0,180
53881,6.0,3.0,4,Laptop & Accessory,2.0,14.0,1.0,180
53882,5.0,4.0,4,Laptop & Accessory,2.0,12.0,1.0,180
53883,23.0,4.0,4,Mobile Phone,3.0,17.0,2.0,151
53884,12.0,3.0,5,Mobile Phone,4.0,23.0,2.0,149
53885,21.0,3.0,2,Grocery,2.0,15.0,,285
53886,23.0,3.0,4,Grocery,2.0,15.0,,279
53887,15.0,4.0,4,Fashion,2.0,17.0,1.0,196
53888,1.0,3.0,4,Mobile Phone,2.0,12.0,1.0,152
53889,7.0,3.0,4,Laptop & Accessory,2.0,26.0,1.0,179
53890,10.0,4.0,4,Laptop & Accessory,2.0,15.0,2.0,178
53891,18.0,3.0,4,Mobile Phone,3.0,19.0,3.0,157
53892,1.0,4.0,5,Mobile Phone,2.0,12.0,2.0,165
53893,12.0,3.0,4,Mobile Phone,2.0,20.0,1.0,158
53894,27.0,3.0,2,Fashion,2.0,16.0,1.0,195
53895,12.0,4.0,4,Mobile Phone,8.0,12.0,5.0,152
53896,1.0,4.0,4,Mobile Phone,2.0,13.0,2.0,139
53897,1.0,4.0,4,Mobile Phone,6.0,21.0,6.0,151
53898,29.0,4.0,5,Mobile Phone,2.0,13.0,2.0,160
53899,8.0,3.0,5,Laptop & Accessory,5.0,15.0,5.0,165
53900,31.0,4.0,6,Fashion,,21.0,1.0,234
53901,7.0,4.0,2,Mobile Phone,3.0,19.0,3.0,145
53902,11.0,3.0,6,Laptop & Accessory,2.0,15.0,1.0,220
53903,8.0,3.0,5,Mobile Phone,9.0,13.0,4.0,154
53904,1.0,3.0,4,Mobile Phone,2.0,22.0,2.0,148
53905,18.0,4.0,2,Fashion,7.0,20.0,7.0,204
53906,9.0,4.0,5,Mobile Phone,2.0,15.0,2.0,174
53907,17.0,4.0,4,Laptop & Accessory,9.0,18.0,1.0,203
53908,1.0,4.0,2,Mobile Phone,2.0,17.0,1.0,169
53909,15.0,3.0,4,Fashion,9.0,13.0,7.0,217
53910,3.0,3.0,4,Mobile Phone,2.0,18.0,2.0,155
53911,10.0,3.0,4,Laptop & Accessory,7.0,16.0,4.0,170
53912,19.0,4.0,5,Fashion,,24.0,4.0,232
53913,1.0,3.0,6,Mobile Phone,2.0,12.0,1.0,141
53914,11.0,3.0,6,Grocery,,12.0,2.0,254
53915,1.0,4.0,6,Mobile Phone,2.0,16.0,1.0,148
53916,19.0,3.0,5,Grocery,9.0,,4.0,292
53917,6.0,3.0,4,Mobile Phone,2.0,14.0,1.0,159
53918,5.0,4.0,4,Mobile Phone,2.0,15.0,1.0,160
53919,15.0,3.0,6,Laptop & Accessory,2.0,20.0,1.0,189
53920,14.0,4.0,4,Laptop & Accessory,2.0,17.0,1.0,190
53921,1.0,4.0,4,Mobile Phone,2.0,14.0,2.0,164
53922,20.0,3.0,4,Laptop & Accessory,2.0,15.0,2.0,181
53923,9.0,3.0,4,Laptop & Accessory,2.0,17.0,1.0,194
53924,4.0,3.0,4,Mobile Phone,2.0,13.0,1.0,154
53925,21.0,3.0,4,Laptop & Accessory,2.0,12.0,1.0,175
53926,20.0,4.0,4,Fashion,2.0,13.0,1.0,229
53927,1.0,4.0,5,Laptop & Accessory,3.0,14.0,3.0,186
53928,1.0,3.0,6,Laptop & Accessory,2.0,16.0,1.0,192
53929,1.0,3.0,4,Mobile Phone,2.0,14.0,2.0,158
53930,5.0,2.0,4,Laptop & Accessory,2.0,21.0,2.0,177
53931,13.0,4.0,4,Laptop & Accessory,6.0,16.0,4.0,190
53932,6.0,4.0,6,Fashion,2.0,14.0,2.0,221
53933,14.0,3.0,4,Others,13.0,,2.0,323
53934,19.0,3.0,6,Fashion,2.0,22.0,2.0,223
53935,4.0,4.0,5,Mobile Phone,2.0,17.0,1.0,175
53936,1.0,3.0,4,Mobile Phone,3.0,15.0,2.0,146
53937,1.0,4.0,5,Mobile Phone,2.0,12.0,2.0,147
53938,5.0,3.0,4,Laptop & Accessory,2.0,20.0,1.0,208
53939,1.0,4.0,4,Mobile Phone,2.0,12.0,2.0,159
53940,1.0,3.0,6,Mobile Phone,3.0,14.0,2.0,153
53941,3.0,4.0,2,Laptop & Accessory,2.0,13.0,1.0,188
53942,4.0,4.0,5,Fashion,2.0,12.0,1.0,196
53943,8.0,4.0,2,Mobile Phone,2.0,15.0,1.0,154
53944,7.0,4.0,4,Laptop & Accessory,2.0,16.0,1.0,176
53945,23.0,4.0,4,Laptop & Accessory,2.0,13.0,1.0,170
53946,1.0,4.0,4,Fashion,2.0,21.0,1.0,211
53947,12.0,4.0,5,Mobile Phone,2.0,15.0,1.0,150
53948,1.0,4.0,4,Fashion,2.0,14.0,2.0,207
53949,3.0,4.0,5,Mobile Phone,2.0,14.0,1.0,146
53950,1.0,3.0,2,Laptop & Accessory,2.0,17.0,2.0,178
53951,6.0,4.0,4,Mobile Phone,2.0,15.0,2.0,152
53952,12.0,3.0,6,Laptop & Accessory,2.0,17.0,1.0,183
53953,7.0,3.0,5,Mobile Phone,2.0,17.0,2.0,149
53954,16.0,3.0,4,Mobile Phone,2.0,23.0,2.0,153
53955,29.0,3.0,5,Others,2.0,,1.0,315
53956,7.0,3.0,4,Laptop & Accessory,2.0,16.0,1.0,156
53957,15.0,4.0,4,Mobile Phone,2.0,21.0,2.0,148
53958,8.0,3.0,4,Laptop & Accessory,2.0,15.0,2.0,165
53959,27.0,3.0,5,Grocery,,21.0,1.0,255
53960,17.0,4.0,4,Mobile Phone,2.0,14.0,1.0,160
53961,8.0,3.0,6,Laptop & Accessory,3.0,13.0,2.0,185
53962,1.0,3.0,4,Mobile Phone,2.0,14.0,2.0,152
53963,12.0,3.0,5,Mobile Phone,2.0,12.0,1.0,162
53964,1.0,4.0,4,Mobile Phone,2.0,18.0,1.0,149
53965,5.0,4.0,5,Laptop & Accessory,6.0,15.0,3.0,180
53966,25.0,3.0,4,Fashion,,12.0,3.0,256
53967,11.0,3.0,5,Laptop & Accessory,2.0,15.0,1.0,167
53968,20.0,3.0,4,Others,3.0,,2.0,318
53969,10.0,3.0,4,Fashion,6.0,14.0,2.0,208
53970,8.0,3.0,4,Mobile Phone,3.0,13.0,2.0,148
53971,11.0,3.0,4,Laptop & Accessory,5.0,14.0,5.0,166
53972,1.0,3.0,4,Laptop & Accessory,8.0,19.0,1.0,183
53973,7.0,3.0,2,Mobile Phone,8.0,20.0,7.0,156
53974,2.0,3.0,4,Mobile Phone,2.0,12.0,1.0,145
53975,13.0,4.0,4,Fashion,,22.0,3.0,260
53976,20.0,4.0,5,Laptop & Accessory,3.0,16.0,3.0,205
53977,14.0,3.0,4,Mobile Phone,2.0,18.0,2.0,159
53978,16.0,4.0,2,Laptop & Accessory,2.0,19.0,2.0,180
53979,9.0,3.0,4,Laptop & Accessory,2.0,15.0,1.0,183
53980,12.0,4.0,4,Mobile Phone,4.0,14.0,4.0,151
53981,1.0,4.0,4,Laptop & Accessory,2.0,18.0,1.0,178
53982,1.0,3.0,4,Laptop & Accessory,2.0,16.0,1.0,167
53983,13.0,3.0,4,Laptop & Accessory,3.0,19.0,2.0,166
53984,17.0,3.0,4,Mobile Phone,2.0,14.0,1.0,149
53985,15.0,3.0,2,Laptop & Accessory,2.0,13.0,2.0,194
53986,15.0,3.0,4,Fashion,14.0,14.0,1.0,229
53987,4.0,4.0,4,Fashion,2.0,15.0,1.0,222
53988,1.0,4.0,4,Mobile Phone,2.0,12.0,1.0,146
53989,10.0,4.0,4,Laptop & Accessory,4.0,23.0,2.0,214
53990,14.0,3.0,4,Laptop & Accessory,2.0,18.0,1.0,190
53991,8.0,4.0,2,Laptop & Accessory,5.0,22.0,1.0,193
53992,31.0,3.0,4,Grocery,15.0,23.0,11.0,25
53993,9.0,4.0,6,Mobile Phone,2.0,17.0,2.0,152
53994,21.0,4.0,5,Fashion,15.0,13.0,3.0,228
53995,14.0,3.0,4,Laptop & Accessory,8.0,13.0,8.0,169
53996,28.0,4.0,4,Laptop & Accessory,2.0,16.0,2.0,194
53997,5.0,4.0,4,Fashion,3.0,15.0,3.0,221
53998,2.0,4.0,4,Mobile Phone,2.0,26.0,2.0,161
53999,12.0,4.0,6,Laptop & Accessory,2.0,21.0,1.0,179
54000,1.0,3.0,4,Laptop & Accessory,2.0,14.0,1.0,172
54001,31.0,3.0,4,Grocery,3.0,15.0,,283
54002,1.0,3.0,4,Mobile Phone,2.0,17.0,2.0,140
54003,1.0,3.0,2,Mobile Phone,2.0,18.0,2.0,155
54004,1.0,3.0,5,Mobile Phone,3.0,16.0,2.0,148
54005,19.0,4.0,4,Laptop & Accessory,6.0,23.0,4.0,177
54006,10.0,4.0,4,Laptop & Accessory,2.0,23.0,1.0,195
54007,17.0,4.0,4,Laptop & Accessory,8.0,21.0,6.0,182
54008,1.0,3.0,4,Mobile Phone,2.0,15.0,2.0,149
54009,3.0,3.0,4,Mobile Phone,4.0,14.0,2.0,163
54010,6.0,4.0,4,Laptop & Accessory,2.0,14.0,2.0,171
54011,16.0,3.0,4,Mobile Phone,4.0,23.0,2.0,154
54012,21.0,4.0,4,Mobile Phone,3.0,13.0,2.0,146
54013,20.0,3.0,4,Fashion,5.0,15.0,2.0,211
54014,2.0,3.0,4,Mobile Phone,3.0,16.0,1.0,152
54015,3.0,4.0,6,Laptop & Accessory,2.0,18.0,2.0,189
54016,16.0,3.0,4,Mobile Phone,2.0,14.0,2.0,165
54017,1.0,3.0,5,Laptop & Accessory,3.0,13.0,3.0,224
54018,20.0,3.0,2,Grocery,,13.0,2.0,257
54019,1.0,3.0,5,Laptop & Accessory,6.0,22.0,5.0,160
54020,3.0,3.0,5,Mobile Phone,2.0,12.0,2.0,153
54021,17.0,3.0,5,Others,7.0,,4.0,319
54022,22.0,4.0,5,Others,13.0,,4.0,322
54023,1.0,4.0,5,Mobile Phone,2.0,25.0,2.0,149
54024,10.0,4.0,4,Fashion,2.0,22.0,1.0,198
54025,1.0,4.0,5,Mobile Phone,8.0,20.0,8.0,173
54026,13.0,3.0,4,Laptop & Accessory,3.0,15.0,2.0,164
54027,29.0,4.0,5,Mobile Phone,2.0,21.0,1.0,152
54028,2.0,4.0,4,Mobile Phone,2.0,20.0,2.0,154
54029,1.0,3.0,4,Mobile Phone,2.0,14.0,1.0,136
54030,1.0,4.0,4,Mobile Phone,2.0,24.0,2.0,150
54031,10.0,4.0,5,Laptop & Accessory,2.0,14.0,2.0,182
54032,5.0,3.0,4,Laptop & Accessory,2.0,12.0,1.0,167
54033,8.0,4.0,4,Fashion,2.0,14.0,1.0,222
54034,3.0,3.0,4,Mobile Phone,2.0,15.0,1.0,146
54035,11.0,4.0,4,Laptop & Accessory,2.0,23.0,1.0,168
54036,9.0,3.0,5,Laptop & Accessory,2.0,12.0,2.0,173
54037,19.0,4.0,5,Laptop & Accessory,4.0,14.0,1.0,184
54038,10.0,4.0,5,Laptop & Accessory,2.0,22.0,2.0,164
54039,14.0,4.0,4,Grocery,12.0,,10.0,293
54040,1.0,3.0,5,Mobile Phone,2.0,14.0,1.0,154
54041,1.0,3.0,2,Laptop & Accessory,2.0,15.0,1.0,190
54042,22.0,3.0,4,Grocery,5.0,,1.0,297
54043,18.0,4.0,2,Laptop & Accessory,3.0,16.0,3.0,175
54044,1.0,3.0,6,Mobile Phone,4.0,24.0,4.0,148
54045,20.0,4.0,4,Mobile Phone,2.0,17.0,1.0,151
54046,10.0,3.0,5,Laptop & Accessory,2.0,17.0,2.0,180
54047,15.0,3.0,4,Laptop & Accessory,2.0,22.0,2.0,169
54048,16.0,3.0,4,Fashion,,14.0,4.0,258
54049,5.0,3.0,4,Laptop & Accessory,2.0,12.0,1.0,191
54050,8.0,4.0,5,Laptop & Accessory,2.0,13.0,1.0,206
54051,5.0,4.0,2,Mobile Phone,3.0,13.0,3.0,165
54052,1.0,4.0,2,Mobile Phone,8.0,19.0,3.0,150
54053,19.0,3.0,4,Laptop & Accessory,2.0,13.0,2.0,179
54054,7.0,3.0,4,Laptop & Accessory,2.0,15.0,1.0,180
54055,2.0,3.0,5,Laptop & Accessory,2.0,13.0,1.0,193
54056,1.0,3.0,2,Mobile Phone,2.0,18.0,2.0,136
54057,13.0,3.0,6,Laptop & Accessory,2.0,20.0,1.0,182
54058,1.0,3.0,4,Mobile Phone,2.0,12.0,2.0,147
54059,8.0,3.0,5,Laptop & Accessory,7.0,16.0,4.0,182
54060,1.0,3.0,4,Laptop & Accessory,3.0,12.0,3.0,224
54061,21.0,4.0,4,Laptop & Accessory,2.0,19.0,1.0,180
54062,30.0,3.0,5,Laptop & Accessory,2.0,17.0,1.0,179
54063,13.0,3.0,4,Laptop & Accessory,8.0,26.0,5.0,177
54064,12.0,3.0,5,Laptop & Accessory,2.0,17.0,2.0,146
54065,31.0,4.0,4,Grocery,2.0,,2.0,304
54066,1.0,3.0,2,Mobile Phone,2.0,15.0,1.0,149
54067,12.0,4.0,4,Mobile Phone,2.0,20.0,2.0,173
54068,23.0,3.0,4,Others,5.0,,3.0,317
54069,16.0,4.0,4,Laptop & Accessory,2.0,13.0,1.0,176
54070,1.0,3.0,5,Mobile Phone,2.0,13.0,2.0,154
54071,9.0,4.0,4,Laptop & Accessory,2.0,17.0,1.0,25
54072,2.0,3.0,4,Mobile Phone,2.0,15.0,1.0,146
54073,5.0,3.0,4,Mobile Phone,3.0,14.0,1.0,156
54074,10.0,4.0,2,Mobile Phone,2.0,23.0,2.0,153
54075,8.0,3.0,4,Fashion,3.0,22.0,2.0,224
54076,8.0,3.0,4,Fashion,2.0,19.0,2.0,211
54077,1.0,4.0,4,Mobile Phone,8.0,14.0,4.0,154
54078,3.0,3.0,4,Laptop & Accessory,2.0,13.0,2.0,179
54079,6.0,3.0,4,Laptop & Accessory,2.0,19.0,1.0,192
54080,5.0,3.0,6,Laptop & Accessory,9.0,22.0,2.0,175
54081,1.0,3.0,5,Mobile Phone,2.0,13.0,1.0,149
54082,12.0,3.0,5,Mobile Phone,2.0,15.0,1.0,154
54083,9.0,3.0,4,Laptop & Accessory,2.0,12.0,2.0,177
54084,1.0,3.0,4,Laptop & Accessory,2.0,15.0,1.0,166
54085,6.0,3.0,5,Laptop & Accessory,2.0,25.0,1.0,222
54086,1.0,4.0,4,Laptop & Accessory,2.0,12.0,1.0,181
54087,17.0,4.0,4,Fashion,3.0,14.0,3.0,229
54088,28.0,4.0,4,Laptop & Accessory,3.0,12.0,1.0,154
54089,7.0,3.0,4,Laptop & Accessory,3.0,21.0,3.0,185
54090,17.0,2.0,4,Fashion,2.0,18.0,2.0,200
54091,12.0,3.0,4,Mobile Phone,2.0,12.0,2.0,155
54092,29.0,4.0,2,Others,2.0,,2.0,321
54093,5.0,3.0,6,Mobile Phone,2.0,12.0,2.0,136
54094,13.0,4.0,4,Grocery,,13.0,5.0,258
54095,16.0,3.0,5,Laptop & Accessory,4.0,13.0,3.0,168
54096,5.0,3.0,4,Fashion,,21.0,4.0,235
54097,28.0,4.0,4,Laptop & Accessory,2.0,20.0,1.0,169
54098,1.0,3.0,5,Laptop & Accessory,2.0,13.0,2.0,171
54099,1.0,4.0,4,Mobile Phone,2.0,14.0,2.0,151
54100,14.0,4.0,4,Laptop & Accessory,10.0,12.0,3.0,188
54101,14.0,4.0,4,Laptop & Accessory,6.0,15.0,2.0,182
54102,1.0,3.0,4,Mobile Phone,2.0,15.0,1.0,147
54103,4.0,4.0,4,Mobile Phone,2.0,14.0,1.0,162
54104,1.0,3.0,4,Mobile Phone,2.0,20.0,1.0,165
54105,21.0,3.0,4,Fashion,13.0,24.0,2.0,211
54106,7.0,3.0,5,Mobile Phone,2.0,13.0,1.0,145
54107,12.0,3.0,4,Laptop & Accessory,6.0,16.0,5.0,169
54108,5.0,3.0,4,Mobile Phone,2.0,20.0,2.0,156
54109,12.0,4.0,5,Laptop & Accessory,8.0,12.0,3.0,178
54110,16.0,3.0,4,Laptop & Accessory,2.0,18.0,1.0,179
54111,15.0,4.0,4,Mobile Phone,2.0,23.0,1.0,153
54112,21.0,4.0,4,Fashion,,19.0,1.0,245
54113,9.0,3.0,4,Mobile Phone,3.0,12.0,1.0,152
54114,1.0,4.0,4,Mobile Phone,2.0,13.0,1.0,159
54115,9.0,3.0,4,Laptop & Accessory,2.0,20.0,1.0,176
54116,7.0,4.0,4,Laptop & Accessory,9.0,14.0,6.0,37
54117,6.0,3.0,5,Mobile Phone,5.0,14.0,4.0,153
54118,14.0,3.0,4,Mobile Phone,2.0,20.0,1.0,149
54119,6.0,4.0,5,Mobile Phone,3.0,15.0,1.0,148
54120,13.0,3.0,4,Laptop & Accessory,2.0,14.0,2.0,166
54121,12.0,3.0,6,Fashion,,13.0,2.0,257
54122,6.0,3.0,4,Fashion,6.0,20.0,4.0,229
54123,11.0,3.0,2,Fashion,7.0,26.0,,262
54124,1.0,3.0,4,Laptop & Accessory,2.0,23.0,2.0,174
54125,26.0,3.0,4,Mobile Phone,2.0,16.0,2.0,160
54126,18.0,3.0,4,Mobile Phone,2.0,13.0,1.0,149
54127,1.0,3.0,4,Mobile Phone,2.0,12.0,2.0,149
54128,13.0,3.0,4,Others,2.0,,1.0,319
54129,1.0,3.0,4,Mobile Phone,2.0,20.0,2.0,143
54130,10.0,4.0,5,Fashion,4.0,20.0,4.0,201
54131,10.0,4.0,4,Laptop & Accessory,2.0,14.0,2.0,176
54132,30.0,3.0,4,Laptop & Accessory,2.0,22.0,1.0,188
54133,1.0,3.0,4,Mobile Phone,3.0,15.0,3.0,173
54134,16.0,3.0,4,Others,5.0,,2.0,314
54135,20.0,4.0,4,Mobile Phone,10.0,12.0,7.0,148
54136,15.0,3.0,5,Grocery,,24.0,2.0,261
54137,8.0,4.0,5,Laptop & Accessory,2.0,22.0,2.0,192
54138,10.0,3.0,6,Laptop & Accessory,12.0,25.0,5.0,179
54139,15.0,3.0,5,Laptop & Accessory,2.0,12.0,1.0,214
54140,6.0,4.0,4,Mobile Phone,2.0,15.0,2.0,149
54141,9.0,3.0,4,Fashion,2.0,17.0,2.0,213
54142,12.0,4.0,4,Laptop & Accessory,2.0,12.0,1.0,178
54143,14.0,4.0,4,Laptop & Accessory,2.0,13.0,2.0,192
54144,10.0,4.0,5,Laptop & Accessory,2.0,14.0,2.0,192
54145,19.0,3.0,4,Laptop & Accessory,2.0,16.0,2.0,174
54146,14.0,3.0,5,Mobile Phone,3.0,15.0,1.0,153
54147,9.0,4.0,4,Laptop & Accessory,2.0,15.0,2.0,182
54148,14.0,4.0,4,Mobile Phone,2.0,15.0,2.0,145
54149,9.0,4.0,6,Mobile Phone,2.0,13.0,1.0,155
54150,3.0,3.0,5,Laptop & Accessory,2.0,14.0,2.0,165
54151,3.0,4.0,5,Mobile Phone,2.0,15.0,1.0,163
54152,14.0,3.0,5,Fashion,,14.0,1.0,234
54153,13.0,3.0,5,Grocery,,12.0,2.0,245
54154,5.0,4.0,4,Laptop & Accessory,2.0,20.0,1.0,224
54155,1.0,2.0,5,Mobile Phone,2.0,19.0,1.0,155
54156,10.0,3.0,2,Laptop & Accessory,2.0,18.0,1.0,151
54157,13.0,3.0,5,Fashion,2.0,16.0,2.0,225
54158,1.0,3.0,2,Laptop & Accessory,2.0,21.0,2.0,186
54159,23.0,4.0,5,Laptop & Accessory,2.0,15.0,2.0,179
54160,8.0,3.0,2,Laptop & Accessory,2.0,13.0,1.0,169
54161,5.0,4.0,4,Laptop & Accessory,2.0,12.0,1.0,185
54162,23.0,4.0,5,Laptop & Accessory,2.0,24.0,1.0,176
54163,1.0,4.0,5,Mobile Phone,2.0,16.0,1.0,146
54164,7.0,3.0,4,Mobile Phone,4.0,12.0,3.0,154
54165,1.0,3.0,4,Mobile Phone,3.0,13.0,2.0,160
54166,6.0,4.0,4,Mobile Phone,4.0,14.0,2.0,156
54167,31.0,3.0,2,Mobile Phone,2.0,21.0,1.0,152
54168,4.0,4.0,4,Mobile Phone,2.0,23.0,2.0,152
54169,12.0,3.0,5,Fashion,2.0,22.0,2.0,220
54170,10.0,4.0,4,Laptop & Accessory,8.0,14.0,1.0,177
54171,9.0,3.0,2,Mobile Phone,2.0,14.0,2.0,149
54172,3.0,3.0,5,Laptop & Accessory,2.0,13.0,2.0,167
54173,5.0,3.0,4,Mobile Phone,5.0,18.0,4.0,154
54174,8.0,4.0,4,Mobile Phone,2.0,12.0,1.0,152
54175,1.0,3.0,5,Mobile Phone,2.0,15.0,1.0,145
54176,3.0,3.0,2,Fashion,9.0,12.0,7.0,225
54177,6.0,4.0,2,Mobile Phone,2.0,13.0,2.0,158
54178,1.0,4.0,2,Mobile Phone,2.0,14.0,1.0,154
54179,27.0,4.0,5,Grocery,4.0,17.0,,279
54180,12.0,3.0,4,Mobile Phone,2.0,12.0,1.0,164
54181,1.0,4.0,2,Laptop & Accessory,2.0,19.0,1.0,165
54182,1.0,3.0,5,Mobile Phone,2.0,24.0,1.0,159
54183,8.0,3.0,4,Fashion,,12.0,1.0,245
54184,1.0,4.0,4,Mobile Phone,2.0,15.0,2.0,137
54185,1.0,3.0,4,Mobile Phone,2.0,12.0,1.0,155
54186,27.0,3.0,4,Others,5.0,,2.0,316
54187,1.0,4.0,6,Mobile Phone,7.0,23.0,1.0,164
54188,16.0,3.0,4,Laptop & Accessory,5.0,12.0,3.0,193
54189,18.0,3.0,5,Fashion,6.0,15.0,1.0,227
54190,20.0,3.0,4,Others,3.0,,3.0,314
54191,7.0,4.0,4,Mobile Phone,2.0,12.0,1.0,150
54192,18.0,3.0,4,Laptop & Accessory,2.0,14.0,1.0,190
54193,4.0,3.0,5,Mobile Phone,2.0,14.0,1.0,147
54194,3.0,3.0,4,Laptop & Accessory,2.0,15.0,1.0,146
54195,1.0,4.0,4,Mobile Phone,3.0,17.0,1.0,148
54196,17.0,4.0,2,Mobile Phone,2.0,13.0,2.0,151
54197,14.0,3.0,5,Mobile Phone,2.0,15.0,2.0,152
54198,9.0,4.0,4,Mobile Phone,3.0,14.0,3.0,145
54199,10.0,3.0,5,Mobile Phone,2.0,15.0,2.0,159
54200,7.0,3.0,2,Laptop & Accessory,2.0,20.0,1.0,179
54201,9.0,4.0,4,Mobile Phone,2.0,13.0,2.0,145
54202,1.0,3.0,4,Mobile Phone,2.0,14.0,2.0,148
54203,1.0,3.0,6,Mobile Phone,2.0,13.0,1.0,148
54204,1.0,3.0,4,Fashion,2.0,16.0,2.0,212
54205,4.0,3.0,4,Laptop & Accessory,4.0,24.0,2.0,165
54206,5.0,3.0,4,Others,16.0,,2.0,320
54207,8.0,4.0,4,Laptop & Accessory,9.0,21.0,1.0,171
54208,11.0,4.0,4,Mobile Phone,2.0,22.0,1.0,155
54209,20.0,4.0,4,Laptop & Accessory,2.0,22.0,2.0,183
54210,9.0,3.0,2,Mobile Phone,2.0,20.0,2.0,148
54211,12.0,4.0,5,Fashion,2.0,14.0,1.0,179
54212,1.0,3.0,4,Mobile Phone,3.0,14.0,1.0,159
54213,18.0,4.0,4,Laptop & Accessory,2.0,22.0,2.0,180
54214,9.0,4.0,5,Fashion,3.0,14.0,2.0,224
54215,1.0,3.0,5,Laptop & Accessory,2.0,20.0,1.0,167
54216,7.0,4.0,4,Fashion,,13.0,4.0,260
54217,9.0,4.0,4,Fashion,2.0,23.0,1.0,216
54218,9.0,2.0,4,Mobile Phone,3.0,16.0,1.0,165
54219,5.0,3.0,4,Laptop & Accessory,2.0,23.0,1.0,184
54220,11.0,3.0,5,Laptop & Accessory,2.0,19.0,1.0,185
54221,6.0,3.0,4,Laptop & Accessory,8.0,23.0,6.0,187
54222,12.0,3.0,4,Laptop & Accessory,10.0,12.0,7.0,149
54223,24.0,3.0,5,Others,14.0,,5.0,312
54224,31.0,5.0,4,Fashion,8.0,12.0,7.0,201
54225,10.0,3.0,4,Fashion,13.0,14.0,8.0,226
54226,29.0,3.0,4,Grocery,2.0,15.0,,273
54227,10.0,4.0,5,Laptop & Accessory,2.0,14.0,2.0,190
54228,19.0,3.0,4,Fashion,2.0,18.0,1.0,222
54229,9.0,4.0,4,Mobile Phone,2.0,14.0,1.0,147
54230,1.0,4.0,5,Mobile Phone,2.0,18.0,2.0,159
54231,31.0,3.0,5,Laptop & Accessory,2.0,12.0,2.0,180
54232,3.0,4.0,4,Mobile Phone,2.0,24.0,2.0,152
54233,5.0,3.0,4,Mobile Phone,2.0,18.0,2.0,150
54234,6.0,4.0,4,Laptop & Accessory,2.0,18.0,2.0,187
54235,10.0,3.0,2,Mobile Phone,2.0,13.0,1.0,155
54236,5.0,4.0,4,Laptop & Accessory,2.0,24.0,2.0,169
54237,9.0,3.0,5,Laptop & Accessory,3.0,15.0,2.0,168
54238,19.0,3.0,4,Fashion,,15.0,2.0,257
54239,11.0,2.0,4,Fashion,2.0,14.0,,262
54240,20.0,4.0,4,Laptop & Accessory,2.0,23.0,2.0,175
54241,4.0,3.0,5,Laptop & Accessory,4.0,13.0,2.0,176
54242,9.0,2.0,5,Mobile Phone,2.0,19.0,2.0,154
54243,29.0,4.0,4,Fashion,2.0,15.0,1.0,227
54244,12.0,4.0,6,Laptop & Accessory,2.0,13.0,1.0,178
54245,8.0,4.0,4,Laptop & Accessory,2.0,16.0,2.0,168
54246,30.0,3.0,6,Fashion,2.0,12.0,1.0,198
54247,1.0,4.0,4,Mobile Phone,2.0,14.0,2.0,148
54248,25.0,4.0,4,Mobile Phone,2.0,24.0,2.0,146
54249,4.0,5.0,5,Laptop & Accessory,11.0,20.0,4.0,167
54250,10.0,4.0,5,Fashion,5.0,17.0,4.0,221
54251,14.0,4.0,5,Grocery,,23.0,6.0,260
54252,25.0,4.0,4,Laptop & Accessory,2.0,23.0,1.0,179
54253,4.0,4.0,5,Laptop & Accessory,3.0,13.0,3.0,177
54254,20.0,3.0,5,Fashion,,14.0,5.0,232
54255,6.0,3.0,4,Laptop & Accessory,6.0,17.0,6.0,175
54256,28.0,3.0,4,Fashion,,13.0,1.0,260
54257,1.0,3.0,4,Laptop & Accessory,2.0,22.0,1.0,175
54258,2.0,3.0,4,Laptop & Accessory,2.0,16.0,1.0,167
54259,31.0,3.0,4,Grocery,2.0,14.0,,264
54260,18.0,4.0,4,Laptop & Accessory,2.0,13.0,1.0,145
54261,1.0,4.0,4,Mobile Phone,2.0,23.0,1.0,146
54262,6.0,4.0,4,Mobile Phone,2.0,14.0,1.0,155
54263,1.0,4.0,5,Mobile Phone,2.0,19.0,1.0,154
54264,8.0,3.0,4,Laptop & Accessory,3.0,15.0,1.0,173
54265,11.0,4.0,5,Laptop & Accessory,2.0,15.0,2.0,177
54266,31.0,3.0,5,Others,3.0,,1.0,313
54267,24.0,4.0,4,Others,2.0,,1.0,307
54268,1.0,3.0,5,Laptop & Accessory,2.0,12.0,1.0,182
54269,1.0,4.0,5,Mobile Phone,3.0,12.0,1.0,154
54270,1.0,3.0,4,Mobile Phone,2.0,16.0,2.0,154
54271,25.0,2.0,5,Fashion,13.0,21.0,5.0,200
54272,1.0,4.0,6,Laptop & Accessory,2.0,25.0,2.0,186
54273,28.0,2.0,2,Grocery,5.0,,3.0,298
54274,1.0,3.0,4,Mobile Phone,2.0,13.0,1.0,153
54275,8.0,3.0,5,Laptop & Accessory,2.0,16.0,2.0,170
54276,11.0,3.0,4,Fashion,2.0,13.0,1.0,199
54277,8.0,3.0,5,Fashion,,13.0,3.0,241
54278,10.0,4.0,4,Fashion,3.0,15.0,1.0,222
54279,10.0,3.0,4,Mobile Phone,2.0,23.0,1.0,153
54280,17.0,4.0,4,Grocery,5.0,,2.0,295
54281,4.0,4.0,6,Mobile Phone,2.0,26.0,1.0,151
54282,7.0,4.0,4,Laptop & Accessory,2.0,14.0,1.0,186
54283,20.0,4.0,4,Mobile Phone,5.0,19.0,4.0,175
54284,25.0,3.0,4,Others,16.0,,9.0,320
54285,1.0,4.0,6,Laptop & Accessory,8.0,19.0,1.0,187
54286,1.0,3.0,5,Mobile Phone,5.0,20.0,3.0,149
54287,21.0,4.0,4,Fashion,16.0,13.0,8.0,228
54288,1.0,3.0,4,Mobile Phone,2.0,20.0,2.0,142
54289,1.0,4.0,4,Mobile Phone,3.0,15.0,3.0,150
54290,23.0,4.0,4,Laptop & Accessory,6.0,15.0,6.0,191
54291,17.0,4.0,2,Mobile Phone,2.0,13.0,1.0,172
54292,24.0,4.0,4,Fashion,3.0,12.0,2.0,217
54293,1.0,4.0,6,Laptop & Accessory,3.0,12.0,1.0,171
54294,15.0,4.0,4,Fashion,2.0,14.0,1.0,207
54295,1.0,4.0,4,Mobile Phone,6.0,24.0,3.0,154
54296,10.0,3.0,4,Laptop & Accessory,2.0,21.0,1.0,174
54297,15.0,3.0,6,Fashion,2.0,16.0,2.0,232
54298,13.0,3.0,5,Laptop & Accessory,6.0,15.0,6.0,184
54299,1.0,3.0,5,Laptop & Accessory,3.0,19.0,2.0,211
54300,4.0,3.0,4,Laptop & Accessory,5.0,20.0,5.0,188
54301,1.0,3.0,4,Mobile Phone,2.0,23.0,2.0,167
54302,19.0,3.0,4,Mobile Phone,2.0,14.0,2.0,160
54303,12.0,3.0,4,Laptop & Accessory,3.0,21.0,3.0,168
54304,4.0,4.0,4,Mobile Phone,2.0,15.0,2.0,151
54305,6.0,3.0,6,Laptop & Accessory,2.0,18.0,1.0,172
54306,4.0,3.0,4,Mobile Phone,3.0,15.0,1.0,157
54307,4.0,3.0,5,Mobile Phone,2.0,14.0,1.0,152
54308,15.0,4.0,5,Grocery,8.0,,3.0,297
54309,15.0,4.0,4,Mobile Phone,2.0,22.0,1.0,147
54310,1.0,4.0,4,Mobile Phone,2.0,15.0,2.0,140
54311,14.0,3.0,4,Laptop & Accessory,3.0,12.0,1.0,181
54312,9.0,4.0,4,Fashion,2.0,14.0,1.0,198
54313,27.0,3.0,4,Laptop & Accessory,5.0,21.0,1.0,148
54314,19.0,3.0,4,Laptop & Accessory,2.0,19.0,2.0,148
54315,6.0,3.0,4,Fashion,4.0,15.0,3.0,215
54316,3.0,3.0,4,Laptop & Accessory,2.0,14.0,1.0,168
54317,25.0,3.0,5,Laptop & Accessory,2.0,18.0,2.0,186
54318,31.0,4.0,5,Mobile Phone,2.0,21.0,2.0,158
54319,14.0,4.0,5,Fashion,,12.0,2.0,234
54320,8.0,4.0,4,Mobile Phone,2.0,19.0,1.0,147
54321,1.0,4.0,4,Mobile Phone,3.0,25.0,3.0,148
54322,1.0,3.0,4,Mobile Phone,3.0,19.0,3.0,145
54323,2.0,3.0,4,Mobile Phone,2.0,12.0,1.0,152
54324,31.0,3.0,2,Fashion,2.0,17.0,2.0,219
54325,1.0,4.0,5,Mobile Phone,2.0,16.0,1.0,151
54326,24.0,3.0,4,Others,5.0,16.0,1.0,324
54327,15.0,3.0,4,Mobile Phone,2.0,13.0,2.0,150
54328,4.0,3.0,4,Fashion,8.0,13.0,2.0,219
54329,12.0,3.0,5,Laptop & Accessory,2.0,23.0,1.0,212
54330,6.0,3.0,4,Mobile Phone,2.0,21.0,1.0,155
54331,1.0,3.0,4,Mobile Phone,2.0,17.0,1.0,156
54332,1.0,4.0,6,Mobile Phone,2.0,22.0,2.0,148
54333,10.0,2.0,4,Mobile Phone,8.0,13.0,3.0,146
54334,4.0,4.0,4,Laptop & Accessory,7.0,12.0,6.0,156
54335,19.0,2.0,4,Laptop & Accessory,2.0,12.0,1.0,175
54336,30.0,4.0,4,Mobile Phone,3.0,19.0,3.0,168
54337,7.0,3.0,4,Mobile Phone,2.0,15.0,2.0,150
54338,1.0,3.0,5,Mobile Phone,2.0,23.0,2.0,136
54339,20.0,4.0,4,Fashion,16.0,26.0,9.0,230
54340,12.0,4.0,4,Mobile Phone,3.0,13.0,2.0,148
54341,5.0,4.0,4,Mobile Phone,2.0,24.0,2.0,164
54342,8.0,4.0,4,Mobile Phone,2.0,16.0,1.0,148
54343,5.0,4.0,4,Mobile Phone,2.0,23.0,1.0,156
54344,24.0,3.0,5,Mobile Phone,2.0,16.0,2.0,162
54345,27.0,3.0,2,Laptop & Accessory,2.0,12.0,2.0,170
54346,7.0,4.0,4,Mobile Phone,2.0,14.0,2.0,153
54347,14.0,3.0,4,Others,10.0,,2.0,315
54348,29.0,4.0,2,Others,3.0,,3.0,312
54349,8.0,3.0,5,Laptop & Accessory,2.0,18.0,1.0,220
54350,25.0,4.0,4,Grocery,2.0,19.0,,262
54351,26.0,4.0,5,Others,12.0,15.0,8.0,325
54352,1.0,5.0,4,Mobile Phone,2.0,17.0,1.0,148
54353,1.0,3.0,5,Laptop & Accessory,2.0,14.0,2.0,184
54354,17.0,3.0,2,Mobile Phone,3.0,15.0,2.0,146
54355,19.0,4.0,5,Grocery,12.0,,2.0,293
54356,11.0,4.0,2,Mobile Phone,2.0,13.0,2.0,161
54357,9.0,3.0,4,Laptop & Accessory,2.0,12.0,1.0,169
54358,16.0,3.0,4,Laptop & Accessory,2.0,17.0,1.0,178
54359,12.0,3.0,4,Laptop & Accessory,2.0,15.0,2.0,191
54360,12.0,3.0,4,Laptop & Accessory,2.0,19.0,1.0,188
54361,1.0,3.0,5,Laptop & Accessory,3.0,20.0,3.0,168
54362,23.0,4.0,4,Laptop & Accessory,2.0,16.0,1.0,193
54363,8.0,3.0,4,Mobile Phone,3.0,18.0,3.0,163
54364,14.0,2.0,4,Laptop & Accessory,4.0,16.0,4.0,152
54365,2.0,4.0,4,Laptop & Accessory,2.0,20.0,2.0,192
54366,1.0,3.0,4,Fashion,2.0,23.0,1.0,201
54367,1.0,3.0,2,Mobile Phone,3.0,17.0,3.0,148
54368,10.0,4.0,4,Mobile Phone,2.0,14.0,1.0,147
54369,14.0,4.0,5,Laptop & Accessory,2.0,15.0,1.0,174
54370,20.0,4.0,4,Fashion,2.0,17.0,1.0,219
54371,1.0,3.0,6,Fashion,10.0,12.0,7.0,229
54372,4.0,3.0,5,Fashion,6.0,23.0,5.0,210
54373,1.0,3.0,4,Laptop & Accessory,2.0,15.0,2.0,225
54374,25.0,3.0,5,Fashion,,17.0,3.0,250
54375,1.0,3.0,4,Mobile Phone,2.0,12.0,1.0,152
54376,15.0,4.0,4,Fashion,2.0,19.0,,261
54377,1.0,3.0,5,Laptop & Accessory,2.0,16.0,2.0,192
54378,1.0,3.0,4,Mobile Phone,2.0,15.0,1.0,146
54379,19.0,3.0,5,Fashion,13.0,13.0,6.0,214
54380,28.0,3.0,4,Laptop & Accessory,2.0,15.0,2.0,184
54381,10.0,4.0,4,Laptop & Accessory,4.0,17.0,3.0,184
54382,7.0,3.0,5,Mobile Phone,2.0,22.0,1.0,151
54383,11.0,3.0,4,Fashion,,15.0,2.0,247
54384,12.0,4.0,4,Fashion,6.0,13.0,2.0,231
54385,5.0,3.0,6,Laptop & Accessory,2.0,13.0,1.0,168
54386,31.0,4.0,5,Mobile Phone,2.0,18.0,1.0,147
54387,11.0,3.0,4,Mobile Phone,6.0,18.0,4.0,153
54388,3.0,3.0,4,Fashion,5.0,15.0,5.0,204
54389,9.0,4.0,4,Fashion,2.0,15.0,2.0,213
54390,1.0,3.0,5,Mobile Phone,2.0,14.0,1.0,149
54391,26.0,3.0,5,Mobile Phone,3.0,16.0,3.0,157
54392,16.0,3.0,4,Others,12.0,,1.0,317
54393,31.0,3.0,4,Mobile Phone,3.0,18.0,1.0,148
54394,24.0,4.0,4,Others,2.0,,2.0,320
54395,1.0,3.0,4,Mobile Phone,2.0,14.0,2.0,149
54396,17.0,4.0,4,Grocery,2.0,23.0,,286
54397,1.0,3.0,4,Mobile Phone,2.0,21.0,2.0,152
54398,26.0,4.0,5,Others,16.0,,2.0,316
54399,6.0,3.0,4,Mobile Phone,2.0,12.0,2.0,164
54400,1.0,4.0,5,Mobile Phone,2.0,15.0,1.0,162
54401,13.0,4.0,4,Mobile Phone,2.0,15.0,2.0,147
54402,6.0,4.0,4,Laptop & Accessory,3.0,19.0,3.0,170
54403,15.0,3.0,4,Laptop & Accessory,2.0,17.0,1.0,156
54404,14.0,4.0,4,Laptop & Accessory,5.0,18.0,3.0,158
54405,19.0,4.0,2,Others,2.0,,2.0,317
54406,5.0,4.0,4,Fashion,3.0,13.0,,262
54407,7.0,4.0,5,Mobile Phone,2.0,14.0,1.0,154
54408,8.0,3.0,5,Laptop & Accessory,6.0,14.0,1.0,185
54409,11.0,3.0,5,Mobile Phone,2.0,15.0,1.0,164
54410,19.0,4.0,2,Laptop & Accessory,2.0,18.0,2.0,189
54411,1.0,4.0,4,Fashion,2.0,12.0,1.0,225
54412,13.0,4.0,4,Fashion,,26.0,7.0,234
54413,3.0,3.0,4,Mobile Phone,2.0,20.0,2.0,148
54414,16.0,3.0,2,Laptop & Accessory,2.0,14.0,2.0,190
54415,3.0,3.0,4,Laptop & Accessory,2.0,15.0,2.0,194
54416,1.0,4.0,4,Laptop & Accessory,2.0,13.0,2.0,174
54417,16.0,3.0,5,Mobile Phone,8.0,12.0,8.0,151
54418,14.0,3.0,4,Others,4.0,,4.0,319
54419,25.0,4.0,4,Mobile Phone,2.0,12.0,2.0,152
54420,1.0,4.0,5,Mobile Phone,2.0,12.0,1.0,160
54421,6.0,4.0,2,Mobile Phone,2.0,21.0,1.0,153
54422,12.0,3.0,5,Laptop & Accessory,8.0,19.0,2.0,177
54423,6.0,3.0,5,Laptop & Accessory,2.0,14.0,1.0,147
54424,20.0,4.0,6,Grocery,8.0,,7.0,294
54425,1.0,4.0,4,Mobile Phone,2.0,12.0,1.0,160
54426,3.0,4.0,5,Laptop & Accessory,2.0,20.0,2.0,191
54427,5.0,4.0,5,Laptop & Accessory,8.0,22.0,1.0,181
54428,1.0,3.0,2,Laptop & Accessory,2.0,13.0,2.0,165
54429,19.0,4.0,4,Grocery,,15.0,3.0,260
54430,10.0,3.0,4,Mobile Phone,11.0,12.0,2.0,157
54431,29.0,3.0,4,Others,5.0,,4.0,315
54432,11.0,3.0,4,Fashion,,13.0,5.0,243
54433,2.0,4.0,4,Mobile Phone,2.0,24.0,2.0,146
54434,11.0,4.0,4,Laptop & Accessory,2.0,15.0,2.0,190
54435,1.0,4.0,5,Mobile Phone,2.0,18.0,2.0,157
54436,11.0,4.0,4,Fashion,2.0,19.0,,261
54437,9.0,4.0,2,Fashion,,19.0,6.0,245
54438,12.0,3.0,2,Laptop & Accessory,8.0,25.0,5.0,181
54439,1.0,3.0,4,Laptop & Accessory,2.0,21.0,2.0,189
54440,24.0,4.0,4,Others,2.0,,1.0,316
54441,27.0,3.0,4,Grocery,2.0,,2.0,301
54442,16.0,2.0,4,Laptop & Accessory,12.0,26.0,7.0,174
54443,3.0,3.0,4,Laptop & Accessory,2.0,19.0,1.0,171
54444,29.0,3.0,4,Laptop & Accessory,2.0,20.0,1.0,179
54445,1.0,3.0,4,Laptop & Accessory,4.0,14.0,2.0,172
54446,11.0,3.0,4,Mobile Phone,6.0,13.0,2.0,146
54447,8.0,3.0,4,Mobile Phone,2.0,23.0,1.0,157
54448,12.0,3.0,4,Laptop & Accessory,2.0,15.0,1.0,182
54449,1.0,3.0,4,Mobile Phone,2.0,14.0,2.0,149
54450,2.0,4.0,4,Mobile Phone,2.0,22.0,2.0,158
54451,23.0,3.0,4,Others,2.0,,1.0,312
54452,10.0,2.0,4,Laptop & Accessory,8.0,13.0,3.0,170
54453,5.0,3.0,4,Mobile Phone,3.0,12.0,1.0,153
54454,1.0,3.0,5,Laptop & Accessory,8.0,13.0,5.0,183
54455,11.0,3.0,4,Mobile Phone,2.0,13.0,1.0,148
54456,16.0,4.0,4,Grocery,,15.0,4.0,260
54457,1.0,3.0,4,Mobile Phone,2.0,14.0,2.0,139
54458,9.0,4.0,4,Fashion,7.0,16.0,4.0,205
54459,10.0,3.0,2,Mobile Phone,2.0,19.0,2.0,162
54460,25.0,3.0,6,Laptop & Accessory,2.0,19.0,1.0,180
54461,15.0,3.0,4,Grocery,2.0,20.0,,285
54462,1.0,4.0,5,Mobile Phone,2.0,13.0,1.0,137
54463,2.0,4.0,2,Laptop & Accessory,2.0,20.0,1.0,182
54464,5.0,4.0,2,Laptop & Accessory,8.0,12.0,4.0,194
54465,13.0,3.0,2,Fashion,4.0,18.0,2.0,221
54466,10.0,3.0,4,Laptop & Accessory,2.0,16.0,2.0,182
54467,6.0,4.0,5,Laptop & Accessory,5.0,15.0,4.0,180
54468,12.0,3.0,5,Fashion,,18.0,1.0,246
54469,31.0,3.0,6,Laptop & Accessory,2.0,14.0,2.0,182
54470,5.0,3.0,4,Mobile Phone,2.0,13.0,2.0,173
54471,5.0,4.0,5,Laptop & Accessory,2.0,13.0,1.0,189
54472,19.0,4.0,4,Fashion,10.0,19.0,3.0,177
54473,5.0,3.0,4,Mobile Phone,3.0,19.0,3.0,152
54474,7.0,4.0,4,Fashion,,12.0,8.0,244
54475,1.0,4.0,4,Grocery,12.0,,2.0,296
54476,17.0,3.0,4,Mobile Phone,2.0,20.0,1.0,150
54477,23.0,3.0,5,Grocery,2.0,13.0,,265
54478,16.0,3.0,5,Laptop & Accessory,8.0,16.0,8.0,174
54479,1.0,3.0,4,Mobile Phone,2.0,13.0,1.0,150
54480,6.0,4.0,5,Laptop & Accessory,12.0,12.0,12.0,177
54481,1.0,4.0,4,Laptop & Accessory,2.0,12.0,1.0,170
54482,5.0,4.0,4,Laptop & Accessory,2.0,13.0,1.0,200
54483,6.0,4.0,2,Laptop & Accessory,2.0,17.0,1.0,176
54484,1.0,3.0,6,Mobile Phone,3.0,14.0,2.0,160
54485,4.0,4.0,4,Laptop & Accessory,2.0,14.0,2.0,183
54486,5.0,3.0,5,Fashion,9.0,25.0,8.0,214
54487,13.0,3.0,5,Others,14.0,,7.0,318
54488,3.0,3.0,4,Laptop & Accessory,2.0,19.0,2.0,177
54489,7.0,3.0,5,Laptop & Accessory,2.0,15.0,2.0,172
54490,21.0,3.0,4,Others,2.0,,2.0,308
54491,17.0,3.0,5,Laptop & Accessory,2.0,12.0,2.0,178
54492,1.0,4.0,4,Laptop & Accessory,2.0,14.0,1.0,188
54493,28.0,3.0,4,Laptop & Accessory,2.0,13.0,1.0,174
54494,17.0,3.0,4,Fashion,2.0,17.0,2.0,225
54495,19.0,4.0,4,Laptop & Accessory,10.0,15.0,9.0,162
54496,14.0,3.0,6,Laptop & Accessory,2.0,23.0,2.0,200
54497,1.0,4.0,6,Mobile Phone,2.0,12.0,1.0,146
54498,3.0,2.0,5,Mobile Phone,3.0,18.0,2.0,165
54499,4.0,2.0,5,Laptop & Accessory,2.0,14.0,2.0,186
54500,1.0,3.0,4,Laptop & Accessory,2.0,19.0,1.0,187
54501,11.0,4.0,4,Laptop & Accessory,2.0,17.0,2.0,188
54502,12.0,4.0,5,Fashion,,15.0,3.0,240
54503,5.0,3.0,4,Fashion,5.0,15.0,5.0,196
54504,3.0,3.0,5,Laptop & Accessory,2.0,15.0,2.0,208
54505,9.0,4.0,4,Fashion,2.0,14.0,2.0,206
54506,1.0,3.0,4,Mobile Phone,2.0,13.0,1.0,154
54507,15.0,4.0,5,Laptop & Accessory,2.0,16.0,2.0,185
54508,21.0,4.0,4,Laptop & Accessory,2.0,20.0,1.0,155
54509,16.0,3.0,4,Grocery,2.0,15.0,,285
54510,3.0,4.0,4,Laptop & Accessory,2.0,15.0,2.0,171
54511,16.0,3.0,4,Mobile Phone,2.0,12.0,2.0,152
54512,6.0,4.0,4,Mobile Phone,2.0,14.0,1.0,149
54513,22.0,4.0,4,Fashion,,22.0,1.0,250
54514,11.0,3.0,2,Laptop & Accessory,7.0,14.0,7.0,185
54515,4.0,3.0,4,Laptop & Accessory,3.0,13.0,3.0,172
54516,1.0,3.0,4,Laptop & Accessory,8.0,18.0,1.0,178
54517,16.0,4.0,5,Laptop & Accessory,2.0,24.0,2.0,193
54518,1.0,4.0,5,Mobile Phone,2.0,12.0,2.0,147
54519,10.0,3.0,4,Laptop & Accessory,2.0,16.0,2.0,192
54520,10.0,3.0,5,Fashion,2.0,12.0,1.0,222
54521,31.0,3.0,4,Laptop & Accessory,2.0,12.0,1.0,193
54522,14.0,3.0,2,Mobile Phone,2.0,14.0,1.0,147
54523,1.0,3.0,4,Mobile Phone,3.0,25.0,3.0,151
54524,1.0,3.0,4,Mobile Phone,2.0,14.0,1.0,154
54525,11.0,4.0,4,Mobile Phone,2.0,21.0,2.0,160
54526,20.0,2.0,4,Laptop & Accessory,2.0,15.0,2.0,178
54527,5.0,3.0,4,Laptop & Accessory,8.0,19.0,5.0,219
54528,24.0,4.0,5,Fashion,2.0,16.0,2.0,230
54529,4.0,4.0,5,Laptop & Accessory,2.0,13.0,2.0,189
54530,5.0,3.0,5,Mobile Phone,3.0,17.0,3.0,152
54531,1.0,3.0,2,Mobile Phone,2.0,16.0,1.0,152
54532,3.0,3.0,4,Mobile Phone,2.0,17.0,1.0,147
54533,9.0,4.0,5,Laptop & Accessory,2.0,20.0,1.0,190
54534,1.0,3.0,4,Mobile Phone,2.0,12.0,1.0,163
54535,2.0,4.0,4,Laptop & Accessory,2.0,17.0,2.0,178
54536,23.0,3.0,5,Fashion,,25.0,2.0,235
54537,25.0,3.0,4,Laptop & Accessory,2.0,12.0,2.0,174
54538,10.0,4.0,4,Mobile Phone,3.0,14.0,3.0,150
54539,1.0,4.0,2,Laptop & Accessory,2.0,14.0,1.0,178
54540,29.0,4.0,4,Grocery,2.0,14.0,,292
54541,1.0,4.0,4,Laptop & Accessory,2.0,13.0,1.0,168
54542,4.0,4.0,4,Mobile Phone,2.0,19.0,2.0,150
54543,1.0,4.0,4,Mobile Phone,2.0,23.0,1.0,156
54544,1.0,3.0,4,Mobile Phone,2.0,14.0,2.0,147
54545,10.0,4.0,5,Fashion,10.0,14.0,9.0,201
54546,1.0,3.0,4,Mobile Phone,2.0,24.0,2.0,148
54547,11.0,4.0,4,Mobile Phone,13.0,13.0,11.0,155
54548,14.0,3.0,4,Laptop & Accessory,2.0,13.0,1.0,182
54549,16.0,4.0,4,Mobile Phone,2.0,17.0,1.0,151
54550,11.0,3.0,4,Laptop & Accessory,2.0,13.0,1.0,167
54551,17.0,3.0,5,Grocery,4.0,12.0,,268
54552,14.0,4.0,5,Laptop & Accessory,2.0,23.0,2.0,159
54553,28.0,3.0,4,Others,2.0,,2.0,319
54554,8.0,4.0,4,Laptop & Accessory,2.0,16.0,1.0,190
54555,5.0,3.0,4,Laptop & Accessory,4.0,13.0,4.0,168
54556,17.0,4.0,4,Mobile Phone,2.0,21.0,2.0,148
54557,17.0,4.0,4,Laptop & Accessory,2.0,15.0,2.0,170
54558,1.0,4.0,5,Laptop & Accessory,2.0,12.0,1.0,170
54559,11.0,4.0,4,Laptop & Accessory,11.0,16.0,5.0,169
54560,5.0,4.0,5,Mobile Phone,4.0,13.0,4.0,147
54561,13.0,3.0,4,Others,2.0,,1.0,317
54562,30.0,3.0,2,Grocery,,12.0,7.0,257
54563,4.0,3.0,4,Laptop & Accessory,5.0,12.0,4.0,191
54564,15.0,3.0,2,Fashion,2.0,17.0,2.0,209
54565,2.0,4.0,4,Laptop & Accessory,2.0,13.0,1.0,171
54566,1.0,4.0,4,Mobile Phone,2.0,14.0,2.0,165
54567,26.0,3.0,5,Fashion,2.0,15.0,2.0,205
54568,19.0,4.0,4,Mobile Phone,2.0,22.0,1.0,152
54569,26.0,2.0,4,Grocery,2.0,14.0,,291
54570,16.0,4.0,4,Laptop & Accessory,2.0,12.0,2.0,171
54571,4.0,3.0,6,Laptop & Accessory,2.0,21.0,2.0,186
54572,31.0,3.0,4,Others,12.0,,2.0,321
54573,20.0,3.0,4,Laptop & Accessory,2.0,15.0,2.0,173
54574,16.0,3.0,5,Laptop & Accessory,2.0,12.0,1.0,170
54575,1.0,4.0,4,Mobile Phone,2.0,17.0,1.0,157
54576,1.0,3.0,6,Mobile Phone,2.0,17.0,1.0,149
54577,12.0,3.0,4,Mobile Phone,2.0,24.0,2.0,142
54578,14.0,4.0,4,Others,2.0,,2.0,305
54579,1.0,3.0,4,Mobile Phone,2.0,23.0,1.0,154
54580,4.0,3.0,4,Mobile Phone,2.0,16.0,2.0,146
54581,3.0,4.0,5,Fashion,,19.0,1.0,244
54582,1.0,4.0,5,Mobile Phone,2.0,17.0,2.0,150
54583,1.0,3.0,5,Mobile Phone,2.0,13.0,1.0,151
54584,4.0,4.0,4,Fashion,8.0,12.0,4.0,209
54585,31.0,3.0,5,Grocery,2.0,13.0,,266
54586,24.0,3.0,5,Grocery,16.0,,16.0,295
54587,4.0,3.0,4,Mobile Phone,7.0,15.0,2.0,151
54588,31.0,4.0,5,Fashion,14.0,20.0,4.0,228
54589,21.0,4.0,4,Laptop & Accessory,2.0,14.0,1.0,176
54590,20.0,3.0,4,Grocery,2.0,,2.0,304
54591,9.0,3.0,6,Mobile Phone,5.0,16.0,2.0,167
54592,28.0,3.0,4,Laptop & Accessory,2.0,12.0,1.0,163
54593,8.0,4.0,5,Mobile Phone,6.0,13.0,4.0,153
54594,6.0,4.0,5,Fashion,2.0,20.0,1.0,216
54595,5.0,3.0,4,Fashion,2.0,26.0,1.0,231
54596,1.0,3.0,4,Fashion,8.0,13.0,,261
54597,1.0,3.0,6,Mobile Phone,2.0,14.0,1.0,159
54598,4.0,3.0,4,Mobile Phone,2.0,15.0,1.0,155
54599,9.0,4.0,4,Fashion,2.0,13.0,1.0,201
54600,1.0,4.0,4,Fashion,2.0,13.0,2.0,223
54601,1.0,3.0,4,Fashion,2.0,16.0,2.0,225
54602,16.0,4.0,4,Mobile Phone,3.0,18.0,1.0,146
54603,10.0,3.0,4,Fashion,10.0,15.0,9.0,225
54604,1.0,4.0,5,Mobile Phone,2.0,17.0,1.0,164
54605,22.0,3.0,4,Laptop & Accessory,7.0,15.0,7.0,166
54606,29.0,3.0,4,Grocery,8.0,,2.0,293
54607,15.0,3.0,4,Laptop & Accessory,2.0,15.0,1.0,187
54608,9.0,3.0,4,Laptop & Accessory,7.0,12.0,1.0,172
54609,14.0,4.0,4,Grocery,,16.0,5.0,257
54610,13.0,3.0,4,Mobile Phone,2.0,12.0,2.0,163
54611,5.0,4.0,4,Laptop & Accessory,2.0,14.0,2.0,191
54612,16.0,3.0,4,Fashion,6.0,22.0,6.0,199
54613,19.0,4.0,4,Laptop & Accessory,4.0,20.0,4.0,173
54614,1.0,3.0,4,Mobile Phone,2.0,12.0,1.0,152
54615,3.0,3.0,4,Laptop & Accessory,2.0,13.0,2.0,168
54616,7.0,4.0,2,Grocery,2.0,20.0,,287
54617,5.0,3.0,5,Fashion,,22.0,2.0,241
54618,1.0,4.0,4,Mobile Phone,2.0,15.0,2.0,144
54619,14.0,3.0,6,Fashion,,16.0,1.0,234
54620,15.0,4.0,5,Laptop & Accessory,2.0,18.0,1.0,193
54621,1.0,3.0,4,Laptop & Accessory,2.0,13.0,1.0,168
54622,9.0,4.0,4,Laptop & Accessory,2.0,17.0,2.0,174
54623,8.0,4.0,2,Laptop & Accessory,6.0,13.0,1.0,178
54624,1.0,4.0,6,Mobile Phone,2.0,19.0,1.0,148
54625,11.0,3.0,4,Fashion,2.0,18.0,2.0,200
54626,20.0,3.0,4,Fashion,2.0,12.0,1.0,230
54627,15.0,4.0,4,Grocery,12.0,17.0,,291
54628,11.0,4.0,4,Fashion,8.0,14.0,2.0,213
54629,26.0,4.0,4,Laptop & Accessory,7.0,13.0,3.0,181
54630,1.0,3.0,2,Laptop & Accessory,2.0,13.0,2.0,172
54631,1.0,3.0,4,Mobile Phone,3.0,14.0,2.0,149
54632,12.0,4.0,4,Laptop & Accessory,2.0,20.0,1.0,223
54633,11.0,4.0,4,Laptop & Accessory,5.0,13.0,5.0,189
54634,23.0,3.0,5,Others,2.0,,2.0,320
54635,1.0,3.0,2,Mobile Phone,2.0,12.0,1.0,152
54636,1.0,4.0,4,Laptop & Accessory,2.0,21.0,1.0,188
54637,1.0,4.0,5,Mobile Phone,2.0,22.0,2.0,146
54638,24.0,4.0,4,Others,11.0,,2.0,307
54639,1.0,3.0,4,Mobile Phone,2.0,12.0,2.0,146
54640,1.0,3.0,4,Mobile Phone,2.0,17.0,1.0,154
54641,1.0,4.0,5,Mobile Phone,2.0,19.0,2.0,145
54642,8.0,3.0,5,Mobile Phone,2.0,14.0,2.0,161
54643,1.0,3.0,4,Laptop & Accessory,2.0,18.0,1.0,167
54644,9.0,3.0,5,Laptop & Accessory,2.0,15.0,2.0,162
54645,5.0,4.0,2,Laptop & Accessory,6.0,23.0,6.0,180
54646,1.0,4.0,5,Mobile Phone,2.0,13.0,1.0,147
54647,11.0,4.0,4,Laptop & Accessory,2.0,12.0,1.0,221
54648,1.0,3.0,5,Mobile Phone,2.0,14.0,1.0,153
54649,16.0,3.0,4,Laptop & Accessory,3.0,14.0,1.0,166
54650,17.0,3.0,5,Grocery,2.0,15.0,,291
54651,12.0,3.0,4,Mobile Phone,2.0,18.0,1.0,151
54652,17.0,4.0,4,Laptop & Accessory,5.0,14.0,2.0,182
54653,22.0,3.0,5,Grocery,2.0,12.0,,279
54654,18.0,3.0,5,Laptop & Accessory,2.0,12.0,2.0,185
54655,8.0,3.0,4,Mobile Phone,2.0,19.0,2.0,151
54656,1.0,3.0,4,Mobile Phone,2.0,12.0,2.0,155
54657,1.0,3.0,4,Mobile Phone,2.0,12.0,1.0,159
54658,18.0,3.0,4,Others,2.0,,1.0,320
54659,1.0,4.0,4,Mobile Phone,3.0,21.0,2.0,153
54660,7.0,3.0,4,Laptop & Accessory,2.0,13.0,1.0,196
54661,6.0,4.0,4,Laptop & Accessory,2.0,13.0,2.0,188
54662,4.0,4.0,4,Mobile Phone,2.0,21.0,2.0,146
54663,27.0,3.0,4,Laptop & Accessory,9.0,21.0,5.0,209
54664,8.0,3.0,4,Mobile Phone,9.0,13.0,2.0,152
54665,9.0,4.0,4,Laptop & Accessory,2.0,15.0,1.0,168
54666,1.0,4.0,4,Mobile Phone,2.0,14.0,1.0,81
54667,11.0,3.0,4,Fashion,8.0,16.0,8.0,219
54668,3.0,4.0,4,Laptop & Accessory,2.0,15.0,1.0,181
54669,9.0,3.0,6,Laptop & Accessory,12.0,14.0,1.0,191
54670,7.0,2.0,4,Laptop & Accessory,5.0,24.0,4.0,202
54671,28.0,3.0,4,Fashion,,16.0,3.0,232
54672,10.0,3.0,5,Laptop & Accessory,2.0,12.0,1.0,213
54673,1.0,3.0,5,Mobile Phone,2.0,14.0,2.0,145
54674,1.0,3.0,4,Mobile,2.0,12.0,2.0,135
54675,1.0,4.0,4,Mobile Phone,10.0,12.0,6.0,158
54676,9.0,3.0,5,Mobile Phone,2.0,19.0,2.0,138
54677,1.0,3.0,2,Mobile Phone,2.0,17.0,1.0,153
54678,1.0,3.0,2,Laptop & Accessory,2.0,23.0,2.0,174
54679,12.0,3.0,5,Laptop & Accessory,2.0,21.0,2.0,165
54680,3.0,4.0,6,Mobile Phone,3.0,19.0,1.0,152
54681,22.0,3.0,2,Laptop & Accessory,3.0,13.0,1.0,206
54682,1.0,4.0,2,Laptop & Accessory,2.0,21.0,2.0,171
54683,11.0,4.0,2,Mobile Phone,2.0,18.0,2.0,172
54684,24.0,4.0,2,Mobile Phone,4.0,12.0,1.0,157
54685,8.0,3.0,5,Fashion,8.0,15.0,5.0,211
54686,1.0,4.0,4,Laptop & Accessory,3.0,15.0,2.0,171
54687,13.0,4.0,5,Laptop & Accessory,12.0,12.0,2.0,171
54688,6.0,3.0,4,Laptop & Accessory,2.0,13.0,2.0,179
54689,14.0,3.0,4,Laptop & Accessory,2.0,15.0,1.0,193
54690,12.0,3.0,2,Laptop & Accessory,2.0,14.0,1.0,201
54691,1.0,4.0,4,Fashion,2.0,12.0,1.0,199
54692,6.0,3.0,4,Fashion,,16.0,7.0,237
54693,21.0,3.0,4,Laptop & Accessory,2.0,13.0,2.0,175
54694,14.0,3.0,5,Fashion,2.0,22.0,1.0,230
54695,27.0,3.0,2,Grocery,2.0,20.0,,273
54696,15.0,4.0,5,Others,13.0,,4.0,316
54697,31.0,3.0,4,Laptop & Accessory,3.0,15.0,3.0,179
54698,1.0,3.0,4,Fashion,2.0,22.0,1.0,213
54699,15.0,3.0,5,Others,3.0,,2.0,317
54700,24.0,3.0,4,Mobile Phone,3.0,16.0,1.0,164
54701,1.0,4.0,6,Mobile Phone,4.0,14.0,2.0,147
54702,10.0,4.0,2,Fashion,,15.0,1.0,242
54703,12.0,3.0,4,Fashion,2.0,15.0,1.0,204
54704,18.0,3.0,6,Mobile Phone,2.0,15.0,1.0,162
54705,21.0,3.0,4,Grocery,12.0,13.0,,263
54706,4.0,4.0,4,Laptop & Accessory,8.0,24.0,3.0,178
54707,3.0,4.0,4,Mobile Phone,2.0,12.0,2.0,151
54708,6.0,3.0,2,Mobile Phone,3.0,13.0,1.0,153
54709,17.0,3.0,5,Laptop & Accessory,3.0,19.0,2.0,193
54710,8.0,4.0,4,Laptop & Accessory,5.0,12.0,1.0,186
54711,1.0,3.0,4,Mobile Phone,2.0,15.0,2.0,150
54712,13.0,3.0,2,Laptop & Accessory,4.0,16.0,1.0,189
54713,30.0,3.0,4,Grocery,,12.0,1.0,236
54714,14.0,3.0,5,Mobile Phone,3.0,21.0,1.0,148
54715,1.0,3.0,5,Laptop & Accessory,2.0,20.0,2.0,193
54716,3.0,3.0,4,Mobile Phone,3.0,15.0,3.0,148
54717,27.0,3.0,4,Laptop & Accessory,3.0,18.0,3.0,150
54718,9.0,4.0,4,Laptop & Accessory,2.0,12.0,2.0,176
54719,6.0,4.0,4,Laptop & Accessory,5.0,16.0,2.0,178
54720,12.0,4.0,4,Mobile Phone,2.0,14.0,1.0,156
54721,8.0,3.0,4,Laptop & Accessory,2.0,15.0,2.0,176
54722,26.0,3.0,5,Grocery,2.0,,2.0,294
54723,1.0,4.0,4,Mobile Phone,8.0,14.0,7.0,152
54724,1.0,3.0,4,Laptop & Accessory,2.0,24.0,1.0,187
54725,19.0,3.0,6,Laptop & Accessory,4.0,14.0,2.0,191
54726,1.0,4.0,2,Mobile Phone,2.0,19.0,1.0,160
54727,11.0,4.0,2,Laptop & Accessory,2.0,13.0,1.0,189
54728,8.0,3.0,4,Laptop & Accessory,2.0,23.0,1.0,188
54729,19.0,4.0,4,Others,2.0,14.0,2.0,324
54730,10.0,4.0,5,Fashion,2.0,16.0,1.0,201
54731,26.0,3.0,4,Mobile Phone,2.0,19.0,2.0,168
54732,1.0,4.0,6,Mobile Phone,3.0,15.0,3.0,169
54733,3.0,4.0,4,Laptop & Accessory,2.0,13.0,1.0,168
54734,1.0,3.0,5,Laptop & Accessory,2.0,18.0,1.0,178
54735,8.0,4.0,2,Mobile Phone,2.0,17.0,2.0,158
54736,28.0,4.0,4,Laptop & Accessory,2.0,12.0,1.0,180
54737,1.0,3.0,4,Laptop & Accessory,2.0,20.0,2.0,168
54738,11.0,3.0,4,Mobile Phone,5.0,14.0,5.0,153
54739,12.0,4.0,2,Laptop & Accessory,5.0,13.0,1.0,185
54740,8.0,3.0,5,Mobile Phone,2.0,12.0,2.0,169
54741,9.0,4.0,4,Mobile Phone,2.0,17.0,2.0,151
54742,4.0,3.0,6,Mobile Phone,2.0,22.0,2.0,163
54743,14.0,3.0,2,Laptop & Accessory,4.0,25.0,1.0,167
54744,8.0,4.0,4,Laptop & Accessory,2.0,18.0,2.0,190
54745,16.0,4.0,4,Others,15.0,,6.0,309
54746,1.0,4.0,2,Mobile Phone,2.0,22.0,1.0,141
54747,1.0,3.0,5,Mobile Phone,2.0,12.0,1.0,152
54748,26.0,3.0,4,Laptop & Accessory,2.0,21.0,2.0,156
54749,24.0,4.0,4,Grocery,2.0,,1.0,301
54750,1.0,3.0,5,Mobile Phone,2.0,12.0,1.0,148
54751,7.0,3.0,4,Fashion,,12.0,2.0,242
54752,1.0,4.0,4,Laptop & Accessory,2.0,16.0,2.0,178
54753,21.0,3.0,4,Grocery,4.0,,4.0,293
54754,10.0,3.0,4,Laptop & Accessory,2.0,16.0,2.0,177
54755,3.0,3.0,2,Mobile Phone,2.0,25.0,2.0,152
54756,21.0,3.0,4,Others,14.0,,8.0,317
54757,9.0,3.0,2,Mobile Phone,3.0,14.0,3.0,150
54758,16.0,3.0,5,Laptop & Accessory,2.0,14.0,1.0,186
54759,1.0,3.0,4,Mobile Phone,3.0,18.0,3.0,169
54760,10.0,3.0,4,Mobile Phone,2.0,14.0,2.0,146
54761,6.0,4.0,5,Laptop & Accessory,7.0,13.0,6.0,187
54762,14.0,3.0,5,Laptop & Accessory,2.0,15.0,1.0,176
54763,4.0,3.0,5,Laptop & Accessory,2.0,25.0,2.0,194
54764,19.0,4.0,5,Mobile Phone,2.0,15.0,2.0,148
54765,16.0,4.0,4,Laptop & Accessory,8.0,14.0,6.0,169
54766,12.0,1.0,5,Laptop & Accessory,2.0,16.0,2.0,188
54767,8.0,4.0,5,Mobile Phone,2.0,17.0,2.0,151
54768,13.0,3.0,4,Fashion,8.0,19.0,1.0,202
54769,19.0,3.0,4,Laptop & Accessory,8.0,17.0,2.0,177
54770,17.0,4.0,4,Grocery,2.0,,2.0,297
54771,1.0,3.0,5,Fashion,,17.0,2.0,253
54772,9.0,3.0,4,Fashion,2.0,22.0,1.0,227
54773,2.0,3.0,4,Laptop & Accessory,8.0,21.0,7.0,173
54774,8.0,3.0,4,Mobile Phone,2.0,20.0,2.0,162
54775,1.0,3.0,5,Mobile Phone,2.0,15.0,1.0,149
54776,1.0,3.0,4,Mobile Phone,2.0,12.0,1.0,142
54777,25.0,4.0,4,Grocery,5.0,15.0,,288
54778,18.0,3.0,4,Laptop & Accessory,3.0,13.0,2.0,184
54779,1.0,4.0,2,Mobile Phone,2.0,14.0,1.0,159
54780,7.0,3.0,2,Laptop & Accessory,2.0,23.0,1.0,165
54781,9.0,3.0,5,Mobile Phone,2.0,12.0,1.0,151
54782,10.0,3.0,4,Laptop & Accessory,5.0,15.0,4.0,187
54783,6.0,4.0,4,Laptop & Accessory,2.0,12.0,1.0,169
54784,4.0,4.0,5,Mobile Phone,2.0,13.0,1.0,163
54785,27.0,4.0,5,Fashion,,19.0,1.0,234
54786,19.0,4.0,4,Fashion,,13.0,1.0,233
54787,6.0,4.0,2,Laptop & Accessory,2.0,13.0,2.0,177
54788,26.0,3.0,5,Grocery,2.0,23.0,,263
54789,11.0,4.0,5,Laptop & Accessory,2.0,20.0,2.0,188
54790,2.0,4.0,5,Mobile Phone,2.0,14.0,2.0,174
54791,1.0,3.0,5,Laptop & Accessory,3.0,23.0,3.0,173
54792,18.0,4.0,2,Mobile Phone,2.0,25.0,2.0,153
54793,16.0,3.0,4,Mobile Phone,3.0,15.0,2.0,150
54794,10.0,4.0,5,Mobile Phone,2.0,22.0,1.0,148
54795,1.0,4.0,4,Laptop & Accessory,2.0,19.0,1.0,167
54796,9.0,4.0,5,Fashion,,21.0,4.0,232
54797,1.0,4.0,4,Mobile Phone,8.0,20.0,7.0,145
54798,6.0,4.0,4,Mobile Phone,2.0,13.0,2.0,148
54799,1.0,3.0,5,Laptop & Accessory,2.0,13.0,2.0,168
54800,23.0,3.0,4,Mobile Phone,2.0,17.0,1.0,161
54801,1.0,3.0,5,Mobile Phone,4.0,18.0,1.0,157
54802,6.0,3.0,4,Laptop & Accessory,6.0,15.0,3.0,190
54803,12.0,4.0,5,Mobile Phone,2.0,20.0,1.0,154
54804,16.0,4.0,2,Laptop & Accessory,2.0,14.0,2.0,177
54805,5.0,3.0,4,Mobile Phone,2.0,20.0,1.0,149
54806,1.0,3.0,5,Mobile Phone,2.0,20.0,2.0,153
54807,27.0,4.0,4,Grocery,,15.0,3.0,243
54808,9.0,4.0,5,Fashion,,17.0,3.0,234
54809,11.0,3.0,4,Mobile Phone,2.0,16.0,2.0,155
54810,27.0,4.0,4,Grocery,4.0,19.0,,268
54811,17.0,3.0,4,Laptop & Accessory,3.0,14.0,2.0,181
54812,21.0,3.0,4,Laptop & Accessory,8.0,23.0,4.0,170
54813,11.0,3.0,4,Fashion,2.0,14.0,1.0,201
54814,24.0,4.0,4,Grocery,15.0,,14.0,304
54815,13.0,3.0,5,Laptop & Accessory,2.0,12.0,2.0,177
54816,7.0,3.0,4,Mobile Phone,2.0,12.0,1.0,148
54817,1.0,3.0,4,Mobile Phone,2.0,25.0,1.0,153
54818,3.0,4.0,5,Mobile Phone,2.0,15.0,2.0,150
54819,18.0,4.0,4,Mobile Phone,8.0,14.0,6.0,151
54820,2.0,4.0,4,Laptop & Accessory,2.0,15.0,1.0,174
54821,21.0,3.0,5,Mobile Phone,2.0,15.0,2.0,149
54822,17.0,3.0,4,Laptop & Accessory,2.0,22.0,2.0,173
54823,1.0,3.0,5,Mobile Phone,2.0,14.0,2.0,145
54824,1.0,4.0,4,Mobile Phone,2.0,20.0,2.0,152
54825,10.0,4.0,4,Laptop & Accessory,5.0,18.0,3.0,191
54826,21.0,4.0,5,Mobile Phone,2.0,19.0,1.0,158
54827,1.0,3.0,4,Laptop & Accessory,2.0,20.0,2.0,167
54828,5.0,3.0,6,Mobile Phone,2.0,14.0,1.0,153
54829,2.0,4.0,4,Mobile Phone,3.0,19.0,1.0,149
54830,3.0,4.0,4,Mobile Phone,3.0,22.0,2.0,149
54831,1.0,4.0,4,Mobile Phone,2.0,20.0,1.0,148
54832,8.0,3.0,4,Mobile Phone,2.0,15.0,2.0,145
54833,16.0,4.0,5,Laptop & Accessory,2.0,18.0,2.0,187
54834,7.0,4.0,5,Mobile Phone,2.0,12.0,2.0,153
54835,31.0,3.0,5,Fashion,2.0,14.0,2.0,231
54836,5.0,3.0,5,Mobile Phone,6.0,16.0,3.0,148
54837,9.0,3.0,4,Laptop & Accessory,2.0,26.0,1.0,165
54838,23.0,3.0,4,Fashion,2.0,12.0,1.0,199
54839,22.0,3.0,4,Mobile Phone,2.0,18.0,2.0,148
54840,5.0,3.0,4,Laptop & Accessory,2.0,14.0,2.0,194
54841,10.0,4.0,4,Mobile Phone,2.0,19.0,2.0,172
54842,12.0,4.0,4,Fashion,6.0,14.0,5.0,261
54843,6.0,4.0,5,Mobile Phone,2.0,21.0,1.0,148
54844,1.0,3.0,5,Mobile Phone,2.0,19.0,1.0,149
54845,14.0,4.0,5,Fashion,2.0,13.0,1.0,222
54846,1.0,3.0,5,Laptop & Accessory,2.0,13.0,1.0,168
54847,15.0,3.0,4,Mobile Phone,3.0,14.0,2.0,172
54848,10.0,4.0,4,Mobile Phone,4.0,22.0,2.0,150
54849,1.0,3.0,5,Mobile Phone,2.0,14.0,2.0,146
54850,1.0,3.0,4,Mobile Phone,2.0,20.0,2.0,155
54851,5.0,3.0,4,Laptop & Accessory,9.0,12.0,7.0,184
54852,14.0,3.0,4,Mobile Phone,2.0,15.0,1.0,161
54853,6.0,4.0,4,Laptop & Accessory,7.0,13.0,2.0,192
54854,1.0,3.0,5,Fashion,4.0,12.0,4.0,228
54855,7.0,3.0,5,Laptop & Accessory,2.0,15.0,2.0,194
54856,1.0,3.0,5,Fashion,12.0,12.0,6.0,231
54857,19.0,3.0,4,Laptop & Accessory,2.0,13.0,2.0,169
54858,3.0,3.0,4,Mobile Phone,2.0,16.0,1.0,147
54859,9.0,3.0,4,Laptop & Accessory,2.0,17.0,2.0,171
54860,26.0,4.0,4,Grocery,8.0,,4.0,296
54861,21.0,3.0,4,Mobile Phone,2.0,25.0,1.0,150
54862,27.0,3.0,4,Grocery,16.0,14.0,,274
54863,4.0,4.0,4,Fashion,8.0,12.0,3.0,198
54864,12.0,3.0,4,Laptop & Accessory,2.0,14.0,2.0,182
54865,9.0,4.0,4,Fashion,2.0,14.0,1.0,203
54866,13.0,3.0,2,Fashion,2.0,19.0,1.0,204
54867,4.0,4.0,2,Grocery,,17.0,2.0,257
54868,21.0,4.0,2,Laptop & Accessory,3.0,20.0,2.0,176
54869,10.0,3.0,4,Laptop & Accessory,2.0,14.0,2.0,176
54870,1.0,3.0,5,Mobile Phone,2.0,23.0,1.0,148
54871,7.0,3.0,4,Grocery,7.0,,6.0,299
54872,1.0,4.0,5,Mobile Phone,2.0,21.0,2.0,149
54873,7.0,3.0,4,Mobile Phone,2.0,19.0,2.0,160
54874,19.0,4.0,4,Mobile Phone,2.0,15.0,2.0,148
54875,24.0,4.0,4,Grocery,2.0,,1.0,299
54876,7.0,3.0,2,Laptop & Accessory,2.0,14.0,2.0,180
54877,15.0,4.0,4,Others,2.0,,1.0,319
54878,1.0,3.0,4,Mobile Phone,3.0,15.0,3.0,153
54879,19.0,3.0,4,Laptop & Accessory,2.0,16.0,2.0,161
54880,21.0,3.0,4,Laptop & Accessory,2.0,18.0,2.0,167
54881,1.0,3.0,4,Mobile Phone,2.0,12.0,1.0,146
54882,24.0,4.0,4,Grocery,2.0,19.0,,265
54883,12.0,4.0,4,Mobile Phone,2.0,18.0,1.0,152
54884,20.0,4.0,4,Fashion,,14.0,2.0,233
54885,1.0,3.0,5,Laptop & Accessory,4.0,16.0,1.0,169
54886,1.0,3.0,5,Mobile Phone,2.0,25.0,2.0,162
54887,5.0,4.0,4,Laptop & Accessory,2.0,13.0,2.0,166
54888,1.0,4.0,4,Mobile Phone,2.0,16.0,1.0,136
54889,28.0,3.0,4,Fashion,,12.0,1.0,232
54890,9.0,3.0,4,Fashion,11.0,12.0,1.0,229
54891,4.0,4.0,2,Fashion,,13.0,1.0,239
54892,1.0,4.0,5,Mobile Phone,2.0,16.0,2.0,151
54893,1.0,3.0,4,Mobile Phone,2.0,18.0,1.0,149
54894,1.0,3.0,2,Laptop & Accessory,2.0,13.0,2.0,180
54895,1.0,4.0,6,Mobile Phone,2.0,16.0,1.0,150
54896,22.0,4.0,5,Laptop & Accessory,3.0,14.0,1.0,167
54897,22.0,4.0,5,Fashion,,15.0,2.0,235
54898,15.0,3.0,4,Laptop & Accessory,3.0,15.0,3.0,175
54899,13.0,4.0,5,Grocery,,17.0,10.0,252
54900,1.0,3.0,4,Laptop & Accessory,3.0,19.0,3.0,167
54901,9.0,3.0,4,Mobile Phone,2.0,21.0,1.0,164
54902,1.0,3.0,4,Others,2.0,,1.0,308
54903,24.0,4.0,4,Mobile Phone,2.0,19.0,2.0,149
54904,31.0,4.0,5,Grocery,5.0,14.0,,262
54905,1.0,4.0,6,Laptop & Accessory,2.0,16.0,2.0,173
54906,29.0,4.0,4,Laptop & Accessory,7.0,15.0,3.0,189
54907,15.0,3.0,6,Others,6.0,23.0,6.0,325
54908,12.0,3.0,4,Laptop & Accessory,2.0,13.0,2.0,194
54909,1.0,4.0,6,Laptop & Accessory,3.0,19.0,2.0,175
54910,16.0,3.0,6,Others,7.0,16.0,4.0,323
54911,18.0,3.0,2,Grocery,,19.0,5.0,258
54912,24.0,4.0,4,Laptop & Accessory,2.0,13.0,1.0,188
54913,1.0,3.0,2,Mobile Phone,16.0,17.0,4.0,152
54914,13.0,3.0,4,Fashion,,14.0,2.0,234
54915,7.0,3.0,5,Mobile Phone,3.0,20.0,1.0,148
54916,19.0,3.0,4,Grocery,2.0,,1.0,302
54917,6.0,4.0,4,Mobile Phone,8.0,13.0,7.0,165
54918,8.0,4.0,2,Laptop & Accessory,2.0,12.0,1.0,222
54919,31.0,4.0,4,Fashion,,15.0,2.0,244
54920,19.0,3.0,4,Mobile Phone,2.0,17.0,1.0,147
54921,27.0,3.0,5,Fashion,7.0,13.0,6.0,200
54922,1.0,3.0,4,Laptop & Accessory,2.0,15.0,1.0,173
54923,1.0,3.0,4,Mobile Phone,2.0,15.0,1.0,145
54924,8.0,3.0,4,Mobile Phone,2.0,20.0,1.0,147
54925,2.0,4.0,4,Mobile Phone,2.0,23.0,1.0,136
54926,12.0,3.0,4,Mobile Phone,3.0,17.0,3.0,153
54927,24.0,4.0,4,Others,8.0,,5.0,317
54928,11.0,3.0,4,Laptop & Accessory,2.0,16.0,2.0,166
54929,14.0,4.0,4,Laptop & Accessory,8.0,15.0,4.0,209
54930,1.0,4.0,5,Mobile Phone,2.0,14.0,1.0,145
54931,20.0,3.0,4,Others,3.0,,2.0,321
54932,28.0,3.0,5,Fashion,,12.0,7.0,232
54933,30.0,4.0,4,Mobile Phone,2.0,20.0,2.0,154
54934,10.0,3.0,5,Fashion,8.0,12.0,6.0,214
54935,29.0,3.0,5,Grocery,7.0,,3.0,293
54936,17.0,4.0,5,Fashion,,14.0,2.0,233
54937,1.0,3.0,4,Mobile Phone,2.0,15.0,2.0,148
54938,1.0,3.0,5,Mobile Phone,2.0,14.0,1.0,139
54939,20.0,4.0,5,Laptop & Accessory,2.0,24.0,2.0,171
54940,15.0,3.0,4,Mobile Phone,3.0,13.0,1.0,150
54941,1.0,4.0,5,Fashion,2.0,13.0,2.0,212
54942,1.0,3.0,5,Mobile Phone,2.0,17.0,2.0,165
54943,4.0,3.0,4,Laptop & Accessory,2.0,16.0,1.0,225
54944,15.0,3.0,2,Mobile Phone,2.0,14.0,1.0,159
54945,12.0,4.0,5,Fashion,2.0,19.0,2.0,213
54946,14.0,4.0,4,Fashion,12.0,21.0,4.0,228
54947,1.0,3.0,6,Mobile Phone,2.0,20.0,2.0,171
54948,29.0,4.0,4,Fashion,,19.0,1.0,235
54949,2.0,3.0,4,Laptop & Accessory,2.0,14.0,1.0,162
54950,8.0,4.0,5,Fashion,4.0,15.0,3.0,230
54951,7.0,3.0,5,Fashion,2.0,16.0,2.0,196
54952,1.0,3.0,4,Fashion,5.0,23.0,3.0,221
54953,1.0,3.0,5,Laptop & Accessory,4.0,23.0,3.0,170
54954,2.0,3.0,4,Mobile Phone,3.0,17.0,1.0,147
54955,8.0,3.0,4,Laptop & Accessory,2.0,18.0,2.0,203
54956,11.0,3.0,5,Laptop & Accessory,2.0,15.0,2.0,192
54957,1.0,3.0,4,Mobile Phone,6.0,16.0,5.0,162
54958,1.0,3.0,4,Mobile Phone,2.0,21.0,2.0,149
54959,1.0,3.0,5,Mobile Phone,3.0,21.0,2.0,148
54960,16.0,3.0,4,Grocery,14.0,,6.0,302
54961,1.0,3.0,5,Mobile Phone,2.0,16.0,2.0,151
54962,14.0,3.0,4,Laptop & Accessory,2.0,15.0,2.0,172
54963,7.0,2.0,4,Laptop & Accessory,2.0,18.0,1.0,168
54964,8.0,3.0,5,Mobile Phone,2.0,18.0,1.0,155
54965,22.0,3.0,2,Grocery,3.0,,1.0,294
54966,19.0,4.0,5,Laptop & Accessory,5.0,14.0,5.0,181
54967,26.0,3.0,4,Fashion,5.0,20.0,3.0,229
54968,12.0,4.0,5,Fashion,3.0,15.0,2.0,212
54969,3.0,4.0,4,Mobile Phone,2.0,23.0,2.0,150
54970,2.0,4.0,4,Fashion,2.0,18.0,1.0,202
54971,20.0,3.0,4,Grocery,5.0,,5.0,300
54972,12.0,3.0,4,Fashion,2.0,17.0,2.0,199
54973,17.0,3.0,4,Fashion,,12.0,2.0,233
54974,3.0,3.0,4,Grocery,,12.0,11.0,247
54975,14.0,3.0,5,Others,5.0,,4.0,321
54976,1.0,4.0,5,Mobile Phone,3.0,12.0,2.0,146
54977,13.0,4.0,4,Laptop & Accessory,2.0,16.0,2.0,193
54978,10.0,4.0,4,Laptop & Accessory,2.0,21.0,1.0,203
54979,5.0,4.0,2,Mobile Phone,3.0,13.0,3.0,153
54980,2.0,4.0,5,Mobile Phone,2.0,18.0,1.0,157
54981,9.0,3.0,4,Laptop & Accessory,2.0,12.0,2.0,175
54982,23.0,3.0,5,Grocery,,18.0,2.0,256
54983,8.0,4.0,4,Laptop & Accessory,2.0,12.0,2.0,165
54984,3.0,4.0,4,Mobile Phone,2.0,15.0,1.0,158
54985,16.0,3.0,6,Laptop & Accessory,2.0,20.0,2.0,168
54986,3.0,4.0,5,Laptop & Accessory,2.0,16.0,2.0,176
54987,12.0,3.0,2,Mobile Phone,6.0,14.0,4.0,153
54988,2.0,3.0,5,Mobile Phone,2.0,15.0,2.0,152
54989,1.0,4.0,4,Mobile Phone,2.0,13.0,2.0,144
54990,1.0,4.0,4,Laptop & Accessory,2.0,18.0,1.0,207
54991,15.0,3.0,4,Mobile Phone,2.0,12.0,2.0,173
54992,1.0,4.0,4,Mobile Phone,3.0,13.0,2.0,151
54993,11.0,3.0,5,Laptop & Accessory,2.0,14.0,2.0,182
54994,1.0,3.0,5,Mobile Phone,3.0,14.0,2.0,150
54995,8.0,4.0,4,Laptop & Accessory,2.0,21.0,1.0,182
54996,9.0,4.0,4,Mobile Phone,2.0,18.0,1.0,168
54997,1.0,3.0,5,Fashion,4.0,14.0,2.0,198
54998,14.0,3.0,4,Fashion,,18.0,2.0,260
54999,6.0,3.0,4,Grocery,14.0,13.0,,263
55000,16.0,3.0,4,Laptop & Accessory,2.0,14.0,2.0,177
55001,9.0,3.0,5,Mobile Phone,2.0,13.0,2.0,148
55002,1.0,3.0,4,Mobile Phone,2.0,23.0,1.0,161
55003,1.0,4.0,4,Mobile Phone,2.0,12.0,2.0,150
55004,1.0,3.0,2,Mobile Phone,2.0,23.0,2.0,169
55005,4.0,4.0,5,Laptop & Accessory,2.0,19.0,1.0,191
55006,14.0,4.0,5,Laptop & Accessory,2.0,14.0,1.0,169
55007,9.0,3.0,5,Fashion,7.0,19.0,3.0,228
55008,8.0,4.0,5,Laptop & Accessory,5.0,21.0,1.0,178
55009,9.0,3.0,5,Mobile Phone,3.0,14.0,2.0,149
55010,7.0,3.0,6,Laptop & Accessory,2.0,14.0,1.0,178
55011,6.0,4.0,4,Mobile Phone,2.0,13.0,2.0,153
55012,30.0,4.0,4,Others,5.0,14.0,5.0,324
55013,3.0,3.0,4,Mobile Phone,2.0,14.0,1.0,156
55014,1.0,3.0,4,Mobile Phone,2.0,26.0,1.0,151
55015,19.0,3.0,4,Mobile Phone,2.0,20.0,1.0,170
55016,11.0,3.0,5,Laptop & Accessory,4.0,14.0,1.0,190
55017,1.0,3.0,5,Mobile Phone,2.0,13.0,1.0,155
55018,8.0,4.0,4,Mobile Phone,2.0,12.0,2.0,154
55019,27.0,3.0,4,Others,5.0,,4.0,311
55020,3.0,4.0,6,Mobile Phone,2.0,19.0,2.0,147
55021,1.0,3.0,5,Mobile Phone,2.0,12.0,1.0,154
55022,20.0,4.0,4,Grocery,16.0,,7.0,295
55023,18.0,4.0,6,Mobile Phone,2.0,14.0,2.0,148
55024,7.0,4.0,4,Mobile Phone,2.0,14.0,2.0,161
55025,5.0,4.0,5,Mobile Phone,2.0,18.0,1.0,146
55026,4.0,4.0,4,Laptop & Accessory,2.0,20.0,2.0,166
55027,14.0,4.0,4,Laptop & Accessory,2.0,13.0,2.0,168
55028,24.0,2.0,4,Grocery,3.0,,1.0,304
55029,2.0,4.0,5,Mobile Phone,4.0,13.0,2.0,157
55030,20.0,3.0,4,Others,2.0,,2.0,316
55031,9.0,4.0,4,Laptop & Accessory,2.0,16.0,1.0,215
55032,1.0,4.0,4,Mobile Phone,2.0,14.0,2.0,147
55033,7.0,3.0,4,Laptop & Accessory,2.0,13.0,1.0,170
55034,10.0,3.0,6,Mobile Phone,2.0,15.0,2.0,152
55035,4.0,3.0,4,Laptop & Accessory,9.0,14.0,5.0,160
55036,18.0,3.0,4,Laptop & Accessory,14.0,26.0,7.0,170
55037,1.0,3.0,2,Mobile Phone,3.0,18.0,3.0,152
55038,20.0,3.0,4,Laptop & Accessory,2.0,12.0,1.0,199
55039,16.0,4.0,2,Laptop & Accessory,2.0,17.0,2.0,188
55040,31.0,3.0,2,Laptop & Accessory,2.0,19.0,1.0,177
55041,6.0,4.0,5,Mobile Phone,3.0,21.0,3.0,159
55042,6.0,3.0,4,Laptop & Accessory,2.0,15.0,2.0,175
55043,10.0,4.0,6,Fashion,8.0,22.0,8.0,228
55044,7.0,3.0,4,Mobile Phone,5.0,14.0,1.0,153
55045,14.0,3.0,5,Laptop & Accessory,2.0,13.0,2.0,194
55046,1.0,3.0,4,Laptop & Accessory,2.0,15.0,2.0,175
55047,4.0,4.0,4,Mobile Phone,6.0,22.0,4.0,161
55048,16.0,3.0,4,Fashion,,18.0,1.0,257
55049,9.0,4.0,5,Fashion,5.0,12.0,4.0,229
55050,1.0,3.0,4,Mobile Phone,7.0,15.0,6.0,147
55051,28.0,3.0,4,Fashion,2.0,18.0,1.0,230
55052,18.0,4.0,2,Mobile Phone,8.0,14.0,2.0,145
55053,1.0,4.0,5,Mobile Phone,2.0,26.0,1.0,144
55054,3.0,4.0,4,Mobile Phone,2.0,16.0,2.0,163
55055,28.0,3.0,4,Grocery,2.0,,1.0,303
55056,5.0,4.0,4,Laptop & Accessory,2.0,13.0,2.0,193
55057,5.0,4.0,5,Laptop & Accessory,2.0,20.0,2.0,193
55058,31.0,3.0,5,Laptop & Accessory,2.0,18.0,1.0,177
55059,17.0,4.0,6,Others,2.0,,2.0,322
55060,23.0,3.0,5,Others,2.0,,1.0,312
55061,10.0,3.0,4,Mobile Phone,2.0,13.0,1.0,162
55062,22.0,4.0,2,Mobile Phone,2.0,12.0,1.0,151
55063,1.0,4.0,4,Mobile Phone,2.0,12.0,2.0,150
55064,3.0,3.0,4,Laptop & Accessory,2.0,12.0,2.0,191
55065,22.0,4.0,5,Others,2.0,,2.0,308
55066,3.0,3.0,5,Grocery,2.0,15.0,,286
55067,8.0,3.0,2,Mobile Phone,2.0,18.0,2.0,151
55068,18.0,3.0,4,Others,4.0,,2.0,307
55069,7.0,3.0,2,Fashion,2.0,15.0,1.0,209
55070,1.0,3.0,2,Mobile Phone,2.0,13.0,1.0,155
55071,1.0,3.0,4,Mobile Phone,2.0,23.0,2.0,137
55072,1.0,4.0,6,Mobile Phone,2.0,15.0,2.0,136
55073,1.0,3.0,4,Mobile Phone,3.0,21.0,3.0,154
55074,9.0,4.0,6,Others,2.0,,2.0,313
55075,29.0,3.0,5,Grocery,16.0,16.0,3.0,261
55076,1.0,3.0,5,Mobile Phone,3.0,21.0,2.0,151
55077,20.0,3.0,5,Others,2.0,,2.0,313
55078,8.0,3.0,4,Laptop & Accessory,2.0,13.0,2.0,170
55079,25.0,3.0,4,Others,12.0,25.0,7.0,323
55080,31.0,4.0,4,Fashion,6.0,13.0,4.0,230
55081,8.0,3.0,4,Laptop & Accessory,6.0,14.0,1.0,169
55082,2.0,3.0,4,Mobile Phone,2.0,12.0,2.0,147
55083,18.0,4.0,2,Others,15.0,,3.0,317
55084,8.0,3.0,5,Laptop & Accessory,2.0,12.0,1.0,170
55085,9.0,4.0,4,Mobile Phone,3.0,15.0,2.0,160
55086,16.0,4.0,2,Laptop & Accessory,2.0,17.0,1.0,149
55087,17.0,3.0,5,Fashion,16.0,15.0,11.0,227
55088,10.0,3.0,4,Laptop & Accessory,6.0,12.0,5.0,179
55089,8.0,4.0,4,Fashion,2.0,12.0,1.0,205
55090,2.0,3.0,5,Mobile Phone,3.0,13.0,1.0,164
55091,25.0,3.0,5,Mobile Phone,8.0,15.0,4.0,153
55092,4.0,4.0,4,Laptop & Accessory,2.0,19.0,1.0,172
55093,1.0,3.0,4,Mobile Phone,8.0,14.0,5.0,158
55094,2.0,3.0,4,Mobile Phone,2.0,12.0,2.0,146
55095,1.0,3.0,4,Mobile Phone,3.0,19.0,2.0,146
55096,6.0,3.0,2,Laptop & Accessory,2.0,16.0,1.0,187
55097,19.0,3.0,4,Others,2.0,,1.0,306
55098,13.0,4.0,5,Grocery,16.0,,11.0,296
55099,31.0,3.0,4,Mobile Phone,3.0,13.0,2.0,149
55100,1.0,4.0,4,Laptop & Accessory,2.0,19.0,1.0,174
55101,3.0,4.0,4,Mobile Phone,2.0,14.0,1.0,164
55102,4.0,3.0,5,Laptop & Accessory,7.0,13.0,6.0,171
55103,10.0,4.0,4,Fashion,2.0,13.0,2.0,196
55104,20.0,3.0,4,Mobile Phone,6.0,13.0,3.0,159
55105,2.0,3.0,6,Laptop & Accessory,8.0,12.0,8.0,192
55106,24.0,3.0,4,Grocery,2.0,,1.0,294
55107,4.0,3.0,5,Fashion,2.0,13.0,2.0,216
55108,16.0,4.0,4,Fashion,8.0,20.0,8.0,209
55109,4.0,4.0,4,Fashion,,24.0,2.0,244
55110,13.0,3.0,4,Laptop & Accessory,2.0,12.0,2.0,170
55111,5.0,3.0,4,Fashion,10.0,20.0,9.0,224
55112,15.0,3.0,6,Laptop & Accessory,12.0,14.0,4.0,187
55113,1.0,3.0,4,Mobile Phone,3.0,12.0,3.0,148
55114,8.0,3.0,4,Mobile Phone,2.0,13.0,2.0,149
55115,16.0,3.0,4,Grocery,3.0,,1.0,304
55116,29.0,3.0,6,Others,10.0,,5.0,317
55117,30.0,4.0,4,Others,8.0,,3.0,322
55118,14.0,4.0,4,Mobile Phone,2.0,17.0,2.0,160
55119,8.0,3.0,4,Fashion,2.0,12.0,1.0,210
55120,14.0,4.0,4,Laptop & Accessory,9.0,14.0,4.0,172
55121,15.0,4.0,4,Laptop & Accessory,2.0,18.0,1.0,166
55122,9.0,3.0,4,Laptop & Accessory,2.0,12.0,2.0,167
55123,25.0,3.0,4,Grocery,2.0,12.0,,265
55124,12.0,3.0,4,Laptop & Accessory,2.0,16.0,1.0,194
55125,8.0,4.0,4,Laptop & Accessory,10.0,13.0,5.0,186
55126,1.0,4.0,4,Mobile Phone,2.0,12.0,1.0,162
55127,21.0,3.0,5,Fashion,6.0,15.0,2.0,225
55128,14.0,3.0,4,Mobile Phone,2.0,23.0,2.0,149
55129,10.0,3.0,2,Laptop & Accessory,7.0,17.0,6.0,171
55130,22.0,3.0,4,Fashion,2.0,12.0,2.0,204
55131,1.0,4.0,2,Mobile Phone,2.0,15.0,1.0,150
55132,25.0,3.0,5,Grocery,,17.0,1.0,256
55133,1.0,4.0,4,Mobile Phone,2.0,16.0,2.0,141
55134,9.0,3.0,5,Laptop & Accessory,2.0,13.0,1.0,179
55135,1.0,3.0,6,Laptop & Accessory,2.0,21.0,1.0,176
55136,19.0,3.0,2,Grocery,4.0,18.0,,262
55137,30.0,4.0,4,Grocery,,13.0,14.0,259
55138,8.0,4.0,5,Mobile Phone,2.0,21.0,2.0,145
55139,14.0,3.0,2,Laptop & Accessory,12.0,21.0,7.0,189
55140,8.0,3.0,4,Laptop & Accessory,8.0,14.0,6.0,179
55141,1.0,3.0,5,Mobile Phone,2.0,15.0,1.0,153
55142,1.0,4.0,4,Laptop & Accessory,4.0,19.0,1.0,171
55143,12.0,3.0,2,Mobile Phone,2.0,12.0,1.0,151
55144,8.0,4.0,4,Laptop & Accessory,5.0,12.0,5.0,192
55145,2.0,3.0,5,Laptop & Accessory,2.0,12.0,2.0,172
55146,1.0,4.0,4,Laptop & Accessory,7.0,16.0,6.0,187
55147,13.0,3.0,5,Laptop & Accessory,2.0,13.0,1.0,186
55148,25.0,3.0,4,Fashion,4.0,12.0,4.0,231
55149,15.0,4.0,4,Laptop & Accessory,4.0,15.0,3.0,180
55150,11.0,3.0,4,Mobile Phone,2.0,16.0,2.0,155
55151,7.0,4.0,4,Laptop & Accessory,2.0,14.0,2.0,225
55152,6.0,3.0,4,Laptop & Accessory,2.0,14.0,2.0,166
55153,13.0,4.0,4,Fashion,,22.0,1.0,234
55154,1.0,4.0,2,Laptop & Accessory,2.0,12.0,2.0,187
55155,26.0,3.0,2,Grocery,,12.0,2.0,257
55156,17.0,4.0,5,Laptop & Accessory,2.0,15.0,1.0,166
55157,1.0,4.0,5,Laptop & Accessory,5.0,12.0,2.0,183
55158,1.0,3.0,4,Mobile Phone,8.0,14.0,5.0,149
55159,1.0,3.0,5,Mobile Phone,2.0,13.0,2.0,164
55160,16.0,3.0,4,Grocery,2.0,,1.0,293
55161,26.0,3.0,4,Mobile Phone,2.0,14.0,2.0,155
55162,11.0,4.0,4,Mobile Phone,2.0,19.0,2.0,161
55163,9.0,3.0,4,Fashion,3.0,12.0,3.0,219
55164,1.0,3.0,4,Mobile Phone,2.0,12.0,1.0,157
55165,1.0,4.0,2,Mobile Phone,2.0,13.0,1.0,161
55166,3.0,3.0,5,Fashion,2.0,14.0,1.0,205
55167,13.0,4.0,5,Laptop & Accessory,2.0,21.0,1.0,168
55168,1.0,3.0,4,Fashion,8.0,13.0,5.0,201
55169,28.0,3.0,4,Grocery,13.0,,7.0,298
55170,31.0,4.0,4,Others,2.0,,2.0,322
55171,29.0,3.0,2,Grocery,2.0,14.0,,272
55172,10.0,4.0,4,Laptop & Accessory,2.0,17.0,1.0,218
55173,1.0,3.0,6,Mobile Phone,2.0,13.0,1.0,139
55174,4.0,4.0,4,Laptop & Accessory,2.0,15.0,2.0,173
55175,5.0,4.0,4,Grocery,2.0,12.0,,289
55176,8.0,4.0,4,Mobile Phone,2.0,15.0,2.0,155
55177,1.0,3.0,5,Mobile Phone,2.0,13.0,1.0,138
55178,1.0,4.0,4,Mobile Phone,2.0,15.0,2.0,146
55179,10.0,3.0,5,Laptop & Accessory,2.0,17.0,1.0,183
55180,10.0,4.0,5,Laptop & Accessory,2.0,14.0,2.0,181
55181,21.0,4.0,4,Mobile Phone,2.0,13.0,2.0,159
55182,1.0,4.0,5,Mobile Phone,3.0,13.0,3.0,169
55183,11.0,3.0,2,Mobile Phone,2.0,15.0,1.0,160
55184,30.0,3.0,4,Mobile Phone,2.0,23.0,1.0,146
55185,21.0,3.0,4,Grocery,6.0,,3.0,297
55186,1.0,3.0,4,Laptop & Accessory,2.0,13.0,2.0,167
55187,6.0,4.0,4,Laptop & Accessory,2.0,13.0,1.0,217
55188,8.0,3.0,5,Mobile Phone,2.0,18.0,2.0,158
55189,15.0,3.0,2,Mobile Phone,2.0,13.0,1.0,146
55190,14.0,3.0,4,Laptop & Accessory,2.0,12.0,1.0,165
55191,5.0,3.0,4,Fashion,,19.0,3.0,233
55192,10.0,3.0,4,Fashion,5.0,12.0,5.0,226
55193,3.0,3.0,5,Mobile Phone,2.0,24.0,1.0,161
55194,1.0,4.0,2,Fashion,5.0,12.0,2.0,199
55195,19.0,4.0,6,Fashion,,19.0,2.0,234
55196,5.0,4.0,2,Mobile Phone,2.0,19.0,2.0,146
55197,1.0,4.0,4,Mobile Phone,3.0,14.0,1.0,162
55198,19.0,3.0,4,Fashion,2.0,19.0,2.0,219
55199,22.0,4.0,4,Laptop & Accessory,3.0,12.0,1.0,180
55200,1.0,3.0,4,Mobile Phone,3.0,16.0,3.0,152
55201,14.0,3.0,5,Fashion,5.0,12.0,,263
55202,2.0,3.0,4,Laptop & Accessory,2.0,19.0,1.0,210
55203,18.0,3.0,5,Mobile Phone,2.0,15.0,1.0,157
55204,27.0,3.0,2,Grocery,9.0,13.0,,291
55205,23.0,4.0,4,Laptop & Accessory,2.0,15.0,1.0,192
55206,14.0,4.0,4,Mobile Phone,2.0,15.0,2.0,148
55207,18.0,3.0,4,Mobile Phone,2.0,14.0,2.0,159
55208,7.0,3.0,4,Laptop & Accessory,2.0,15.0,2.0,169
55209,8.0,3.0,6,Laptop & Accessory,4.0,19.0,3.0,173
55210,4.0,4.0,4,Laptop & Accessory,3.0,16.0,2.0,178
55211,16.0,4.0,4,Mobile Phone,6.0,14.0,1.0,162
55212,18.0,4.0,4,Laptop & Accessory,2.0,13.0,1.0,173
55213,4.0,4.0,4,Mobile Phone,2.0,14.0,1.0,138
55214,31.0,4.0,2,Laptop & Accessory,3.0,25.0,2.0,174
55215,23.0,3.0,4,Fashion,2.0,15.0,1.0,230
55216,8.0,4.0,4,Grocery,7.0,,3.0,295
55217,1.0,4.0,4,Mobile Phone,2.0,16.0,2.0,154
55218,1.0,3.0,4,Laptop & Accessory,2.0,12.0,2.0,183
55219,1.0,3.0,5,Laptop & Accessory,11.0,24.0,5.0,171
55220,9.0,4.0,4,Mobile Phone,2.0,14.0,1.0,149
55221,1.0,3.0,4,Mobile Phone,2.0,12.0,1.0,157
55222,1.0,4.0,4,Mobile Phone,2.0,14.0,1.0,145
55223,18.0,3.0,4,Fashion,3.0,19.0,3.0,227
55224,3.0,4.0,5,Laptop & Accessory,2.0,15.0,2.0,211
55225,4.0,3.0,4,Mobile Phone,2.0,22.0,1.0,146
55226,29.0,2.0,4,Laptop & Accessory,2.0,17.0,2.0,165
55227,7.0,3.0,5,Mobile Phone,2.0,12.0,2.0,163
55228,21.0,4.0,4,Laptop & Accessory,2.0,18.0,2.0,171
55229,1.0,3.0,5,Mobile Phone,2.0,12.0,2.0,151
55230,2.0,4.0,5,Mobile Phone,2.0,15.0,1.0,141
55231,2.0,3.0,4,Laptop & Accessory,2.0,15.0,2.0,174
55232,23.0,3.0,5,Laptop & Accessory,2.0,26.0,1.0,173
55233,3.0,4.0,4,Mobile Phone,2.0,14.0,2.0,157
55234,2.0,4.0,6,Laptop & Accessory,2.0,15.0,1.0,190
55235,7.0,4.0,4,Laptop & Accessory,2.0,18.0,2.0,189
55236,6.0,4.0,4,Fashion,,26.0,1.0,237
55237,28.0,3.0,4,Grocery,2.0,21.0,,285
55238,1.0,4.0,5,Mobile Phone,2.0,14.0,2.0,149
55239,18.0,3.0,4,Grocery,15.0,14.0,,288
55240,13.0,3.0,4,Fashion,3.0,19.0,3.0,209
55241,20.0,3.0,4,Grocery,6.0,13.0,,291
55242,9.0,4.0,5,Fashion,4.0,20.0,4.0,211
55243,1.0,4.0,4,Laptop & Accessory,2.0,15.0,2.0,148
55244,4.0,3.0,4,Mobile Phone,2.0,15.0,2.0,145
55245,8.0,4.0,5,Fashion,9.0,15.0,8.0,196
55246,1.0,3.0,4,Mobile Phone,8.0,13.0,3.0,166
55247,24.0,3.0,6,Grocery,14.0,14.0,,269
55248,8.0,3.0,4,Mobile Phone,6.0,26.0,4.0,148
55249,16.0,4.0,5,Mobile Phone,2.0,15.0,1.0,173
55250,11.0,3.0,4,Laptop & Accessory,4.0,18.0,3.0,168
55251,3.0,3.0,6,Laptop & Accessory,2.0,14.0,2.0,222
55252,7.0,3.0,5,Laptop & Accessory,2.0,14.0,2.0,168
55253,19.0,4.0,4,Mobile Phone,2.0,21.0,2.0,146
55254,16.0,3.0,4,Fashion,14.0,15.0,5.0,226
55255,14.0,3.0,4,Laptop & Accessory,8.0,13.0,8.0,180
55256,7.0,4.0,4,Laptop & Accessory,6.0,13.0,5.0,177
55257,14.0,3.0,4,Grocery,8.0,22.0,,289
55258,1.0,3.0,5,Mobile Phone,2.0,15.0,1.0,148
55259,14.0,4.0,4,Laptop & Accessory,3.0,19.0,2.0,166
55260,19.0,4.0,4,Fashion,8.0,13.0,4.0,199
55261,9.0,4.0,5,Mobile Phone,5.0,24.0,3.0,149
55262,6.0,4.0,5,Laptop & Accessory,3.0,13.0,2.0,184
55263,10.0,4.0,4,Mobile Phone,2.0,22.0,2.0,151
55264,22.0,4.0,4,Laptop & Accessory,8.0,15.0,8.0,189
55265,3.0,4.0,2,Mobile Phone,2.0,19.0,1.0,150
55266,7.0,3.0,4,Laptop & Accessory,3.0,14.0,3.0,189
55267,1.0,4.0,5,Laptop & Accessory,7.0,12.0,2.0,222
55268,12.0,4.0,4,Laptop & Accessory,2.0,12.0,1.0,186
55269,9.0,4.0,5,Mobile Phone,2.0,20.0,2.0,150
55270,8.0,3.0,4,Fashion,2.0,13.0,2.0,218
55271,1.0,4.0,4,Mobile Phone,2.0,13.0,2.0,146
55272,17.0,4.0,5,Fashion,2.0,17.0,1.0,227
55273,2.0,3.0,4,Laptop & Accessory,2.0,12.0,2.0,174
55274,6.0,4.0,4,Laptop & Accessory,2.0,15.0,1.0,166
55275,22.0,4.0,4,Mobile Phone,8.0,13.0,7.0,149
55276,8.0,3.0,4,Mobile Phone,2.0,14.0,1.0,155
55277,29.0,3.0,5,Others,3.0,,1.0,321
55278,8.0,3.0,4,Laptop & Accessory,3.0,18.0,1.0,180
55279,1.0,3.0,4,Mobile Phone,2.0,22.0,2.0,146
55280,12.0,4.0,4,Laptop & Accessory,8.0,12.0,4.0,224
55281,12.0,3.0,4,Laptop & Accessory,2.0,13.0,2.0,167
55282,10.0,4.0,4,Laptop & Accessory,2.0,14.0,2.0,193
55283,3.0,3.0,4,Mobile Phone,2.0,19.0,1.0,172
55284,9.0,3.0,4,Laptop & Accessory,2.0,17.0,1.0,186
55285,13.0,3.0,2,Fashion,8.0,12.0,4.0,207
55286,3.0,3.0,4,Laptop & Accessory,2.0,20.0,2.0,214
55287,24.0,3.0,4,Others,2.0,,1.0,318
55288,1.0,3.0,2,Mobile Phone,3.0,17.0,1.0,146
55289,10.0,4.0,2,Laptop & Accessory,2.0,14.0,1.0,181
55290,16.0,4.0,5,Others,2.0,,2.0,321
55291,9.0,3.0,2,Laptop & Accessory,7.0,18.0,7.0,159
55292,8.0,4.0,5,Laptop & Accessory,8.0,15.0,2.0,176
55293,14.0,3.0,4,Laptop & Accessory,2.0,16.0,1.0,171
55294,17.0,3.0,2,Mobile Phone,2.0,13.0,2.0,174
55295,9.0,4.0,5,Mobile Phone,2.0,19.0,2.0,152
55296,20.0,3.0,2,Grocery,2.0,,1.0,301
55297,1.0,3.0,4,Mobile Phone,2.0,18.0,1.0,149
55298,1.0,3.0,5,Mobile Phone,2.0,15.0,2.0,153
55299,24.0,3.0,4,Grocery,,16.0,1.0,237
55300,6.0,3.0,2,Mobile Phone,2.0,18.0,2.0,158
55301,18.0,3.0,4,Others,2.0,,1.0,315
55302,4.0,3.0,5,Mobile Phone,2.0,13.0,2.0,146
55303,19.0,3.0,6,Laptop & Accessory,2.0,15.0,1.0,183
55304,19.0,3.0,5,Laptop & Accessory,5.0,16.0,4.0,169
55305,5.0,3.0,4,Laptop & Accessory,2.0,14.0,2.0,178
55306,10.0,4.0,4,Laptop & Accessory,2.0,13.0,1.0,172
55307,8.0,3.0,2,Laptop & Accessory,8.0,14.0,4.0,172
55308,23.0,3.0,4,Mobile Phone,2.0,15.0,2.0,157
55309,13.0,4.0,4,Laptop & Accessory,8.0,14.0,4.0,179
55310,1.0,4.0,5,Mobile Phone,2.0,12.0,1.0,166
55311,9.0,3.0,2,Laptop & Accessory,2.0,12.0,2.0,177
55312,2.0,3.0,6,Laptop & Accessory,2.0,22.0,2.0,174
55313,1.0,4.0,4,Mobile Phone,3.0,19.0,1.0,156
55314,1.0,4.0,4,Mobile Phone,2.0,13.0,2.0,141
55315,21.0,4.0,4,Others,2.0,,2.0,322
55316,13.0,4.0,5,Laptop & Accessory,2.0,16.0,1.0,156
55317,14.0,4.0,5,Fashion,15.0,14.0,7.0,229
55318,9.0,3.0,4,Laptop & Accessory,3.0,13.0,1.0,166
55319,11.0,3.0,4,Laptop & Accessory,2.0,18.0,1.0,183
55320,13.0,3.0,4,Laptop & Accessory,4.0,14.0,4.0,175
55321,19.0,3.0,5,Laptop & Accessory,4.0,20.0,4.0,183
55322,12.0,3.0,5,Fashion,2.0,20.0,1.0,203
55323,1.0,3.0,5,Fashion,7.0,18.0,1.0,228
55324,11.0,4.0,4,Mobile Phone,8.0,12.0,5.0,164
55325,14.0,3.0,4,Fashion,4.0,16.0,4.0,204
55326,18.0,3.0,4,Laptop & Accessory,2.0,12.0,2.0,182
55327,22.0,3.0,5,Grocery,3.0,26.0,,277
55328,1.0,3.0,6,Laptop & Accessory,3.0,15.0,1.0,179
55329,1.0,3.0,4,Mobile Phone,2.0,14.0,1.0,163
55330,1.0,3.0,2,Mobile Phone,2.0,18.0,1.0,160
55331,1.0,3.0,4,Mobile Phone,2.0,14.0,1.0,151
55332,4.0,4.0,4,Mobile Phone,2.0,15.0,1.0,147
55333,3.0,3.0,5,Laptop & Accessory,2.0,12.0,2.0,184
55334,10.0,3.0,4,Fashion,2.0,13.0,2.0,205
55335,1.0,4.0,2,Laptop & Accessory,2.0,18.0,2.0,177
55336,13.0,4.0,4,Laptop & Accessory,2.0,22.0,2.0,178
55337,23.0,4.0,4,Grocery,2.0,17.0,,289
55338,24.0,3.0,5,Fashion,,16.0,1.0,258
55339,1.0,3.0,4,Mobile Phone,3.0,20.0,1.0,153
55340,8.0,4.0,4,Laptop & Accessory,8.0,13.0,2.0,179
55341,10.0,4.0,4,Mobile Phone,2.0,12.0,1.0,145
55342,23.0,3.0,5,Grocery,3.0,20.0,,265
55343,10.0,3.0,5,Laptop & Accessory,2.0,16.0,1.0,169
55344,10.0,4.0,2,Laptop & Accessory,2.0,21.0,1.0,193
55345,28.0,4.0,4,Grocery,5.0,,4.0,299
55346,17.0,4.0,5,Grocery,7.0,,3.0,301
55347,1.0,3.0,4,Laptop & Accessory,7.0,25.0,6.0,171
55348,12.0,3.0,4,Laptop & Accessory,3.0,16.0,2.0,172
55349,3.0,3.0,5,Laptop & Accessory,2.0,14.0,1.0,167
55350,7.0,4.0,4,Laptop & Accessory,2.0,15.0,2.0,180
55351,6.0,3.0,4,Laptop & Accessory,2.0,14.0,2.0,180
55352,5.0,4.0,4,Laptop & Accessory,2.0,12.0,1.0,180
55353,23.0,4.0,4,Mobile Phone,3.0,17.0,1.0,151
55354,12.0,3.0,5,Mobile Phone,4.0,23.0,1.0,149
55355,21.0,3.0,2,Grocery,2.0,15.0,,285
55356,23.0,3.0,4,Grocery,2.0,15.0,,279
55357,15.0,4.0,4,Fashion,2.0,17.0,1.0,196
55358,1.0,3.0,4,Mobile Phone,2.0,12.0,1.0,152
55359,7.0,3.0,4,Laptop & Accessory,2.0,26.0,1.0,179
55360,10.0,4.0,4,Laptop & Accessory,2.0,15.0,2.0,178
55361,18.0,3.0,4,Mobile Phone,3.0,19.0,3.0,157
55362,1.0,4.0,5,Mobile Phone,2.0,12.0,2.0,165
55363,12.0,3.0,4,Mobile Phone,2.0,20.0,1.0,158
55364,27.0,3.0,2,Fashion,2.0,16.0,1.0,195
55365,12.0,4.0,4,Mobile Phone,8.0,12.0,2.0,152
55366,1.0,4.0,4,Mobile Phone,2.0,13.0,1.0,139
55367,1.0,4.0,4,Mobile Phone,6.0,21.0,1.0,151
55368,29.0,4.0,5,Mobile Phone,2.0,13.0,2.0,160
55369,8.0,3.0,5,Laptop & Accessory,5.0,15.0,1.0,165
55370,31.0,4.0,6,Fashion,,21.0,2.0,234
55371,7.0,4.0,2,Mobile Phone,3.0,19.0,1.0,145
55372,11.0,3.0,6,Laptop & Accessory,2.0,15.0,2.0,220
55373,8.0,3.0,5,Mobile Phone,9.0,13.0,2.0,154
55374,1.0,4.0,4,Mobile Phone,2.0,22.0,2.0,148
55375,18.0,4.0,2,Fashion,7.0,20.0,2.0,204
55376,9.0,4.0,5,Mobile Phone,2.0,15.0,2.0,174
55377,17.0,4.0,4,Laptop & Accessory,9.0,18.0,4.0,203
55378,1.0,4.0,2,Mobile Phone,2.0,17.0,1.0,169
55379,15.0,3.0,4,Fashion,9.0,13.0,4.0,217
55380,3.0,3.0,4,Mobile Phone,2.0,18.0,1.0,155
55381,10.0,3.0,4,Laptop & Accessory,7.0,16.0,7.0,170
55382,19.0,4.0,5,Fashion,,24.0,5.0,232
55383,1.0,3.0,6,Mobile Phone,2.0,12.0,1.0,141
55384,11.0,3.0,6,Grocery,,12.0,7.0,254
55385,1.0,4.0,6,Mobile Phone,2.0,16.0,2.0,148
55386,19.0,3.0,5,Grocery,9.0,,7.0,292
55387,6.0,3.0,4,Mobile Phone,2.0,14.0,1.0,159
55388,5.0,4.0,4,Mobile Phone,2.0,15.0,2.0,160
55389,15.0,3.0,6,Laptop & Accessory,2.0,20.0,1.0,189
55390,14.0,4.0,4,Laptop & Accessory,2.0,17.0,2.0,190
55391,1.0,4.0,4,Mobile Phone,2.0,14.0,2.0,164
55392,20.0,3.0,4,Laptop & Accessory,2.0,15.0,2.0,181
55393,9.0,3.0,4,Laptop & Accessory,2.0,17.0,2.0,194
55394,4.0,3.0,4,Mobile Phone,2.0,13.0,1.0,154
55395,21.0,3.0,4,Laptop & Accessory,2.0,12.0,1.0,175
55396,20.0,4.0,4,Fashion,2.0,13.0,1.0,229
55397,1.0,4.0,5,Laptop & Accessory,3.0,14.0,2.0,186
55398,1.0,3.0,6,Laptop & Accessory,2.0,16.0,1.0,192
55399,1.0,3.0,4,Mobile Phone,2.0,14.0,1.0,158
55400,5.0,2.0,4,Laptop & Accessory,2.0,21.0,1.0,177
55401,13.0,4.0,4,Laptop & Accessory,6.0,16.0,1.0,190
55402,6.0,4.0,6,Fashion,2.0,14.0,1.0,221
55403,14.0,3.0,4,Others,13.0,15.0,13.0,323
55404,19.0,3.0,6,Fashion,2.0,22.0,2.0,223
55405,4.0,4.0,5,Mobile Phone,2.0,17.0,1.0,175
55406,1.0,3.0,4,Mobile Phone,3.0,15.0,1.0,146
55407,1.0,4.0,5,Mobile Phone,2.0,12.0,2.0,147
55408,5.0,3.0,4,Laptop & Accessory,2.0,20.0,2.0,208
55409,1.0,4.0,4,Mobile Phone,2.0,12.0,1.0,159
55410,1.0,3.0,6,Mobile Phone,3.0,14.0,3.0,153
55411,3.0,4.0,2,Laptop & Accessory,2.0,13.0,2.0,188
55412,4.0,4.0,5,Fashion,2.0,12.0,2.0,196
55413,8.0,4.0,2,Mobile Phone,2.0,15.0,2.0,154
55414,7.0,4.0,4,Laptop & Accessory,2.0,16.0,2.0,176
55415,23.0,4.0,4,Laptop & Accessory,2.0,13.0,1.0,170
55416,1.0,4.0,4,Fashion,2.0,21.0,2.0,211
55417,12.0,4.0,5,Mobile Phone,2.0,15.0,1.0,150
55418,1.0,4.0,4,Fashion,2.0,14.0,1.0,207
55419,3.0,4.0,5,Mobile Phone,2.0,14.0,1.0,146
55420,4.0,3.0,2,Laptop & Accessory,2.0,17.0,2.0,178
55421,6.0,4.0,4,Mobile Phone,2.0,15.0,2.0,152
55422,12.0,3.0,6,Laptop & Accessory,2.0,17.0,1.0,183
55423,7.0,3.0,5,Mobile Phone,2.0,17.0,2.0,149
55424,16.0,3.0,4,Mobile Phone,2.0,23.0,2.0,153
55425,29.0,3.0,5,Others,2.0,,2.0,315
55426,7.0,3.0,4,Laptop & Accessory,2.0,16.0,1.0,156
55427,15.0,4.0,4,Mobile Phone,2.0,21.0,1.0,148
55428,8.0,3.0,4,Laptop & Accessory,2.0,15.0,2.0,165
55429,27.0,3.0,5,Grocery,,21.0,2.0,255
55430,17.0,4.0,4,Mobile Phone,2.0,14.0,2.0,160
55431,8.0,3.0,6,Laptop & Accessory,3.0,13.0,3.0,185
55432,1.0,3.0,4,Mobile Phone,2.0,14.0,1.0,152
55433,12.0,3.0,5,Mobile Phone,2.0,12.0,2.0,162
55434,1.0,4.0,4,Mobile Phone,2.0,18.0,1.0,149
55435,5.0,4.0,5,Laptop & Accessory,6.0,15.0,1.0,180
55436,25.0,3.0,4,Fashion,,12.0,3.0,256
55437,11.0,3.0,5,Laptop & Accessory,2.0,15.0,2.0,167
55438,20.0,3.0,4,Others,3.0,,3.0,318
55439,10.0,3.0,4,Fashion,6.0,14.0,3.0,208
55440,8.0,4.0,4,Mobile Phone,3.0,13.0,3.0,148
55441,11.0,3.0,4,Laptop & Accessory,5.0,14.0,4.0,166
55442,1.0,3.0,4,Laptop & Accessory,8.0,19.0,4.0,183
55443,7.0,3.0,2,Mobile Phone,8.0,20.0,4.0,156
55444,2.0,3.0,4,Mobile Phone,2.0,12.0,1.0,145
55445,13.0,4.0,4,Fashion,,22.0,3.0,260
55446,20.0,4.0,5,Laptop & Accessory,3.0,16.0,2.0,205
55447,14.0,4.0,4,Mobile Phone,2.0,18.0,2.0,159
55448,16.0,4.0,2,Laptop & Accessory,2.0,19.0,2.0,180
55449,9.0,3.0,4,Laptop & Accessory,2.0,15.0,2.0,183
55450,12.0,4.0,4,Mobile Phone,4.0,14.0,3.0,151
55451,1.0,4.0,4,Laptop & Accessory,2.0,18.0,1.0,178
55452,1.0,3.0,4,Laptop & Accessory,2.0,16.0,1.0,167
55453,13.0,3.0,4,Laptop & Accessory,3.0,19.0,2.0,166
55454,17.0,3.0,4,Mobile Phone,2.0,14.0,2.0,149
55455,15.0,3.0,2,Laptop & Accessory,2.0,13.0,1.0,194
55456,15.0,3.0,4,Fashion,14.0,14.0,6.0,229
55457,4.0,4.0,4,Fashion,2.0,15.0,1.0,222
55458,1.0,4.0,4,Mobile Phone,2.0,12.0,1.0,146
55459,10.0,4.0,4,Laptop & Accessory,4.0,23.0,4.0,214
55460,14.0,3.0,4,Laptop & Accessory,2.0,18.0,1.0,190
55461,8.0,4.0,2,Laptop & Accessory,5.0,22.0,3.0,193
55462,31.0,3.0,4,Grocery,15.0,23.0,,288
55463,9.0,4.0,6,Mobile Phone,2.0,17.0,1.0,152
55464,21.0,4.0,5,Fashion,15.0,13.0,6.0,228
55465,14.0,3.0,4,Laptop & Accessory,8.0,13.0,2.0,169
55466,28.0,4.0,4,Laptop & Accessory,2.0,16.0,2.0,194
55467,5.0,4.0,4,Fashion,3.0,15.0,3.0,221
55468,2.0,4.0,4,Mobile Phone,2.0,26.0,2.0,161
55469,12.0,4.0,6,Laptop & Accessory,2.0,21.0,1.0,179
55470,1.0,3.0,4,Laptop & Accessory,2.0,14.0,2.0,172
55471,31.0,3.0,4,Grocery,3.0,15.0,,283
55472,1.0,3.0,4,Mobile Phone,2.0,17.0,2.0,140
55473,1.0,3.0,2,Mobile Phone,2.0,18.0,2.0,155
55474,1.0,3.0,5,Mobile Phone,3.0,16.0,3.0,148
55475,19.0,4.0,4,Laptop & Accessory,6.0,23.0,4.0,177
55476,10.0,4.0,4,Laptop & Accessory,2.0,23.0,2.0,195
55477,17.0,4.0,4,Laptop & Accessory,8.0,21.0,8.0,182
55478,1.0,3.0,4,Mobile Phone,2.0,15.0,2.0,149
55479,3.0,3.0,4,Mobile Phone,4.0,14.0,2.0,163
55480,6.0,4.0,4,Laptop & Accessory,2.0,14.0,1.0,171
55481,16.0,3.0,4,Mobile Phone,4.0,23.0,4.0,154
55482,21.0,4.0,4,Mobile Phone,3.0,13.0,1.0,146
55483,20.0,3.0,4,Fashion,5.0,15.0,1.0,211
55484,2.0,3.0,4,Mobile Phone,3.0,16.0,2.0,152
55485,3.0,4.0,6,Laptop & Accessory,2.0,18.0,1.0,189
55486,16.0,3.0,4,Mobile Phone,2.0,14.0,2.0,165
55487,1.0,3.0,5,Laptop & Accessory,3.0,13.0,2.0,224
55488,20.0,3.0,2,Grocery,,13.0,3.0,257
55489,1.0,3.0,5,Laptop & Accessory,6.0,22.0,4.0,160
55490,3.0,3.0,5,Mobile Phone,2.0,12.0,2.0,153
55491,17.0,3.0,5,Others,7.0,,7.0,319
55492,22.0,4.0,5,Others,13.0,,4.0,322
55493,1.0,4.0,5,Mobile Phone,2.0,25.0,2.0,149
55494,10.0,4.0,4,Fashion,2.0,22.0,2.0,198
55495,1.0,4.0,5,Mobile Phone,8.0,20.0,1.0,173
55496,13.0,3.0,4,Laptop & Accessory,3.0,15.0,1.0,164
55497,29.0,4.0,5,Mobile Phone,2.0,21.0,2.0,152
55498,2.0,4.0,4,Mobile Phone,2.0,20.0,2.0,154
55499,1.0,3.0,4,Mobile Phone,2.0,14.0,1.0,136
55500,1.0,4.0,4,Mobile Phone,2.0,24.0,2.0,150
55501,10.0,4.0,5,Laptop & Accessory,2.0,14.0,1.0,182
55502,5.0,3.0,4,Laptop & Accessory,2.0,12.0,1.0,167
55503,8.0,4.0,4,Fashion,2.0,14.0,1.0,222
55504,3.0,3.0,4,Mobile Phone,2.0,15.0,1.0,146
55505,11.0,4.0,4,Laptop & Accessory,2.0,23.0,1.0,168
55506,9.0,3.0,5,Laptop & Accessory,2.0,12.0,1.0,173
55507,19.0,4.0,5,Laptop & Accessory,4.0,14.0,1.0,184
55508,10.0,4.0,5,Laptop & Accessory,2.0,22.0,2.0,164
55509,14.0,4.0,4,Grocery,12.0,,3.0,293
55510,1.0,3.0,5,Mobile Phone,2.0,14.0,1.0,154
55511,1.0,3.0,2,Laptop & Accessory,2.0,15.0,1.0,190
55512,22.0,3.0,4,Grocery,5.0,,2.0,297
55513,18.0,4.0,2,Laptop & Accessory,3.0,16.0,2.0,175
55514,1.0,3.0,6,Mobile Phone,4.0,24.0,1.0,148
55515,20.0,4.0,4,Mobile Phone,2.0,17.0,1.0,151
55516,10.0,3.0,5,Laptop & Accessory,2.0,17.0,2.0,180
55517,15.0,3.0,4,Laptop & Accessory,2.0,22.0,1.0,169
55518,16.0,3.0,4,Fashion,,14.0,6.0,258
55519,5.0,3.0,4,Laptop & Accessory,2.0,12.0,2.0,191
55520,8.0,4.0,5,Laptop & Accessory,2.0,13.0,1.0,206
55521,5.0,4.0,2,Mobile Phone,3.0,13.0,2.0,165
55522,1.0,4.0,2,Mobile Phone,8.0,19.0,3.0,150
55523,19.0,3.0,4,Laptop & Accessory,2.0,13.0,1.0,179
55524,7.0,3.0,4,Laptop & Accessory,2.0,15.0,1.0,180
55525,2.0,3.0,5,Laptop & Accessory,2.0,13.0,2.0,193
55526,1.0,3.0,2,Mobile Phone,2.0,18.0,1.0,136
55527,13.0,3.0,6,Laptop & Accessory,2.0,20.0,1.0,182
55528,1.0,3.0,4,Mobile Phone,2.0,12.0,1.0,147
55529,8.0,3.0,5,Laptop & Accessory,7.0,16.0,4.0,182
55530,1.0,3.0,4,Laptop & Accessory,3.0,12.0,1.0,224
55531,21.0,4.0,4,Laptop & Accessory,2.0,19.0,1.0,180
55532,30.0,3.0,5,Laptop & Accessory,2.0,17.0,1.0,179
55533,13.0,3.0,4,Laptop & Accessory,8.0,26.0,1.0,177
55534,12.0,3.0,5,Laptop & Accessory,2.0,17.0,2.0,146
55535,61.0,4.0,4,Grocery,2.0,,1.0,304
55536,1.0,3.0,2,Mobile Phone,2.0,15.0,1.0,149
55537,12.0,4.0,4,Mobile Phone,2.0,20.0,1.0,173
55538,23.0,3.0,4,Others,5.0,,5.0,317
55539,16.0,4.0,4,Laptop & Accessory,2.0,13.0,2.0,176
55540,1.0,3.0,5,Mobile Phone,2.0,13.0,2.0,154
55541,9.0,4.0,4,Laptop & Accessory,2.0,17.0,2.0,181
55542,2.0,3.0,4,Mobile Phone,2.0,15.0,1.0,146
55543,5.0,3.0,4,Mobile Phone,3.0,14.0,3.0,156
55544,10.0,4.0,2,Mobile Phone,2.0,23.0,2.0,153
55545,8.0,3.0,4,Fashion,3.0,22.0,3.0,224
55546,8.0,3.0,4,Fashion,2.0,19.0,1.0,211
55547,1.0,4.0,4,Mobile Phone,8.0,14.0,8.0,154
55548,3.0,3.0,4,Laptop & Accessory,2.0,13.0,1.0,179
55549,6.0,3.0,4,Laptop & Accessory,2.0,19.0,1.0,192
55550,5.0,3.0,6,Laptop & Accessory,9.0,22.0,7.0,175
55551,1.0,3.0,5,Mobile Phone,2.0,13.0,2.0,149
55552,12.0,3.0,5,Mobile Phone,2.0,15.0,2.0,154
55553,9.0,3.0,4,Laptop & Accessory,2.0,12.0,2.0,177
55554,1.0,3.0,4,Laptop & Accessory,2.0,15.0,2.0,166
55555,6.0,3.0,5,Laptop & Accessory,2.0,25.0,2.0,222
55556,1.0,4.0,4,Laptop & Accessory,2.0,12.0,1.0,181
55557,17.0,4.0,4,Fashion,3.0,14.0,1.0,229
55558,28.0,4.0,4,Laptop & Accessory,3.0,12.0,2.0,154
55559,7.0,3.0,4,Laptop & Accessory,3.0,21.0,1.0,185
55560,17.0,2.0,4,Fashion,2.0,18.0,2.0,200
55561,12.0,3.0,4,Mobile Phone,2.0,12.0,1.0,155
55562,29.0,4.0,2,Others,2.0,,2.0,321
55563,5.0,3.0,6,Mobile Phone,2.0,12.0,1.0,136
55564,13.0,4.0,4,Grocery,,13.0,5.0,258
55565,16.0,3.0,5,Laptop & Accessory,4.0,13.0,4.0,168
55566,5.0,3.0,4,Fashion,,21.0,4.0,235
55567,28.0,4.0,4,Laptop & Accessory,2.0,20.0,1.0,169
55568,1.0,3.0,5,Laptop & Accessory,2.0,13.0,2.0,171
55569,1.0,4.0,4,Mobile Phone,2.0,14.0,2.0,151
55570,14.0,4.0,4,Laptop & Accessory,10.0,12.0,8.0,188
55571,14.0,4.0,4,Laptop & Accessory,6.0,15.0,2.0,182
55572,1.0,3.0,4,Mobile Phone,2.0,15.0,1.0,147
55573,4.0,4.0,4,Mobile Phone,2.0,14.0,2.0,162
55574,1.0,3.0,4,Mobile Phone,2.0,20.0,1.0,165
55575,21.0,3.0,4,Fashion,13.0,24.0,10.0,211
55576,7.0,3.0,5,Mobile Phone,2.0,13.0,1.0,145
55577,12.0,3.0,4,Laptop & Accessory,6.0,16.0,2.0,169
55578,5.0,3.0,4,Mobile Phone,2.0,20.0,1.0,156
55579,12.0,4.0,5,Laptop & Accessory,8.0,12.0,3.0,178
55580,16.0,3.0,4,Laptop & Accessory,2.0,18.0,2.0,179
55581,15.0,4.0,4,Mobile Phone,2.0,23.0,1.0,153
55582,21.0,4.0,4,Fashion,,19.0,1.0,245
55583,9.0,3.0,4,Mobile Phone,3.0,12.0,3.0,152
55584,1.0,4.0,4,Mobile Phone,2.0,13.0,2.0,159
55585,9.0,3.0,4,Laptop & Accessory,2.0,20.0,1.0,176
55586,7.0,4.0,4,Laptop & Accessory,9.0,14.0,7.0,174
55587,6.0,3.0,5,Mobile Phone,5.0,14.0,1.0,153
55588,14.0,3.0,4,Mobile Phone,2.0,20.0,2.0,149
55589,6.0,4.0,5,Mobile Phone,3.0,15.0,3.0,148
55590,13.0,3.0,4,Laptop & Accessory,2.0,14.0,1.0,166
55591,12.0,4.0,6,Fashion,,13.0,1.0,257
55592,6.0,3.0,4,Fashion,6.0,20.0,1.0,229
55593,11.0,3.0,2,Fashion,7.0,26.0,,262
55594,1.0,3.0,4,Laptop & Accessory,2.0,23.0,1.0,174
55595,26.0,3.0,4,Mobile Phone,2.0,16.0,2.0,160
55596,18.0,3.0,4,Mobile Phone,2.0,13.0,2.0,149
55597,1.0,3.0,4,Mobile Phone,2.0,12.0,2.0,149
55598,13.0,3.0,4,Others,2.0,,2.0,319
55599,1.0,3.0,4,Mobile Phone,2.0,20.0,2.0,143
55600,10.0,4.0,5,Fashion,4.0,20.0,1.0,201
55601,10.0,4.0,4,Laptop & Accessory,2.0,14.0,1.0,176
55602,30.0,3.0,4,Laptop & Accessory,2.0,22.0,1.0,188
55603,1.0,3.0,4,Mobile Phone,3.0,15.0,3.0,173
55604,16.0,3.0,4,Others,5.0,,1.0,314
55605,20.0,4.0,4,Mobile Phone,10.0,12.0,7.0,148
55606,15.0,3.0,5,Grocery,2.0,24.0,2.0,261
55607,8.0,4.0,5,Laptop & Accessory,2.0,22.0,2.0,192
55608,10.0,3.0,6,Laptop & Accessory,12.0,25.0,6.0,179
55609,15.0,3.0,5,Laptop & Accessory,2.0,12.0,2.0,214
55610,6.0,4.0,4,Mobile Phone,2.0,15.0,1.0,149
55611,9.0,3.0,4,Fashion,2.0,17.0,2.0,213
55612,12.0,4.0,4,Laptop & Accessory,2.0,12.0,1.0,178
55613,14.0,4.0,4,Laptop & Accessory,2.0,13.0,2.0,192
55614,10.0,4.0,5,Laptop & Accessory,2.0,14.0,2.0,192
55615,19.0,3.0,4,Laptop & Accessory,2.0,16.0,1.0,174
55616,14.0,1.0,5,Mobile Phone,3.0,15.0,1.0,153
55617,9.0,4.0,4,Laptop & Accessory,2.0,15.0,1.0,182
55618,14.0,4.0,4,Mobile Phone,2.0,15.0,1.0,145
55619,9.0,4.0,6,Mobile Phone,2.0,13.0,2.0,155
55620,3.0,3.0,5,Laptop & Accessory,2.0,14.0,1.0,165
55621,3.0,4.0,5,Mobile Phone,2.0,15.0,1.0,163
55622,14.0,3.0,5,Fashion,,14.0,3.0,234
55623,13.0,3.0,5,Grocery,,12.0,4.0,245
55624,5.0,4.0,4,Laptop & Accessory,2.0,20.0,2.0,224
55625,1.0,2.0,5,Mobile Phone,2.0,19.0,2.0,155
55626,10.0,3.0,2,Laptop & Accessory,2.0,18.0,1.0,151
55627,13.0,3.0,5,Fashion,2.0,16.0,1.0,225
55628,1.0,3.0,2,Laptop & Accessory,2.0,21.0,1.0,186
55629,23.0,4.0,5,Laptop & Accessory,2.0,15.0,2.0,179
55630,8.0,3.0,2,Laptop & Accessory,2.0,13.0,2.0,169
