CustomerID,Churn,SatisfactionScore,Complain,DaySinceLastOrder,WarehouseToHome
50001,1,2,1,5.0,6.0
50002,1,3,1,0.0,8.0
50003,1,3,1,3.0,30.0
50004,1,5,0,3.0,15.0
50005,1,5,0,3.0,12.0
50006,1,5,1,7.0,22.0
50007,1,2,0,0.0,11.0
50008,1,2,1,0.0,6.0
50009,1,3,1,2.0,9.0
50010,1,3,0,1.0,31.0
50011,1,3,0,8.0,18.0
50012,1,3,1,0.0,6.0
50013,1,3,1,2.0,11.0
50014,1,3,1,0.0,15.0
50015,1,2,0,7.0,15.0
50016,1,5,1,2.0,12.0
50017,1,2,1,0.0,12.0
50018,1,3,1,3.0,11.0
50019,1,3,1,6.0,13.0
50020,1,4,1,3.0,20.0
50021,1,3,1,7.0,12.0
50022,1,2,0,6.0,29.0
50023,1,3,1,0.0,28.0
50024,1,3,1,2.0,26.0
50025,1,2,0,3.0,14.0
50026,1,5,0,4.0,15.0
50027,0,4,0,6.0,6.0
50028,0,3,1,5.0,12.0
50029,0,4,0,15.0,
50030,0,2,0,7.0,14.0
50031,0,3,0,9.0,6.0
50032,0,3,0,0.0,13.0
50033,0,4,1,0.0,15.0
50034,0,2,0,11.0,10.0
50035,0,3,0,2.0,8.0
50036,0,2,0,2.0,
50037,0,4,0,2.0,15.0
50038,0,2,0,2.0,27.0
50039,0,2,1,4.0,30.0
50040,0,3,1,1.0,
50041,0,4,0,4.0,17.0
50042,0,3,0,8.0,
50043,0,2,0,4.0,11.0
50044,0,2,0,1.0,6.0
50045,0,3,0,4.0,12.0
50046,0,4,1,1.0,23.0
50047,1,5,0,0.0,
50048,0,4,0,2.0,9.0
50049,0,5,0,10.0,15.0
50050,0,5,1,3.0,10.0
50051,0,5,1,2.0,14.0
50052,0,2,0,2.0,
50053,1,2,0,0.0,8.0
50054,0,5,0,7.0,6.0
50055,0,2,0,1.0,15.0
50056,0,2,1,2.0,18.0
50057,0,4,0,2.0,33.0
50058,1,4,1,2.0,26.0
50059,0,3,0,2.0,6.0
50060,0,5,0,3.0,19.0
50061,0,4,0,6.0,20.0
50062,0,3,0,9.0,10.0
50063,0,4,0,15.0,20.0
50064,0,3,0,9.0,8.0
50065,0,4,0,0.0,9.0
50066,0,3,0,9.0,6.0
50067,0,4,0,3.0,15.0
50068,1,3,1,1.0,29.0
50069,0,2,0,2.0,13.0
50070,0,2,0,8.0,8.0
50071,0,5,1,7.0,27.0
50072,0,4,0,2.0,8.0
50073,0,3,0,2.0,27.0
50074,0,3,0,0.0,8.0
50075,0,2,0,7.0,35.0
50076,0,5,0,0.0,6.0
50077,0,2,1,7.0,24.0
50078,0,3,1,0.0,16.0
50079,0,2,1,7.0,25.0
50080,1,5,1,0.0,35.0
50081,1,2,0,9.0,33.0
50082,0,4,1,2.0,
50083,0,2,0,7.0,24.0
50084,0,2,0,2.0,15.0
50085,0,5,0,3.0,6.0
50086,1,2,0,8.0,10.0
50087,0,3,0,8.0,6.0
50088,0,3,0,7.0,26.0
50089,0,4,0,,14.0
50090,1,5,1,4.0,
50091,0,2,1,0.0,12.0
50092,1,5,0,1.0,32.0
50093,1,3,0,5.0,6.0
50094,0,2,0,8.0,12.0
50095,0,5,0,5.0,9.0
50096,0,4,0,7.0,11.0
50097,0,4,0,1.0,
50098,0,2,1,,17.0
50099,0,3,0,13.0,9.0
50100,0,3,0,4.0,6.0
50101,0,2,0,0.0,9.0
50102,0,2,0,8.0,10.0
50103,0,2,0,1.0,6.0
50104,0,3,0,8.0,6.0
50105,1,2,1,1.0,
50106,0,2,0,2.0,8.0
50107,0,2,0,15.0,10.0
50108,0,3,0,2.0,12.0
50109,0,2,0,6.0,6.0
50110,1,2,1,4.0,
50111,0,2,1,9.0,22.0
50112,1,5,0,7.0,8.0
50113,0,3,1,12.0,8.0
50114,0,4,0,2.0,10.0
50115,1,3,1,2.0,6.0
50116,0,3,0,2.0,6.0
50117,0,2,0,2.0,32.0
50118,0,5,0,0.0,25.0
50119,0,2,0,7.0,30.0
50120,0,2,0,7.0,6.0
50121,0,3,0,2.0,9.0
50122,0,2,0,2.0,11.0
50123,0,5,0,9.0,8.0
50124,0,5,0,2.0,6.0
50125,0,3,0,2.0,13.0
50126,1,3,0,0.0,16.0
50127,0,3,0,,8.0
50128,0,2,0,5.0,
50129,0,5,1,2.0,23.0
50130,0,2,0,2.0,26.0
50131,0,3,0,2.0,6.0
50132,0,5,1,8.0,
50133,0,3,0,9.0,8.0
50134,0,2,0,0.0,6.0
50135,1,4,0,4.0,35.0
50136,0,4,0,3.0,13.0
50137,0,2,0,5.0,8.0
50138,0,5,0,4.0,8.0
50139,0,4,1,7.0,8.0
50140,1,3,0,0.0,8.0
50141,0,4,0,0.0,8.0
50142,0,2,0,8.0,29.0
50143,0,5,0,5.0,11.0
50144,0,2,1,10.0,26.0
50145,0,2,0,11.0,12.0
50146,0,5,1,13.0,6.0
50147,1,4,1,,35.0
50148,0,2,0,4.0,15.0
50149,0,2,0,1.0,12.0
50150,0,3,0,0.0,9.0
50151,0,2,1,2.0,6.0
50152,0,4,0,,28.0
50153,0,5,1,7.0,13.0
50154,0,4,0,4.0,6.0
50155,0,4,0,6.0,10.0
50156,0,3,1,3.0,9.0
50157,0,3,0,6.0,6.0
50158,0,2,0,9.0,8.0
50159,0,2,1,8.0,26.0
50160,0,5,1,3.0,17.0
50161,0,2,0,7.0,6.0
50162,1,3,1,0.0,30.0
50163,0,2,0,2.0,29.0
50164,1,4,1,2.0,
50165,0,2,0,2.0,14.0
50166,0,5,1,2.0,16.0
50167,0,4,0,7.0,9.0
50168,0,4,0,2.0,11.0
50169,1,2,1,4.0,10.0
50170,0,2,1,2.0,
50171,0,4,0,8.0,32.0
50172,1,3,0,0.0,9.0
50173,0,4,0,9.0,22.0
50174,0,2,0,0.0,24.0
50175,0,4,0,2.0,8.0
50176,0,4,0,4.0,8.0
50177,0,3,0,0.0,16.0
50178,0,5,0,7.0,22.0
50179,0,2,0,7.0,13.0
50180,0,2,0,7.0,6.0
50181,0,4,0,8.0,30.0
50182,0,3,0,8.0,13.0
50183,0,4,0,,31.0
50184,0,3,1,2.0,6.0
50185,0,2,1,3.0,11.0
50186,0,5,0,0.0,8.0
50187,0,5,0,11.0,13.0
50188,0,2,1,2.0,8.0
50189,0,4,0,,11.0
50190,0,5,1,10.0,16.0
50191,0,2,0,7.0,
50192,0,3,1,7.0,6.0
50193,1,4,0,7.0,14.0
50194,0,4,1,2.0,
50195,0,4,1,9.0,14.0
50196,0,3,1,4.0,8.0
50197,0,2,0,7.0,13.0
50198,0,2,0,7.0,8.0
50199,1,2,1,2.0,8.0
50200,0,2,0,9.0,34.0
50201,0,3,0,9.0,13.0
50202,0,2,0,3.0,5.0
50203,1,3,1,0.0,9.0
50204,0,2,0,1.0,16.0
50205,0,3,0,1.0,11.0
50206,0,3,0,0.0,16.0
50207,0,4,1,4.0,6.0
50208,0,3,0,3.0,26.0
50209,0,5,0,0.0,13.0
50210,0,2,0,8.0,14.0
50211,0,2,1,2.0,6.0
50212,1,5,1,7.0,14.0
50213,0,2,0,2.0,15.0
50214,0,3,0,2.0,11.0
50215,0,4,0,7.0,14.0
50216,0,2,0,4.0,11.0
50217,0,2,1,,21.0
50218,0,2,1,10.0,13.0
50219,0,4,1,7.0,16.0
50220,0,4,0,13.0,11.0
50221,0,2,0,2.0,32.0
50222,0,4,1,2.0,12.0
50223,0,3,0,0.0,10.0
50224,0,2,0,0.0,29.0
50225,0,3,0,2.0,8.0
50226,0,3,1,0.0,8.0
50227,0,4,0,7.0,
50228,0,3,0,,35.0
50229,0,5,1,7.0,12.0
50230,0,3,1,2.0,31.0
50231,0,3,0,7.0,6.0
50232,0,2,0,0.0,8.0
50233,1,4,1,2.0,6.0
50234,0,2,0,0.0,6.0
50235,0,2,0,12.0,9.0
50236,0,3,0,2.0,6.0
50237,0,3,1,7.0,16.0
50238,0,2,0,2.0,
50239,1,3,1,0.0,11.0
50240,0,5,0,3.0,16.0
50241,0,3,0,0.0,13.0
50242,1,4,0,7.0,10.0
50243,0,2,0,3.0,16.0
50244,1,3,1,0.0,28.0
50245,0,4,1,2.0,
50246,1,4,0,0.0,18.0
50247,0,2,0,2.0,29.0
50248,0,4,0,0.0,15.0
50249,0,4,0,4.0,6.0
50250,0,2,0,7.0,15.0
50251,0,3,0,0.0,13.0
50252,0,2,0,7.0,20.0
50253,0,3,0,2.0,
50254,1,2,1,4.0,25.0
50255,0,2,1,2.0,8.0
50256,0,3,1,3.0,16.0
50257,0,4,0,0.0,
50258,1,5,0,4.0,9.0
50259,0,4,0,2.0,17.0
50260,0,3,0,0.0,8.0
50261,1,2,1,0.0,10.0
50262,0,5,0,17.0,20.0
50263,0,4,0,3.0,8.0
50264,0,5,0,2.0,
50265,0,4,1,1.0,16.0
50266,0,4,0,9.0,18.0
50267,0,3,0,0.0,8.0
50268,0,5,0,2.0,11.0
50269,0,3,0,2.0,10.0
50270,0,5,0,12.0,13.0
50271,0,2,0,2.0,27.0
50272,0,3,1,2.0,14.0
50273,0,2,1,3.0,10.0
50274,0,3,1,7.0,31.0
50275,0,5,0,2.0,6.0
50276,0,3,1,6.0,6.0
50277,0,5,0,7.0,12.0
50278,0,3,0,4.0,18.0
50279,0,5,0,7.0,6.0
50280,0,5,0,8.0,23.0
50281,1,5,0,2.0,9.0
50282,0,3,1,4.0,9.0
50283,0,2,0,2.0,
50284,0,2,0,4.0,10.0
50285,0,3,0,2.0,35.0
50286,0,2,0,2.0,8.0
50287,0,5,0,10.0,13.0
50288,0,3,0,8.0,24.0
50289,0,2,0,4.0,34.0
50290,1,4,1,4.0,6.0
50291,1,3,0,0.0,
50292,0,2,1,0.0,8.0
50293,0,3,0,12.0,8.0
50294,0,2,0,2.0,29.0
50295,0,2,0,4.0,9.0
50296,0,3,0,,9.0
50297,1,4,0,1.0,
50298,1,2,0,0.0,
50299,0,5,0,8.0,28.0
50300,0,2,0,0.0,35.0
50301,0,3,0,7.0,35.0
50302,0,2,0,7.0,
50303,0,5,0,11.0,34.0
50304,0,2,0,4.0,8.0
50305,0,3,0,1.0,8.0
50306,0,3,0,3.0,28.0
50307,0,3,0,0.0,14.0
50308,0,3,0,7.0,8.0
50309,0,2,1,2.0,16.0
50310,0,4,0,8.0,15.0
50311,1,3,1,7.0,21.0
50312,1,2,0,3.0,16.0
50313,0,4,0,2.0,13.0
50314,0,3,1,0.0,22.0
50315,1,3,0,0.0,26.0
50316,1,5,1,2.0,29.0
50317,0,3,0,0.0,11.0
50318,0,2,0,7.0,16.0
50319,1,3,0,2.0,10.0
50320,0,2,0,7.0,8.0
50321,0,4,0,7.0,24.0
50322,0,2,0,10.0,16.0
50323,0,3,0,9.0,6.0
50324,0,3,0,13.0,12.0
50325,0,3,0,7.0,14.0
50326,0,2,1,5.0,8.0
50327,0,5,1,8.0,30.0
50328,0,4,0,7.0,8.0
50329,1,3,1,0.0,23.0
50330,0,2,0,2.0,25.0
50331,0,3,0,5.0,6.0
50332,0,2,0,,13.0
50333,1,4,1,0.0,11.0
50334,0,5,0,,34.0
50335,0,3,1,7.0,8.0
50336,0,3,0,0.0,35.0
50337,0,3,0,3.0,6.0
50338,0,2,0,7.0,27.0
50339,1,2,1,0.0,
50340,0,2,0,2.0,6.0
50341,0,3,0,2.0,24.0
50342,0,5,0,8.0,8.0
50343,0,4,0,7.0,15.0
50344,0,5,1,9.0,12.0
50345,1,3,0,2.0,17.0
50346,0,2,0,1.0,
50347,0,3,0,0.0,16.0
50348,0,4,0,3.0,6.0
50349,0,3,1,9.0,24.0
50350,0,2,1,4.0,29.0
50351,0,4,0,4.0,34.0
50352,0,4,0,0.0,23.0
50353,0,4,0,7.0,9.0
50354,0,3,0,6.0,19.0
50355,1,3,1,2.0,13.0
50356,1,5,0,0.0,18.0
50357,0,2,1,3.0,6.0
50358,1,5,0,2.0,19.0
50359,0,2,0,2.0,31.0
50360,0,2,0,7.0,12.0
50361,0,3,0,3.0,12.0
50362,0,3,1,0.0,8.0
50363,0,4,0,0.0,6.0
50364,0,2,0,2.0,8.0
50365,0,2,1,0.0,12.0
50366,0,5,0,0.0,
50367,0,3,1,7.0,15.0
50368,0,5,0,2.0,6.0
50369,0,3,0,2.0,6.0
50370,0,3,1,6.0,
50371,1,5,0,2.0,8.0
50372,0,3,0,2.0,28.0
50373,0,2,1,1.0,9.0
50374,0,3,0,2.0,12.0
50375,0,3,0,2.0,14.0
50376,0,2,1,5.0,15.0
50377,0,3,0,0.0,9.0
50378,0,5,0,10.0,6.0
50379,0,2,0,8.0,6.0
50380,1,5,0,0.0,32.0
50381,0,2,1,2.0,12.0
50382,0,3,0,8.0,9.0
50383,0,3,0,2.0,9.0
50384,0,2,0,8.0,12.0
50385,0,2,0,7.0,12.0
50386,0,4,0,1.0,25.0
50387,0,4,1,2.0,15.0
50388,0,2,0,1.0,9.0
50389,1,3,1,1.0,16.0
50390,1,5,1,7.0,9.0
50391,0,3,0,0.0,9.0
50392,0,5,0,2.0,10.0
50393,0,4,0,2.0,14.0
50394,0,2,0,5.0,13.0
50395,0,2,0,8.0,6.0
50396,0,4,0,2.0,8.0
50397,0,2,1,4.0,9.0
50398,0,2,0,0.0,16.0
50399,0,3,1,8.0,34.0
50400,0,4,0,7.0,15.0
50401,1,3,0,0.0,9.0
50402,0,3,0,10.0,8.0
50403,0,2,0,8.0,16.0
50404,1,3,1,3.0,14.0
50405,0,2,0,8.0,6.0
50406,0,5,0,7.0,6.0
50407,0,2,0,,9.0
50408,0,5,0,7.0,20.0
50409,0,5,1,12.0,11.0
50410,0,3,0,3.0,13.0
50411,0,2,0,6.0,16.0
50412,0,5,0,2.0,22.0
50413,0,5,0,7.0,16.0
50414,0,3,0,10.0,6.0
50415,0,4,0,2.0,14.0
50416,1,4,1,7.0,6.0
50417,0,5,0,,14.0
50418,0,3,1,0.0,6.0
50419,0,3,0,4.0,30.0
50420,0,3,1,13.0,9.0
50421,0,2,0,7.0,33.0
50422,0,3,0,0.0,
50423,1,3,1,2.0,25.0
50424,0,2,0,2.0,21.0
50425,0,3,0,3.0,14.0
50426,0,5,0,2.0,
50427,0,4,0,6.0,9.0
50428,0,2,0,,15.0
50429,0,2,1,3.0,
50430,0,5,0,7.0,13.0
50431,0,4,0,2.0,16.0
50432,0,2,0,2.0,
50433,0,5,0,0.0,8.0
50434,0,2,0,7.0,30.0
50435,0,3,1,1.0,8.0
50436,0,5,0,0.0,14.0
50437,0,5,0,16.0,9.0
50438,1,2,1,8.0,6.0
50439,0,2,0,4.0,32.0
50440,0,3,0,1.0,8.0
50441,0,3,0,2.0,16.0
50442,1,3,1,3.0,33.0
50443,0,2,0,4.0,8.0
50444,1,5,1,4.0,8.0
50445,0,5,0,9.0,14.0
50446,0,2,0,2.0,25.0
50447,0,2,0,0.0,6.0
50448,0,3,0,1.0,33.0
50449,1,5,0,2.0,14.0
50450,0,2,0,3.0,6.0
50451,0,5,1,4.0,25.0
50452,0,2,0,1.0,5.0
50453,0,5,1,3.0,16.0
50454,0,5,1,12.0,8.0
50455,0,5,0,3.0,8.0
50456,0,2,0,2.0,
50457,0,3,0,2.0,6.0
50458,0,4,0,7.0,8.0
50459,0,5,0,2.0,14.0
50460,0,2,0,9.0,14.0
50461,1,5,1,0.0,12.0
50462,0,4,0,0.0,15.0
50463,0,3,0,4.0,17.0
50464,0,3,0,3.0,8.0
50465,1,5,1,0.0,
50466,0,3,0,,13.0
50467,1,5,0,2.0,22.0
50468,0,2,1,0.0,8.0
50469,0,4,0,5.0,6.0
50470,0,3,0,7.0,29.0
50471,1,4,1,8.0,8.0
50472,0,3,0,2.0,
50473,0,2,1,2.0,6.0
50474,1,3,0,1.0,8.0
50475,0,4,0,4.0,19.0
50476,0,3,0,8.0,10.0
50477,0,3,0,0.0,22.0
50478,0,2,1,0.0,8.0
50479,0,3,0,0.0,8.0
50480,0,4,0,8.0,35.0
50481,0,5,0,2.0,18.0
50482,0,2,0,3.0,
50483,1,2,0,7.0,17.0
50484,1,2,0,3.0,8.0
50485,0,5,0,0.0,20.0
50486,0,2,1,,11.0
50487,0,3,0,6.0,13.0
50488,0,4,1,5.0,8.0
50489,0,2,0,2.0,9.0
50490,1,3,1,7.0,
50491,0,2,0,0.0,9.0
50492,0,3,0,17.0,32.0
50493,0,4,0,3.0,10.0
50494,0,5,0,1.0,8.0
50495,0,5,0,8.0,6.0
50496,0,5,0,1.0,
50497,0,2,1,11.0,6.0
50498,0,2,0,3.0,19.0
50499,0,2,0,3.0,11.0
50500,0,2,1,,13.0
50501,0,5,1,2.0,15.0
50502,0,3,0,3.0,14.0
50503,0,2,0,0.0,31.0
50504,0,3,0,0.0,22.0
50505,0,2,0,4.0,14.0
50506,0,2,0,2.0,6.0
50507,0,2,1,2.0,14.0
50508,0,2,1,2.0,
50509,0,5,0,3.0,
50510,0,5,1,3.0,9.0
50511,0,3,1,15.0,15.0
50512,1,4,1,8.0,31.0
50513,0,2,0,2.0,6.0
50514,0,5,0,3.0,10.0
50515,0,5,0,2.0,6.0
50516,0,2,0,4.0,10.0
50517,0,4,0,3.0,11.0
50518,0,4,0,2.0,15.0
50519,0,2,1,3.0,9.0
50520,0,2,1,2.0,
50521,1,3,1,2.0,6.0
50522,0,2,0,,14.0
50523,0,4,0,8.0,31.0
50524,0,2,0,0.0,27.0
50525,0,2,0,8.0,29.0
50526,0,2,0,2.0,6.0
50527,0,2,1,7.0,8.0
50528,0,4,1,9.0,25.0
50529,0,5,0,7.0,8.0
50530,0,2,0,4.0,8.0
50531,0,4,1,3.0,9.0
50532,1,2,1,1.0,31.0
50533,0,2,0,3.0,
50534,0,5,1,1.0,
50535,0,2,0,2.0,11.0
50536,1,2,1,0.0,
50537,0,4,0,0.0,14.0
50538,1,3,0,2.0,8.0
50539,1,2,0,0.0,24.0
50540,0,2,1,11.0,20.0
50541,0,2,1,2.0,8.0
50542,1,3,1,2.0,9.0
50543,1,2,1,0.0,8.0
50544,0,3,0,2.0,
50545,1,5,1,2.0,
50546,0,3,0,0.0,
50547,0,4,0,0.0,16.0
50548,0,3,0,3.0,20.0
50549,0,5,1,2.0,6.0
50550,0,4,1,4.0,11.0
50551,0,3,0,2.0,
50552,0,2,1,7.0,27.0
50553,0,4,0,7.0,14.0
50554,0,3,0,0.0,26.0
50555,0,3,0,0.0,26.0
50556,0,2,0,1.0,13.0
50557,0,5,0,11.0,6.0
50558,0,4,0,2.0,
50559,1,4,1,0.0,
50560,0,4,0,0.0,16.0
50561,0,5,0,7.0,6.0
50562,0,5,1,17.0,12.0
50563,0,3,0,9.0,
50564,1,4,1,0.0,27.0
50565,1,5,0,0.0,10.0
50566,0,2,1,5.0,18.0
50567,0,4,1,0.0,15.0
50568,0,5,0,3.0,9.0
50569,1,2,1,7.0,9.0
50570,0,2,0,4.0,6.0
50571,1,3,0,7.0,6.0
50572,0,4,0,8.0,10.0
50573,0,2,0,2.0,26.0
50574,0,3,0,0.0,24.0
50575,0,2,0,8.0,6.0
50576,1,3,0,0.0,
50577,0,3,0,2.0,8.0
50578,0,3,0,7.0,14.0
50579,0,2,1,3.0,16.0
50580,0,2,0,8.0,9.0
50581,0,3,0,7.0,8.0
50582,1,4,1,0.0,30.0
50583,0,3,1,7.0,22.0
50584,0,2,0,7.0,14.0
50585,1,5,1,2.0,
50586,0,3,0,0.0,23.0
50587,1,5,1,0.0,
50588,0,2,0,2.0,19.0
50589,0,2,0,2.0,6.0
50590,0,2,0,3.0,6.0
50591,0,4,1,2.0,6.0
50592,0,3,0,11.0,15.0
50593,0,4,0,2.0,22.0
50594,0,5,1,8.0,29.0
50595,0,2,1,7.0,10.0
50596,1,3,1,1.0,28.0
50597,0,3,1,5.0,30.0
50598,0,3,0,2.0,16.0
50599,0,3,0,7.0,13.0
50600,0,3,0,2.0,23.0
50601,1,4,1,2.0,20.0
50602,0,5,0,3.0,6.0
50603,0,2,0,0.0,11.0
50604,0,3,0,8.0,23.0
50605,0,3,1,1.0,31.0
50606,0,5,1,,14.0
50607,1,5,1,0.0,
50608,1,4,0,2.0,
50609,0,2,0,3.0,8.0
50610,0,5,0,1.0,
50611,0,3,0,2.0,12.0
50612,0,3,0,,10.0
50613,0,3,0,1.0,13.0
50614,0,2,0,,6.0
50615,0,2,0,2.0,8.0
50616,0,2,0,2.0,16.0
50617,0,3,0,0.0,11.0
50618,0,2,0,0.0,
50619,0,2,1,3.0,8.0
50620,1,4,0,0.0,17.0
50621,0,4,1,7.0,24.0
50622,0,3,0,10.0,13.0
50623,0,2,1,0.0,9.0
50624,1,5,0,2.0,35.0
50625,1,2,0,9.0,8.0
50626,0,2,1,11.0,34.0
50627,0,3,0,13.0,6.0
50628,1,5,0,14.0,22.0
50629,0,5,1,8.0,28.0
50630,0,2,0,2.0,
50631,0,2,0,1.0,17.0
50632,0,3,0,7.0,35.0
50633,0,2,0,9.0,6.0
50634,0,2,1,,6.0
50635,0,4,0,4.0,30.0
50636,0,4,0,12.0,8.0
50637,1,3,0,0.0,21.0
50638,1,5,1,2.0,8.0
50639,0,3,1,0.0,16.0
50640,0,4,0,0.0,16.0
50641,0,3,0,2.0,9.0
50642,0,3,1,7.0,8.0
50643,0,4,0,1.0,9.0
50644,0,5,0,5.0,32.0
50645,0,3,0,3.0,6.0
50646,0,2,0,2.0,6.0
50647,0,3,0,0.0,8.0
50648,0,3,0,3.0,15.0
50649,0,2,0,8.0,18.0
50650,0,5,0,2.0,8.0
50651,0,2,0,0.0,31.0
50652,1,2,1,2.0,
50653,1,5,0,0.0,16.0
50654,0,5,1,7.0,14.0
50655,1,3,1,7.0,
50656,1,5,0,9.0,30.0
50657,0,5,0,3.0,6.0
50658,0,5,0,2.0,26.0
50659,0,3,0,8.0,13.0
50660,0,3,0,9.0,23.0
50661,0,2,0,1.0,26.0
50662,0,3,0,2.0,14.0
50663,0,4,0,,8.0
50664,0,3,0,7.0,16.0
50665,1,5,0,6.0,6.0
50666,0,2,0,2.0,11.0
50667,1,5,1,7.0,10.0
50668,1,3,0,8.0,35.0
50669,0,3,0,2.0,21.0
50670,0,2,0,4.0,9.0
50671,0,2,1,0.0,16.0
50672,1,2,1,6.0,10.0
50673,1,3,0,0.0,
50674,1,4,1,2.0,31.0
50675,0,5,0,7.0,8.0
50676,1,4,0,0.0,
50677,1,3,1,0.0,6.0
50678,0,4,0,2.0,13.0
50679,0,2,0,0.0,9.0
50680,0,2,0,1.0,6.0
50681,0,3,0,12.0,15.0
50682,0,4,0,0.0,13.0
50683,0,3,1,7.0,16.0
50684,0,2,0,7.0,
50685,0,4,0,7.0,9.0
50686,0,3,0,9.0,9.0
50687,0,4,0,0.0,8.0
50688,0,5,0,1.0,33.0
50689,1,2,0,,8.0
50690,0,3,0,9.0,20.0
50691,0,4,1,2.0,6.0
50692,0,4,0,3.0,15.0
50693,0,2,0,9.0,24.0
50694,0,2,0,2.0,26.0
50695,0,4,0,4.0,8.0
50696,0,2,0,2.0,17.0
50697,0,4,0,,14.0
50698,0,3,0,2.0,8.0
50699,0,4,0,1.0,16.0
50700,0,2,0,0.0,35.0
50701,0,2,1,2.0,14.0
50702,0,3,0,0.0,6.0
50703,0,3,1,2.0,12.0
50704,1,3,0,0.0,14.0
50705,1,5,1,3.0,15.0
50706,0,2,1,0.0,18.0
50707,1,3,0,2.0,
50708,0,2,0,3.0,31.0
50709,0,3,0,2.0,
50710,0,3,0,3.0,15.0
50711,0,3,0,4.0,14.0
50712,1,5,0,10.0,29.0
50713,0,3,0,13.0,15.0
50714,1,5,1,14.0,18.0
50715,0,5,0,5.0,10.0
50716,0,3,0,7.0,6.0
50717,0,4,0,2.0,30.0
50718,1,2,1,0.0,
50719,0,2,0,7.0,9.0
50720,0,3,0,4.0,16.0
50721,0,2,1,0.0,32.0
50722,0,4,0,4.0,8.0
50723,0,5,0,9.0,6.0
50724,0,2,0,2.0,
50725,1,3,0,3.0,15.0
50726,0,5,0,0.0,8.0
50727,0,5,0,2.0,10.0
50728,0,2,0,8.0,12.0
50729,0,5,0,0.0,
50730,0,3,1,2.0,13.0
50731,0,2,0,11.0,6.0
50732,0,3,0,2.0,9.0
50733,1,3,1,2.0,16.0
50734,0,3,0,7.0,13.0
50735,0,2,1,3.0,21.0
50736,1,2,1,0.0,9.0
50737,0,5,0,9.0,8.0
50738,0,3,0,0.0,23.0
50739,0,3,0,4.0,8.0
50740,1,5,0,0.0,11.0
50741,0,5,0,3.0,35.0
50742,0,4,0,0.0,8.0
50743,0,5,0,2.0,8.0
50744,0,5,0,3.0,25.0
50745,0,4,0,3.0,21.0
50746,0,5,1,7.0,23.0
50747,1,4,0,0.0,23.0
50748,0,3,0,1.0,31.0
50749,0,3,0,7.0,12.0
50750,0,3,0,9.0,13.0
50751,0,2,0,17.0,35.0
50752,0,2,0,2.0,27.0
50753,0,2,0,4.0,8.0
50754,0,5,0,3.0,8.0
50755,0,2,1,9.0,13.0
50756,0,4,0,2.0,19.0
50757,0,3,1,7.0,8.0
50758,0,5,1,7.0,6.0
50759,0,2,0,10.0,15.0
50760,0,4,0,3.0,16.0
50761,0,2,0,1.0,16.0
50762,0,4,1,7.0,6.0
50763,0,5,1,0.0,32.0
50764,0,2,1,12.0,14.0
50765,0,5,1,8.0,20.0
50766,0,3,0,4.0,6.0
50767,0,2,0,7.0,8.0
50768,1,4,1,0.0,16.0
50769,0,2,0,2.0,6.0
50770,0,2,0,9.0,9.0
50771,0,5,1,1.0,17.0
50772,0,5,0,8.0,30.0
50773,0,2,0,5.0,9.0
50774,0,2,0,7.0,9.0
50775,0,3,0,0.0,10.0
50776,0,4,0,7.0,9.0
50777,0,4,0,0.0,
50778,0,3,0,3.0,
50779,0,2,1,0.0,13.0
50780,0,2,0,0.0,6.0
50781,0,2,0,7.0,6.0
50782,0,3,0,0.0,
50783,0,4,0,10.0,11.0
50784,0,3,1,8.0,16.0
50785,0,2,1,1.0,31.0
50786,0,3,0,1.0,6.0
50787,1,2,1,0.0,30.0
50788,0,2,1,2.0,10.0
50789,1,4,1,11.0,8.0
50790,0,4,1,0.0,14.0
50791,1,3,0,2.0,
50792,0,4,0,8.0,10.0
50793,0,5,1,2.0,8.0
50794,0,4,1,10.0,15.0
50795,0,2,0,4.0,24.0
50796,0,4,0,10.0,25.0
50797,0,3,1,2.0,6.0
50798,0,5,0,13.0,10.0
50799,0,4,0,8.0,17.0
50800,0,3,1,2.0,12.0
50801,0,4,1,0.0,
50802,0,2,0,17.0,10.0
50803,0,4,1,12.0,8.0
50804,1,2,0,5.0,21.0
50805,0,2,1,2.0,8.0
50806,0,3,0,7.0,12.0
50807,0,3,1,7.0,15.0
50808,1,3,1,7.0,13.0
50809,0,5,0,2.0,6.0
50810,0,4,0,1.0,6.0
50811,0,2,0,8.0,14.0
50812,0,4,0,0.0,31.0
50813,0,4,1,2.0,19.0
50814,0,3,0,2.0,
50815,1,3,0,1.0,13.0
50816,1,5,0,3.0,29.0
50817,0,2,0,7.0,12.0
50818,0,3,0,7.0,16.0
50819,0,5,0,7.0,6.0
50820,0,2,0,5.0,6.0
50821,0,5,1,2.0,34.0
50822,1,4,1,0.0,31.0
50823,1,4,1,7.0,11.0
50824,0,5,1,,23.0
50825,0,3,0,7.0,24.0
50826,0,3,1,6.0,8.0
50827,0,4,0,9.0,16.0
50828,1,4,1,2.0,6.0
50829,1,5,0,2.0,
50830,0,3,1,10.0,8.0
50831,0,3,0,11.0,8.0
50832,0,4,0,7.0,14.0
50833,0,3,0,0.0,22.0
50834,0,2,0,6.0,15.0
50835,0,2,0,8.0,8.0
50836,0,5,0,7.0,6.0
50837,0,3,1,1.0,10.0
50838,0,4,1,10.0,11.0
50839,0,5,0,7.0,8.0
50840,0,5,0,6.0,21.0
50841,0,2,0,2.0,25.0
50842,1,5,1,9.0,13.0
50843,0,4,0,3.0,
50844,0,5,0,13.0,13.0
50845,0,2,0,8.0,10.0
50846,0,2,0,0.0,
50847,0,4,0,,17.0
50848,0,2,0,0.0,6.0
50849,0,2,0,0.0,6.0
50850,0,2,0,0.0,8.0
50851,1,3,1,8.0,19.0
50852,0,4,1,9.0,29.0
50853,0,3,0,0.0,32.0
50854,0,3,0,8.0,8.0
50855,0,3,0,7.0,35.0
50856,1,2,0,0.0,8.0
50857,1,3,1,2.0,24.0
50858,0,3,0,3.0,
50859,0,2,0,11.0,8.0
50860,0,5,0,4.0,32.0
50861,1,3,1,7.0,28.0
50862,0,2,1,4.0,27.0
50863,0,4,0,2.0,8.0
50864,0,2,1,3.0,28.0
50865,0,3,1,3.0,10.0
50866,0,2,0,2.0,11.0
50867,0,4,1,2.0,8.0
50868,0,3,0,5.0,31.0
50869,0,3,0,2.0,24.0
50870,0,3,1,2.0,34.0
50871,0,3,1,8.0,12.0
50872,0,2,1,4.0,16.0
50873,1,3,1,7.0,
50874,0,2,0,1.0,8.0
50875,0,5,0,9.0,16.0
50876,0,5,0,4.0,14.0
50877,0,3,0,2.0,17.0
50878,0,2,0,2.0,24.0
50879,0,2,0,2.0,6.0
50880,0,5,0,7.0,13.0
50881,0,5,0,9.0,23.0
50882,1,5,0,3.0,34.0
50883,1,2,1,7.0,20.0
50884,0,2,0,7.0,6.0
50885,0,5,1,5.0,6.0
50886,0,2,0,0.0,6.0
50887,0,4,1,1.0,9.0
50888,1,3,0,0.0,6.0
50889,0,5,0,2.0,13.0
50890,0,4,0,0.0,14.0
50891,0,5,0,3.0,6.0
50892,1,4,0,0.0,14.0
50893,0,5,0,4.0,17.0
50894,0,2,0,8.0,10.0
50895,0,5,0,2.0,22.0
50896,0,2,0,2.0,6.0
50897,1,5,0,2.0,15.0
50898,0,3,0,3.0,11.0
50899,0,5,0,0.0,6.0
50900,0,3,0,6.0,8.0
50901,0,3,1,3.0,10.0
50902,0,2,0,3.0,13.0
50903,0,4,0,2.0,6.0
50904,0,3,1,3.0,11.0
50905,0,3,0,7.0,15.0
50906,0,2,0,9.0,14.0
50907,1,1,0,3.0,15.0
50908,1,5,1,0.0,8.0
50909,1,4,0,7.0,6.0
50910,0,5,1,7.0,26.0
50911,0,4,0,2.0,14.0
50912,1,1,1,2.0,8.0
50913,0,1,1,2.0,35.0
50914,0,5,0,2.0,13.0
50915,1,3,0,2.0,15.0
50916,0,4,0,8.0,14.0
50917,0,5,0,3.0,11.0
50918,0,3,0,3.0,11.0
50919,0,4,0,8.0,8.0
50920,0,3,0,2.0,11.0
50921,0,3,0,2.0,
50922,0,4,0,3.0,26.0
50923,0,5,0,3.0,13.0
50924,0,5,0,12.0,9.0
50925,0,3,0,2.0,22.0
50926,0,1,0,8.0,15.0
50927,0,3,0,0.0,6.0
50928,0,3,0,0.0,13.0
50929,0,3,0,8.0,6.0
50930,0,4,0,7.0,13.0
50931,0,5,0,9.0,21.0
50932,1,3,0,2.0,6.0
50933,1,4,0,0.0,19.0
50934,1,4,1,10.0,30.0
50935,0,3,0,0.0,
50936,1,5,1,0.0,15.0
50937,0,4,0,0.0,19.0
50938,0,3,1,2.0,8.0
50939,0,3,0,4.0,25.0
50940,0,3,0,3.0,6.0
50941,0,3,1,2.0,10.0
50942,0,4,0,2.0,10.0
50943,0,3,1,2.0,20.0
50944,1,5,0,0.0,
50945,0,3,0,0.0,6.0
50946,0,5,0,3.0,13.0
50947,0,5,0,2.0,9.0
50948,0,4,0,2.0,8.0
50949,0,4,0,7.0,35.0
50950,0,3,1,0.0,14.0
50951,0,1,0,,16.0
50952,0,1,0,12.0,17.0
50953,1,5,0,7.0,
50954,0,5,0,17.0,34.0
50955,0,4,0,2.0,12.0
50956,0,4,0,1.0,9.0
50957,0,4,0,3.0,22.0
50958,0,3,0,2.0,26.0
50959,1,5,0,0.0,15.0
50960,0,3,1,6.0,6.0
50961,1,3,0,7.0,9.0
50962,0,1,1,9.0,28.0
50963,0,3,1,7.0,13.0
50964,0,4,0,0.0,8.0
50965,0,1,0,7.0,19.0
50966,0,5,0,7.0,14.0
50967,0,4,0,2.0,31.0
50968,0,1,0,3.0,34.0
50969,0,1,1,9.0,8.0
50970,0,5,0,1.0,15.0
50971,0,3,1,7.0,34.0
50972,0,1,1,7.0,12.0
50973,0,5,0,0.0,27.0
50974,0,1,1,2.0,14.0
50975,0,4,0,7.0,6.0
50976,0,3,0,2.0,
50977,0,4,0,5.0,11.0
50978,0,1,1,2.0,
50979,0,3,0,7.0,22.0
50980,0,3,0,0.0,
50981,0,5,0,2.0,14.0
50982,1,5,0,7.0,6.0
50983,0,3,0,2.0,16.0
50984,0,5,0,2.0,
50985,0,4,0,3.0,35.0
50986,1,5,1,0.0,8.0
50987,1,1,0,9.0,8.0
50988,1,4,0,4.0,8.0
50989,0,5,0,2.0,6.0
50990,0,5,0,6.0,
50991,0,1,0,0.0,13.0
50992,0,1,0,13.0,32.0
50993,0,1,0,1.0,6.0
50994,0,1,0,0.0,9.0
50995,0,4,0,7.0,20.0
50996,0,4,0,2.0,22.0
50997,0,3,0,0.0,6.0
50998,0,5,1,5.0,9.0
50999,0,3,1,4.0,16.0
51000,0,3,0,6.0,12.0
51001,0,1,0,3.0,8.0
51002,0,3,1,0.0,5.0
51003,0,3,0,2.0,16.0
51004,0,5,1,2.0,12.0
51005,0,1,0,1.0,15.0
51006,0,3,0,8.0,34.0
51007,0,3,0,7.0,16.0
51008,0,5,0,2.0,20.0
51009,0,4,0,2.0,33.0
51010,0,1,0,1.0,13.0
51011,0,5,0,12.0,6.0
51012,1,4,1,0.0,
51013,0,3,1,3.0,32.0
51014,0,3,1,,26.0
51015,0,1,0,2.0,11.0
51016,0,1,1,10.0,13.0
51017,0,4,0,1.0,13.0
51018,0,5,1,4.0,11.0
51019,0,5,0,5.0,32.0
51020,0,5,0,3.0,8.0
51021,0,3,1,1.0,18.0
51022,0,1,0,2.0,16.0
51023,0,5,0,4.0,31.0
51024,0,5,0,7.0,16.0
51025,0,5,0,7.0,25.0
51026,0,5,0,10.0,24.0
51027,0,5,0,0.0,33.0
51028,0,1,0,2.0,11.0
51029,1,1,1,0.0,9.0
51030,0,3,0,0.0,32.0
51031,0,3,0,7.0,9.0
51032,0,3,0,12.0,21.0
51033,0,3,0,9.0,14.0
51034,0,3,0,2.0,25.0
51035,0,3,0,8.0,10.0
51036,0,1,0,9.0,8.0
51037,0,3,1,2.0,8.0
51038,1,5,0,0.0,16.0
51039,0,4,0,7.0,16.0
51040,0,1,1,3.0,22.0
51041,0,1,1,2.0,6.0
51042,0,1,0,2.0,10.0
51043,1,1,1,2.0,21.0
51044,0,1,1,3.0,8.0
51045,0,3,0,2.0,14.0
51046,0,1,0,2.0,
51047,1,5,1,3.0,13.0
51048,0,3,0,4.0,16.0
51049,0,5,0,2.0,11.0
51050,0,3,0,7.0,8.0
51051,0,4,0,0.0,18.0
51052,0,4,0,2.0,28.0
51053,0,5,0,11.0,23.0
51054,0,3,0,2.0,8.0
51055,0,4,0,9.0,9.0
51056,0,4,0,3.0,13.0
51057,0,3,1,12.0,12.0
51058,0,3,0,2.0,6.0
51059,0,5,0,4.0,9.0
51060,0,3,0,7.0,28.0
51061,0,3,0,11.0,21.0
51062,1,1,1,7.0,18.0
51063,0,1,0,9.0,6.0
51064,0,4,1,9.0,11.0
51065,0,1,0,4.0,8.0
51066,0,4,0,6.0,8.0
51067,0,1,0,2.0,11.0
51068,0,5,1,2.0,
51069,0,4,0,3.0,
51070,0,4,0,2.0,8.0
51071,0,3,0,0.0,6.0
51072,0,3,1,2.0,29.0
51073,0,5,0,2.0,15.0
51074,0,1,1,2.0,22.0
51075,0,3,0,2.0,32.0
51076,0,1,1,2.0,6.0
51077,1,3,1,2.0,14.0
51078,0,3,0,0.0,10.0
51079,0,1,0,2.0,30.0
51080,1,3,1,7.0,
51081,1,4,0,0.0,8.0
51082,0,1,0,7.0,
51083,0,4,0,2.0,28.0
51084,0,1,0,13.0,11.0
51085,0,1,0,0.0,6.0
51086,0,4,0,13.0,27.0
51087,0,1,0,3.0,6.0
51088,0,1,0,7.0,25.0
51089,1,1,1,2.0,13.0
51090,0,1,1,7.0,8.0
51091,0,1,1,4.0,8.0
51092,0,1,1,8.0,8.0
51093,0,3,0,4.0,15.0
51094,0,3,0,7.0,12.0
51095,0,3,0,2.0,15.0
51096,0,1,0,7.0,8.0
51097,0,3,0,4.0,6.0
51098,1,3,0,0.0,28.0
51099,1,3,0,,15.0
51100,0,3,0,2.0,23.0
51101,0,4,0,6.0,34.0
51102,0,3,0,3.0,16.0
51103,0,3,0,3.0,8.0
51104,0,4,0,2.0,10.0
51105,0,5,1,0.0,14.0
51106,0,5,0,2.0,35.0
51107,0,4,0,9.0,19.0
51108,0,3,0,7.0,33.0
51109,0,1,0,8.0,22.0
51110,0,4,0,0.0,8.0
51111,0,1,1,3.0,8.0
51112,1,5,1,2.0,19.0
51113,1,4,0,0.0,6.0
51114,0,4,0,2.0,10.0
51115,0,1,0,4.0,30.0
51116,0,1,1,8.0,6.0
51117,0,3,0,2.0,25.0
51118,0,4,0,8.0,13.0
51119,0,3,0,3.0,10.0
51120,0,5,0,7.0,8.0
51121,0,1,0,1.0,16.0
51122,1,1,0,2.0,14.0
51123,0,3,0,2.0,11.0
51124,0,1,0,4.0,14.0
51125,1,4,0,2.0,15.0
51126,0,3,1,2.0,6.0
51127,0,5,0,7.0,21.0
51128,0,1,1,2.0,8.0
51129,0,4,0,7.0,8.0
51130,0,1,0,4.0,17.0
51131,1,5,1,0.0,22.0
51132,0,4,0,5.0,
51133,1,3,0,0.0,22.0
51134,0,5,0,0.0,10.0
51135,0,3,0,7.0,22.0
51136,0,4,0,7.0,11.0
51137,0,1,1,0.0,24.0
51138,1,3,1,0.0,
51139,0,4,0,4.0,18.0
51140,0,5,0,0.0,8.0
51141,0,4,0,7.0,10.0
51142,0,5,0,4.0,15.0
51143,0,3,1,7.0,16.0
51144,0,3,1,,6.0
51145,0,1,0,8.0,8.0
51146,0,1,0,2.0,9.0
51147,1,4,0,0.0,13.0
51148,0,3,0,4.0,12.0
51149,1,5,1,0.0,
51150,0,1,0,7.0,35.0
51151,0,3,0,,9.0
51152,0,4,0,3.0,15.0
51153,0,1,1,2.0,8.0
51154,0,5,1,7.0,16.0
51155,1,4,1,3.0,
51156,0,4,0,7.0,14.0
51157,1,1,1,7.0,33.0
51158,0,5,0,6.0,14.0
51159,0,1,0,3.0,6.0
51160,0,3,0,2.0,16.0
51161,0,4,0,2.0,32.0
51162,0,5,0,2.0,8.0
51163,0,5,0,0.0,19.0
51164,0,1,0,7.0,8.0
51165,0,4,0,8.0,
51166,1,5,0,7.0,15.0
51167,1,5,0,8.0,16.0
51168,0,1,0,2.0,26.0
51169,0,3,0,2.0,
51170,0,4,0,2.0,11.0
51171,0,3,1,5.0,10.0
51172,0,3,0,2.0,16.0
51173,1,4,1,4.0,26.0
51174,1,4,0,7.0,27.0
51175,0,1,0,3.0,6.0
51176,0,3,0,8.0,14.0
51177,0,4,0,14.0,8.0
51178,0,3,0,3.0,29.0
51179,0,4,1,10.0,10.0
51180,0,5,0,7.0,18.0
51181,0,1,0,7.0,13.0
51182,0,5,0,2.0,13.0
51183,0,5,0,2.0,6.0
51184,0,1,1,3.0,8.0
51185,0,1,0,2.0,16.0
51186,0,3,1,2.0,21.0
51187,0,3,0,0.0,20.0
51188,1,5,0,0.0,24.0
51189,1,5,1,0.0,
51190,0,3,0,7.0,8.0
51191,0,4,1,0.0,8.0
51192,0,1,0,7.0,8.0
51193,0,1,1,2.0,
51194,0,1,0,10.0,26.0
51195,0,1,0,0.0,16.0
51196,0,3,0,3.0,16.0
51197,0,3,0,0.0,15.0
51198,0,1,0,7.0,8.0
51199,0,1,0,2.0,6.0
51200,0,3,0,6.0,35.0
51201,0,3,0,0.0,14.0
51202,1,4,1,2.0,8.0
51203,0,5,0,8.0,9.0
51204,0,3,0,8.0,29.0
51205,0,4,0,0.0,12.0
51206,0,3,0,14.0,12.0
51207,0,4,0,9.0,16.0
51208,1,1,1,0.0,
51209,1,4,0,7.0,16.0
51210,0,5,0,3.0,21.0
51211,0,1,0,2.0,25.0
51212,0,1,0,4.0,8.0
51213,0,4,0,0.0,9.0
51214,1,1,0,0.0,15.0
51215,1,4,1,0.0,
51216,0,3,1,7.0,16.0
51217,0,3,0,2.0,26.0
51218,0,1,1,0.0,10.0
51219,0,5,0,2.0,13.0
51220,0,5,1,4.0,13.0
51221,0,4,1,2.0,22.0
51222,0,1,0,8.0,31.0
51223,0,1,0,8.0,8.0
51224,0,5,0,16.0,6.0
51225,0,3,1,0.0,6.0
51226,0,3,0,7.0,8.0
51227,0,1,0,7.0,28.0
51228,0,5,0,2.0,6.0
51229,1,5,1,0.0,22.0
51230,1,1,0,0.0,
51231,0,4,0,3.0,23.0
51232,0,4,0,4.0,14.0
51233,0,5,0,7.0,12.0
51234,0,1,1,4.0,16.0
51235,0,1,1,1.0,9.0
51236,0,3,0,2.0,10.0
51237,0,1,0,7.0,
51238,0,3,0,3.0,6.0
51239,0,3,0,9.0,16.0
51240,0,1,1,7.0,6.0
51241,1,5,0,0.0,30.0
51242,0,3,0,2.0,27.0
51243,0,4,0,2.0,8.0
51244,0,1,1,11.0,28.0
51245,1,3,1,2.0,19.0
51246,0,4,0,7.0,20.0
51247,0,5,0,0.0,17.0
51248,0,5,0,9.0,15.0
51249,0,4,1,7.0,14.0
51250,0,1,1,0.0,27.0
51251,1,3,1,3.0,
51252,0,1,0,3.0,15.0
51253,0,1,0,3.0,8.0
51254,0,1,1,0.0,18.0
51255,1,4,0,0.0,28.0
51256,0,5,0,4.0,24.0
51257,0,3,0,4.0,22.0
51258,0,5,1,3.0,9.0
51259,0,4,0,2.0,15.0
51260,0,1,0,1.0,6.0
51261,0,3,0,1.0,19.0
51262,0,5,0,6.0,6.0
51263,0,5,0,2.0,6.0
51264,0,1,0,2.0,21.0
51265,0,5,0,7.0,6.0
51266,1,1,0,3.0,
51267,0,5,0,0.0,6.0
51268,0,1,1,9.0,13.0
51269,0,1,0,7.0,15.0
51270,0,1,0,0.0,11.0
51271,1,1,1,8.0,32.0
51272,1,5,1,2.0,30.0
51273,0,3,0,3.0,15.0
51274,0,3,0,8.0,13.0
51275,0,3,0,9.0,17.0
51276,0,4,1,2.0,6.0
51277,0,4,1,4.0,32.0
51278,0,1,1,0.0,8.0
51279,0,5,0,10.0,21.0
51280,0,3,0,7.0,29.0
51281,0,3,0,,16.0
51282,0,5,1,4.0,16.0
51283,0,3,0,2.0,6.0
51284,0,1,0,4.0,
51285,0,3,0,4.0,17.0
51286,0,4,0,10.0,8.0
51287,0,4,0,2.0,8.0
51288,0,4,0,7.0,6.0
51289,0,3,1,2.0,8.0
51290,0,3,0,11.0,31.0
51291,0,3,0,0.0,6.0
51292,0,4,0,8.0,6.0
51293,0,3,0,2.0,8.0
51294,0,3,0,7.0,12.0
51295,0,5,1,2.0,24.0
51296,0,1,0,0.0,6.0
51297,0,4,0,,6.0
51298,0,3,1,2.0,17.0
51299,0,3,0,2.0,6.0
51300,0,3,0,8.0,15.0
51301,0,1,1,1.0,21.0
51302,0,4,0,1.0,35.0
51303,0,1,0,0.0,
51304,0,4,0,2.0,6.0
51305,0,1,0,7.0,30.0
51306,0,3,0,11.0,16.0
51307,0,1,0,7.0,6.0
51308,0,1,1,8.0,16.0
51309,0,3,1,4.0,14.0
51310,0,1,0,0.0,126.0
51311,0,1,1,2.0,
51312,0,5,1,2.0,
51313,0,1,0,3.0,15.0
51314,1,5,0,0.0,15.0
51315,0,1,0,4.0,9.0
51316,0,4,0,2.0,10.0
51317,0,3,0,9.0,6.0
51318,1,1,1,2.0,6.0
51319,0,3,0,14.0,8.0
51320,1,3,0,8.0,
51321,0,4,0,10.0,34.0
51322,0,3,0,7.0,34.0
51323,0,1,0,11.0,21.0
51324,0,4,0,4.0,9.0
51325,0,5,0,2.0,
51326,0,1,1,7.0,32.0
51327,0,1,0,9.0,16.0
51328,1,3,0,1.0,6.0
51329,0,1,0,0.0,17.0
51330,0,3,0,1.0,26.0
51331,0,3,0,2.0,8.0
51332,0,3,1,2.0,24.0
51333,0,3,0,2.0,8.0
51334,0,1,0,1.0,6.0
51335,0,4,1,3.0,19.0
51336,0,5,0,4.0,34.0
51337,1,5,1,0.0,34.0
51338,0,1,0,,30.0
51339,0,5,0,7.0,11.0
51340,0,3,0,0.0,11.0
51341,0,1,0,3.0,
51342,0,5,0,7.0,12.0
51343,0,4,1,3.0,10.0
51344,0,4,0,8.0,8.0
51345,0,3,0,2.0,14.0
51346,1,1,1,5.0,6.0
51347,0,4,0,7.0,14.0
51348,1,3,1,0.0,8.0
51349,0,3,1,0.0,9.0
51350,0,4,0,2.0,8.0
51351,0,1,0,6.0,8.0
51352,0,5,1,0.0,9.0
51353,0,3,0,0.0,30.0
51354,0,3,0,8.0,29.0
51355,0,3,0,7.0,33.0
51356,0,4,0,3.0,
51357,0,3,1,8.0,21.0
51358,0,3,0,3.0,32.0
51359,0,1,0,2.0,25.0
51360,1,3,1,3.0,30.0
51361,0,5,0,8.0,27.0
51362,0,4,1,5.0,11.0
51363,0,1,1,0.0,22.0
51364,0,1,0,7.0,8.0
51365,0,1,1,2.0,8.0
51366,0,3,0,3.0,17.0
51367,1,5,0,3.0,15.0
51368,0,4,0,,13.0
51369,0,1,0,0.0,21.0
51370,1,5,0,3.0,12.0
51371,0,3,0,8.0,11.0
51372,1,5,1,7.0,22.0
51373,0,4,0,2.0,14.0
51374,0,1,0,17.0,13.0
51375,0,5,0,1.0,8.0
51376,0,1,0,0.0,
51377,0,1,1,3.0,16.0
51378,0,3,0,8.0,15.0
51379,1,1,0,0.0,11.0
51380,1,1,1,0.0,6.0
51381,0,3,0,4.0,
51382,1,3,1,2.0,9.0
51383,0,1,0,2.0,8.0
51384,0,5,1,0.0,11.0
51385,0,5,0,3.0,6.0
51386,0,1,0,0.0,10.0
51387,0,5,0,0.0,
51388,1,3,0,1.0,31.0
51389,0,3,0,7.0,14.0
51390,0,1,0,7.0,6.0
51391,1,3,0,8.0,18.0
51392,0,3,0,7.0,29.0
51393,0,4,0,0.0,25.0
51394,0,1,1,8.0,11.0
51395,0,1,0,1.0,14.0
51396,1,3,1,0.0,6.0
51397,1,3,1,2.0,11.0
51398,0,5,1,3.0,6.0
51399,0,5,1,3.0,17.0
51400,0,1,1,0.0,29.0
51401,0,1,1,12.0,29.0
51402,0,5,0,8.0,5.0
51403,0,5,1,2.0,29.0
51404,0,1,0,7.0,13.0
51405,0,3,0,7.0,6.0
51406,0,1,1,8.0,6.0
51407,0,1,0,9.0,
51408,0,3,1,8.0,13.0
51409,0,5,0,9.0,31.0
51410,0,3,0,8.0,14.0
51411,0,3,1,2.0,14.0
51412,0,4,0,3.0,17.0
51413,0,5,0,0.0,13.0
51414,0,5,0,2.0,6.0
51415,1,3,1,0.0,15.0
51416,0,3,0,3.0,6.0
51417,0,4,0,4.0,8.0
51418,0,4,0,0.0,
51419,0,4,0,9.0,6.0
51420,0,1,0,0.0,12.0
51421,0,1,0,8.0,14.0
51422,0,5,0,8.0,6.0
51423,0,5,1,0.0,12.0
51424,0,3,0,2.0,13.0
51425,0,4,1,2.0,11.0
51426,0,1,1,0.0,6.0
51427,0,3,0,4.0,6.0
51428,0,1,0,0.0,6.0
51429,0,1,1,9.0,12.0
51430,0,4,0,3.0,6.0
51431,0,1,0,2.0,13.0
51432,0,5,0,0.0,
51433,0,1,0,3.0,15.0
51434,0,1,0,8.0,8.0
51435,1,1,0,7.0,15.0
51436,0,4,0,11.0,6.0
51437,0,1,1,0.0,27.0
51438,0,4,1,7.0,10.0
51439,0,5,1,5.0,6.0
51440,0,3,0,7.0,12.0
51441,0,3,0,3.0,8.0
51442,0,3,0,2.0,9.0
51443,0,3,0,4.0,10.0
51444,0,3,0,8.0,16.0
51445,0,4,0,2.0,29.0
51446,1,5,1,2.0,12.0
51447,0,5,0,0.0,6.0
51448,1,1,1,0.0,12.0
51449,0,3,0,10.0,12.0
51450,0,1,0,0.0,8.0
51451,0,1,0,2.0,8.0
51452,0,4,1,7.0,6.0
51453,1,3,1,3.0,11.0
51454,0,1,0,1.0,13.0
51455,0,1,0,0.0,21.0
51456,0,5,0,8.0,6.0
51457,1,3,1,6.0,13.0
51458,0,1,1,4.0,32.0
51459,0,3,0,2.0,24.0
51460,0,4,0,0.0,12.0
51461,0,1,0,3.0,9.0
51462,0,5,0,,11.0
51463,0,1,0,8.0,17.0
51464,0,1,0,0.0,9.0
51465,0,1,1,12.0,32.0
51466,0,3,0,9.0,
51467,0,4,0,7.0,28.0
51468,1,4,1,3.0,20.0
51469,0,3,0,15.0,12.0
51470,1,3,1,7.0,12.0
51471,0,4,0,3.0,
51472,1,1,0,6.0,29.0
51473,1,3,1,0.0,28.0
51474,0,1,0,1.0,
51475,0,5,0,11.0,26.0
51476,0,3,0,2.0,34.0
51477,0,1,0,1.0,18.0
51478,1,3,1,2.0,26.0
51479,0,3,1,7.0,15.0
51480,0,3,0,7.0,31.0
51481,0,4,0,1.0,12.0
51482,1,1,0,3.0,14.0
51483,0,3,0,9.0,10.0
51484,0,3,0,2.0,34.0
51485,0,1,1,7.0,15.0
51486,1,5,0,4.0,15.0
51487,0,1,0,3.0,35.0
51488,0,3,1,2.0,9.0
51489,0,3,0,4.0,
51490,0,1,0,7.0,15.0
51491,0,5,0,30.0,11.0
51492,0,1,0,2.0,8.0
51493,0,5,0,7.0,16.0
51494,0,5,0,4.0,15.0
51495,0,4,0,0.0,9.0
51496,0,4,0,13.0,32.0
51497,0,4,0,6.0,6.0
51498,0,3,1,5.0,12.0
51499,0,4,0,15.0,
51500,0,1,0,7.0,14.0
51501,0,3,0,9.0,6.0
51502,0,3,0,0.0,13.0
51503,0,4,1,0.0,15.0
51504,0,1,0,11.0,10.0
51505,0,3,0,2.0,8.0
51506,0,1,0,2.0,
51507,0,4,0,2.0,15.0
51508,0,1,0,2.0,27.0
51509,0,1,1,4.0,30.0
51510,0,3,1,1.0,
51511,0,4,0,4.0,17.0
51512,0,3,0,8.0,
51513,0,1,0,4.0,11.0
51514,0,1,0,7.0,6.0
51515,0,3,0,4.0,12.0
51516,0,4,1,1.0,23.0
51517,1,5,0,0.0,
51518,0,4,0,2.0,9.0
51519,0,5,0,10.0,15.0
51520,0,5,1,3.0,10.0
51521,0,5,1,2.0,14.0
51522,0,1,0,2.0,
51523,1,1,0,0.0,8.0
51524,0,5,0,7.0,6.0
51525,0,1,0,1.0,15.0
51526,0,1,1,2.0,18.0
51527,0,4,0,2.0,33.0
51528,1,4,1,2.0,26.0
51529,0,3,0,2.0,6.0
51530,0,5,0,3.0,19.0
51531,0,4,0,6.0,20.0
51532,0,3,0,9.0,10.0
51533,0,4,0,15.0,20.0
51534,0,3,0,9.0,8.0
51535,0,4,0,0.0,9.0
51536,0,3,0,9.0,6.0
51537,0,4,0,3.0,15.0
51538,1,3,1,1.0,29.0
51539,0,1,0,2.0,13.0
51540,0,1,0,8.0,8.0
51541,0,5,1,7.0,27.0
51542,0,4,0,2.0,8.0
51543,0,3,0,2.0,27.0
51544,0,3,0,0.0,8.0
51545,0,1,0,7.0,35.0
51546,0,5,0,0.0,6.0
51547,0,1,1,7.0,24.0
51548,0,3,1,0.0,16.0
51549,0,1,1,7.0,25.0
51550,1,5,1,0.0,35.0
51551,1,1,0,9.0,33.0
51552,0,4,1,2.0,
51553,0,1,0,7.0,24.0
51554,0,1,0,2.0,15.0
51555,0,5,0,3.0,6.0
51556,1,1,0,8.0,10.0
51557,0,3,0,8.0,6.0
51558,0,3,0,7.0,26.0
51559,0,4,0,,14.0
51560,1,5,1,4.0,
51561,0,1,1,0.0,12.0
51562,1,5,0,1.0,32.0
51563,1,3,0,5.0,6.0
51564,0,1,0,8.0,12.0
51565,0,5,0,5.0,9.0
51566,0,4,0,7.0,11.0
51567,0,4,0,1.0,
51568,0,1,1,,17.0
51569,0,3,0,13.0,9.0
51570,0,3,0,4.0,6.0
51571,0,1,0,0.0,9.0
51572,0,1,0,8.0,10.0
51573,0,1,0,1.0,6.0
51574,0,3,0,8.0,6.0
51575,1,1,1,1.0,
51576,0,1,0,2.0,8.0
51577,0,1,0,15.0,10.0
51578,0,3,0,2.0,12.0
51579,0,1,0,6.0,6.0
51580,1,1,1,4.0,
51581,0,1,1,9.0,22.0
51582,1,5,0,7.0,8.0
51583,0,3,1,12.0,8.0
51584,0,4,0,2.0,10.0
51585,1,3,1,2.0,6.0
51586,0,3,0,2.0,6.0
51587,0,1,0,2.0,32.0
51588,0,5,0,0.0,25.0
51589,0,1,0,7.0,30.0
51590,0,1,0,7.0,6.0
51591,0,3,0,2.0,9.0
51592,0,1,0,2.0,11.0
51593,0,5,0,9.0,8.0
51594,0,5,0,2.0,6.0
51595,0,3,0,2.0,13.0
51596,1,3,0,0.0,16.0
51597,0,3,0,,8.0
51598,0,1,0,5.0,
51599,0,5,1,2.0,23.0
51600,0,1,0,2.0,26.0
51601,0,3,0,2.0,6.0
51602,0,5,1,8.0,
51603,0,3,0,9.0,8.0
51604,0,1,0,0.0,6.0
51605,1,4,0,4.0,35.0
51606,0,4,0,3.0,13.0
51607,0,1,0,5.0,8.0
51608,0,5,0,4.0,8.0
51609,0,4,1,7.0,8.0
51610,1,3,0,0.0,8.0
51611,0,4,0,0.0,8.0
51612,0,1,0,8.0,29.0
51613,0,5,0,5.0,11.0
51614,0,1,1,10.0,26.0
51615,0,1,0,11.0,12.0
51616,0,5,1,13.0,6.0
51617,1,4,1,,35.0
51618,0,1,0,4.0,15.0
51619,0,1,0,1.0,12.0
51620,0,3,0,0.0,9.0
51621,0,1,1,2.0,6.0
51622,0,4,0,,28.0
51623,0,5,1,7.0,13.0
51624,0,4,0,4.0,6.0
51625,0,4,0,6.0,10.0
51626,0,3,1,3.0,9.0
51627,0,3,0,6.0,6.0
51628,0,1,0,9.0,8.0
51629,0,1,1,8.0,26.0
51630,0,5,1,3.0,17.0
51631,0,1,0,7.0,6.0
51632,1,3,1,0.0,30.0
51633,0,1,0,2.0,29.0
51634,1,4,1,2.0,
51635,0,1,0,2.0,14.0
51636,0,5,1,2.0,16.0
51637,0,4,0,7.0,9.0
51638,0,4,0,2.0,11.0
51639,1,1,1,4.0,10.0
51640,0,1,1,2.0,
51641,0,4,0,8.0,32.0
51642,1,3,0,0.0,9.0
51643,0,4,0,9.0,22.0
51644,0,1,0,0.0,24.0
51645,0,4,0,2.0,8.0
51646,0,4,0,4.0,8.0
51647,0,3,0,0.0,16.0
51648,0,5,0,7.0,22.0
51649,0,1,0,7.0,13.0
51650,0,1,0,7.0,6.0
51651,0,4,0,8.0,30.0
51652,0,3,0,8.0,13.0
51653,0,4,0,,31.0
51654,0,3,1,2.0,6.0
51655,0,1,1,3.0,11.0
51656,0,5,0,0.0,8.0
51657,0,5,0,11.0,13.0
51658,0,1,1,2.0,8.0
51659,0,4,0,,11.0
51660,0,5,1,10.0,16.0
51661,0,1,0,7.0,
51662,0,3,1,7.0,6.0
51663,1,4,0,7.0,14.0
51664,0,4,1,2.0,
51665,0,4,1,9.0,14.0
51666,0,3,1,4.0,8.0
51667,0,1,0,7.0,13.0
51668,0,1,0,7.0,8.0
51669,1,1,1,2.0,8.0
51670,0,1,0,9.0,34.0
51671,0,3,0,9.0,13.0
51672,0,1,0,3.0,13.0
51673,1,3,1,0.0,9.0
51674,0,1,0,1.0,16.0
51675,0,3,0,1.0,11.0
51676,0,3,0,0.0,16.0
51677,0,4,1,4.0,6.0
51678,0,3,0,3.0,26.0
51679,0,5,0,0.0,13.0
51680,0,1,0,8.0,14.0
51681,0,1,1,2.0,6.0
51682,1,5,1,7.0,14.0
51683,0,1,0,2.0,15.0
51684,0,3,0,2.0,11.0
51685,0,4,0,7.0,14.0
51686,0,1,0,4.0,11.0
51687,0,1,1,,21.0
51688,0,1,1,10.0,13.0
51689,0,4,1,7.0,16.0
51690,0,4,0,13.0,11.0
51691,0,1,0,2.0,32.0
51692,0,4,1,2.0,12.0
51693,0,3,0,0.0,10.0
51694,0,1,0,0.0,29.0
51695,0,3,0,2.0,8.0
51696,0,3,1,0.0,8.0
51697,0,4,0,7.0,
51698,0,3,0,,35.0
51699,0,5,1,7.0,12.0
51700,0,3,1,2.0,31.0
51701,0,3,0,7.0,6.0
51702,0,1,0,0.0,8.0
51703,1,4,1,2.0,6.0
51704,0,1,0,0.0,6.0
51705,0,1,0,12.0,9.0
51706,0,3,0,2.0,6.0
51707,0,3,1,7.0,16.0
51708,0,1,0,2.0,
51709,1,3,1,0.0,11.0
51710,0,5,0,3.0,16.0
51711,0,3,0,0.0,13.0
51712,1,4,0,7.0,10.0
51713,0,1,0,3.0,16.0
51714,1,3,1,0.0,28.0
51715,0,4,1,2.0,
51716,1,4,0,0.0,18.0
51717,0,1,0,2.0,29.0
51718,0,4,0,0.0,15.0
51719,0,4,0,4.0,6.0
51720,0,1,0,7.0,15.0
51721,0,3,0,,13.0
51722,0,1,0,7.0,20.0
51723,0,3,0,2.0,
51724,1,1,1,4.0,25.0
51725,0,1,1,2.0,8.0
51726,0,3,1,3.0,16.0
51727,0,4,0,0.0,
51728,1,5,0,4.0,9.0
51729,0,4,0,2.0,17.0
51730,0,3,0,0.0,8.0
51731,1,1,1,0.0,10.0
51732,0,5,0,17.0,20.0
51733,0,4,0,3.0,8.0
51734,0,5,0,2.0,
51735,0,4,1,1.0,16.0
51736,0,4,0,9.0,18.0
51737,0,3,0,0.0,8.0
51738,0,5,0,2.0,11.0
51739,0,3,0,2.0,10.0
51740,0,5,0,12.0,13.0
51741,0,1,0,2.0,27.0
51742,0,3,1,2.0,14.0
51743,0,1,1,3.0,10.0
51744,0,3,1,7.0,31.0
51745,0,5,0,2.0,6.0
51746,0,3,1,6.0,6.0
51747,0,5,0,7.0,12.0
51748,0,3,0,4.0,18.0
51749,0,5,0,7.0,6.0
51750,0,5,0,8.0,23.0
51751,1,5,0,2.0,9.0
51752,0,3,1,4.0,9.0
51753,0,1,0,2.0,
51754,0,1,0,4.0,10.0
51755,0,3,0,2.0,35.0
51756,0,1,0,2.0,8.0
51757,0,5,0,10.0,13.0
51758,0,3,0,8.0,24.0
51759,0,1,0,4.0,34.0
51760,1,4,1,4.0,6.0
51761,1,3,0,0.0,
51762,0,1,1,0.0,8.0
51763,0,3,0,12.0,8.0
51764,0,1,0,2.0,29.0
51765,0,1,0,4.0,9.0
51766,0,3,0,,9.0
51767,1,4,0,1.0,
51768,1,1,0,0.0,
51769,0,5,0,8.0,28.0
51770,0,1,0,0.0,35.0
51771,0,3,0,7.0,35.0
51772,0,1,0,7.0,
51773,0,5,0,11.0,34.0
51774,0,1,0,4.0,8.0
51775,0,3,0,1.0,8.0
51776,0,3,0,3.0,28.0
51777,0,3,0,0.0,5.0
51778,0,3,0,7.0,8.0
51779,0,1,1,2.0,16.0
51780,0,4,0,8.0,15.0
51781,1,3,1,7.0,21.0
51782,1,1,0,3.0,16.0
51783,0,4,0,2.0,13.0
51784,0,3,1,0.0,22.0
51785,1,3,0,0.0,26.0
51786,1,5,1,2.0,29.0
51787,0,3,0,0.0,11.0
51788,0,1,0,7.0,16.0
51789,1,3,0,2.0,10.0
51790,0,1,0,7.0,8.0
51791,0,4,0,8.0,24.0
51792,0,1,0,10.0,16.0
51793,0,3,0,9.0,6.0
51794,0,3,0,13.0,12.0
51795,0,3,0,7.0,14.0
51796,0,1,1,5.0,8.0
51797,0,5,1,8.0,30.0
51798,0,4,0,7.0,8.0
51799,1,3,1,0.0,23.0
51800,0,1,0,2.0,25.0
51801,0,3,0,5.0,6.0
51802,0,1,0,,13.0
51803,1,4,1,0.0,11.0
51804,0,5,0,,34.0
51805,0,3,1,7.0,8.0
51806,0,3,0,0.0,35.0
51807,0,3,0,3.0,6.0
51808,0,1,0,7.0,27.0
51809,1,1,1,0.0,
51810,0,1,0,2.0,6.0
51811,0,3,0,2.0,24.0
51812,0,5,0,8.0,8.0
51813,0,4,0,7.0,15.0
51814,0,5,1,9.0,12.0
51815,1,3,0,2.0,17.0
51816,0,1,0,1.0,
51817,0,3,0,0.0,16.0
51818,0,4,0,3.0,6.0
51819,0,3,1,9.0,24.0
51820,0,1,1,4.0,29.0
51821,0,4,0,4.0,34.0
51822,0,4,0,0.0,23.0
51823,0,4,0,7.0,9.0
51824,0,3,0,6.0,19.0
51825,1,3,1,2.0,13.0
51826,1,5,0,0.0,18.0
51827,0,1,1,3.0,6.0
51828,1,5,0,2.0,19.0
51829,0,1,0,2.0,31.0
51830,0,1,0,7.0,12.0
51831,0,3,0,3.0,12.0
51832,0,3,1,0.0,8.0
51833,0,4,0,0.0,6.0
51834,0,1,0,2.0,8.0
51835,0,1,1,0.0,12.0
51836,0,5,0,0.0,
51837,0,3,1,7.0,15.0
51838,0,5,0,2.0,6.0
51839,0,3,0,2.0,6.0
51840,0,3,1,6.0,
51841,1,5,0,2.0,8.0
51842,0,3,0,2.0,28.0
51843,0,1,1,1.0,9.0
51844,0,3,0,2.0,12.0
51845,0,3,0,2.0,14.0
51846,0,1,1,5.0,15.0
51847,0,3,0,0.0,9.0
51848,0,5,0,10.0,6.0
51849,0,1,0,8.0,6.0
51850,1,5,0,0.0,32.0
51851,0,1,1,2.0,12.0
51852,0,3,0,8.0,9.0
51853,0,3,0,2.0,9.0
51854,0,1,0,8.0,12.0
51855,0,1,0,7.0,12.0
51856,0,4,0,1.0,25.0
51857,0,4,1,2.0,15.0
51858,0,1,0,1.0,9.0
51859,1,3,1,1.0,16.0
51860,1,5,1,7.0,9.0
51861,0,3,0,0.0,9.0
51862,0,5,0,2.0,10.0
51863,0,4,0,2.0,14.0
51864,0,1,0,5.0,13.0
51865,0,1,0,8.0,6.0
51866,0,4,0,2.0,8.0
51867,0,1,1,4.0,9.0
51868,0,1,0,0.0,16.0
51869,0,3,1,8.0,34.0
51870,0,4,0,7.0,15.0
51871,1,3,0,0.0,9.0
51872,0,3,0,10.0,8.0
51873,0,1,0,8.0,16.0
51874,1,3,1,3.0,14.0
51875,0,1,0,8.0,6.0
51876,0,5,0,7.0,6.0
51877,0,1,0,,9.0
51878,0,5,0,7.0,20.0
51879,0,5,1,12.0,11.0
51880,0,3,0,3.0,13.0
51881,0,1,0,6.0,16.0
51882,0,5,0,2.0,22.0
51883,0,5,0,7.0,16.0
51884,0,3,0,10.0,6.0
51885,0,4,0,2.0,14.0
51886,1,4,1,7.0,6.0
51887,0,5,0,,14.0
51888,0,3,1,0.0,6.0
51889,0,3,0,4.0,30.0
51890,0,3,1,13.0,9.0
51891,0,1,0,7.0,33.0
51892,0,3,0,0.0,
51893,1,3,1,2.0,25.0
51894,0,1,0,2.0,21.0
51895,0,3,0,3.0,14.0
51896,0,5,0,2.0,
51897,0,4,0,6.0,9.0
51898,0,1,0,,15.0
51899,0,1,1,3.0,
51900,0,5,0,7.0,13.0
51901,0,4,0,2.0,16.0
51902,0,1,0,2.0,
51903,0,5,0,0.0,8.0
51904,0,1,0,7.0,30.0
51905,0,3,1,1.0,8.0
51906,0,5,0,0.0,14.0
51907,0,5,0,16.0,9.0
51908,1,1,1,8.0,6.0
51909,0,1,0,4.0,32.0
51910,0,3,0,1.0,8.0
51911,0,3,0,2.0,16.0
51912,1,3,1,3.0,33.0
51913,0,1,0,4.0,8.0
51914,1,5,1,4.0,8.0
51915,0,5,0,9.0,14.0
51916,0,1,0,2.0,25.0
51917,0,1,0,0.0,6.0
51918,0,3,0,1.0,33.0
51919,1,5,0,2.0,14.0
51920,0,1,0,3.0,6.0
51921,0,5,1,4.0,25.0
51922,0,1,0,1.0,14.0
51923,0,5,1,3.0,16.0
51924,0,5,1,12.0,8.0
51925,0,5,0,3.0,8.0
51926,0,1,0,2.0,
51927,0,3,0,2.0,6.0
51928,0,4,0,7.0,8.0
51929,0,5,0,2.0,14.0
51930,0,1,0,9.0,14.0
51931,1,5,1,0.0,12.0
51932,0,4,0,0.0,15.0
51933,0,3,0,4.0,17.0
51934,0,3,0,3.0,8.0
51935,1,5,1,0.0,
51936,0,3,0,,13.0
51937,1,5,0,2.0,22.0
51938,0,1,1,0.0,8.0
51939,0,4,0,5.0,6.0
51940,0,3,0,7.0,29.0
51941,1,4,1,8.0,8.0
51942,0,3,0,2.0,
51943,0,1,1,2.0,6.0
51944,1,3,0,1.0,8.0
51945,0,4,0,4.0,19.0
51946,0,3,0,8.0,10.0
51947,0,3,0,0.0,22.0
51948,0,1,1,0.0,8.0
51949,0,3,0,0.0,8.0
51950,0,4,0,8.0,35.0
51951,0,5,0,2.0,18.0
51952,0,1,0,3.0,
51953,1,1,0,7.0,17.0
51954,1,1,0,3.0,8.0
51955,0,5,0,0.0,20.0
51956,0,1,1,,11.0
51957,0,3,0,6.0,13.0
51958,0,4,1,5.0,8.0
51959,0,1,0,2.0,9.0
51960,1,3,1,7.0,
51961,0,1,0,0.0,9.0
51962,0,3,0,17.0,32.0
51963,0,4,0,3.0,10.0
51964,0,5,0,1.0,8.0
51965,0,5,0,8.0,6.0
51966,0,5,0,1.0,
51967,0,1,1,11.0,6.0
51968,0,1,0,3.0,19.0
51969,0,1,0,3.0,11.0
51970,0,1,1,,13.0
51971,0,5,1,2.0,15.0
51972,0,3,0,3.0,14.0
51973,0,1,0,0.0,31.0
51974,0,3,0,0.0,22.0
51975,0,1,0,4.0,14.0
51976,0,1,0,2.0,6.0
51977,0,1,1,2.0,14.0
51978,0,1,1,2.0,
51979,0,5,0,3.0,
51980,0,5,1,3.0,9.0
51981,0,3,1,15.0,15.0
51982,1,4,1,8.0,31.0
51983,0,1,0,2.0,6.0
51984,0,5,0,3.0,10.0
51985,0,5,0,2.0,6.0
51986,0,1,0,4.0,10.0
51987,0,4,0,3.0,11.0
51988,0,4,0,2.0,15.0
51989,0,1,1,3.0,9.0
51990,0,1,1,2.0,
51991,1,3,1,2.0,6.0
51992,0,1,0,,14.0
51993,0,4,0,8.0,31.0
51994,0,1,0,0.0,27.0
51995,0,1,0,8.0,29.0
51996,0,1,0,2.0,6.0
51997,0,1,1,7.0,8.0
51998,0,4,1,9.0,25.0
51999,0,5,0,7.0,8.0
52000,0,1,0,4.0,8.0
52001,0,4,1,3.0,9.0
52002,1,1,1,1.0,31.0
52003,0,1,0,3.0,
52004,0,5,1,1.0,
52005,0,1,0,2.0,11.0
52006,1,1,1,0.0,
52007,0,4,0,0.0,14.0
52008,1,3,0,2.0,8.0
52009,1,1,0,0.0,24.0
52010,0,1,1,11.0,20.0
52011,0,1,1,2.0,8.0
52012,1,3,1,2.0,9.0
52013,1,1,1,0.0,8.0
52014,0,3,0,2.0,
52015,1,5,1,2.0,
52016,0,3,0,0.0,
52017,0,4,0,0.0,16.0
52018,0,3,0,3.0,20.0
52019,0,5,1,2.0,6.0
52020,0,4,1,4.0,11.0
52021,0,3,0,2.0,
52022,0,1,1,7.0,27.0
52023,0,4,0,7.0,14.0
52024,0,3,0,0.0,26.0
52025,0,3,0,0.0,26.0
52026,0,1,0,1.0,13.0
52027,0,5,0,11.0,6.0
52028,0,4,0,2.0,
52029,1,4,1,0.0,
52030,0,4,0,0.0,16.0
52031,0,5,0,7.0,6.0
52032,0,5,1,17.0,12.0
52033,0,3,0,9.0,
52034,1,4,1,0.0,27.0
52035,1,5,0,0.0,10.0
52036,0,1,1,5.0,18.0
52037,0,4,1,0.0,15.0
52038,0,5,0,3.0,9.0
52039,1,1,1,7.0,9.0
52040,0,1,0,4.0,6.0
52041,1,3,0,46.0,6.0
52042,0,4,0,8.0,10.0
52043,0,1,0,2.0,26.0
52044,0,3,0,0.0,24.0
52045,0,1,0,8.0,6.0
52046,1,3,0,0.0,
52047,0,3,0,2.0,8.0
52048,0,3,0,7.0,14.0
52049,0,1,1,3.0,16.0
52050,0,1,0,8.0,9.0
52051,0,3,0,7.0,8.0
52052,1,4,1,0.0,30.0
52053,0,3,1,7.0,22.0
52054,0,1,0,7.0,14.0
52055,1,5,1,2.0,
52056,0,3,0,0.0,23.0
52057,1,5,1,0.0,
52058,0,1,0,2.0,19.0
52059,0,1,0,2.0,6.0
52060,0,1,0,3.0,6.0
52061,0,4,1,2.0,6.0
52062,0,3,0,11.0,15.0
52063,0,4,0,2.0,22.0
52064,0,5,1,8.0,29.0
52065,0,1,1,7.0,10.0
52066,1,3,1,1.0,28.0
52067,0,3,1,5.0,30.0
52068,0,3,0,2.0,16.0
52069,0,3,0,7.0,13.0
52070,0,3,0,2.0,23.0
52071,1,4,1,2.0,20.0
52072,0,5,0,3.0,6.0
52073,0,1,0,0.0,11.0
52074,0,3,0,8.0,23.0
52075,0,3,1,1.0,31.0
52076,0,5,1,,14.0
52077,1,5,1,0.0,
52078,1,4,0,2.0,
52079,0,1,0,3.0,8.0
52080,0,5,0,1.0,
52081,0,3,0,2.0,12.0
52082,0,3,0,,10.0
52083,0,3,0,1.0,13.0
52084,0,1,0,,6.0
52085,0,1,0,2.0,8.0
52086,0,1,0,2.0,16.0
52087,0,3,0,0.0,11.0
52088,0,1,0,0.0,
52089,0,1,1,3.0,8.0
52090,1,4,0,0.0,17.0
52091,0,4,1,7.0,24.0
52092,0,3,0,10.0,13.0
52093,0,1,1,0.0,9.0
52094,1,5,0,2.0,35.0
52095,1,1,0,9.0,8.0
52096,0,1,1,11.0,34.0
52097,0,3,0,13.0,6.0
52098,1,5,0,14.0,22.0
52099,0,5,1,8.0,28.0
52100,0,1,0,2.0,
52101,0,1,0,1.0,17.0
52102,0,3,0,7.0,35.0
52103,0,1,0,9.0,6.0
52104,0,1,1,,6.0
52105,0,4,0,4.0,30.0
52106,0,4,0,12.0,8.0
52107,1,3,0,0.0,21.0
52108,1,5,1,2.0,8.0
52109,0,3,1,0.0,16.0
52110,0,4,0,0.0,16.0
52111,0,3,0,2.0,9.0
52112,0,3,1,7.0,8.0
52113,0,4,0,1.0,9.0
52114,0,5,0,5.0,32.0
52115,0,3,0,3.0,6.0
52116,0,1,0,2.0,6.0
52117,0,3,0,0.0,8.0
52118,0,3,0,3.0,15.0
52119,0,1,0,8.0,18.0
52120,0,5,0,2.0,8.0
52121,0,1,0,0.0,31.0
52122,1,1,1,2.0,
52123,1,5,0,0.0,16.0
52124,0,5,1,7.0,14.0
52125,1,3,1,7.0,
52126,1,5,0,9.0,30.0
52127,0,5,0,3.0,6.0
52128,0,5,0,2.0,26.0
52129,0,3,0,8.0,13.0
52130,0,3,0,9.0,23.0
52131,0,1,0,1.0,26.0
52132,0,3,0,2.0,14.0
52133,0,4,0,,8.0
52134,0,3,0,7.0,16.0
52135,1,5,0,6.0,6.0
52136,0,1,0,2.0,11.0
52137,1,5,1,7.0,10.0
52138,1,3,0,8.0,35.0
52139,0,3,0,2.0,21.0
52140,0,1,0,4.0,9.0
52141,0,1,1,0.0,16.0
52142,1,1,1,6.0,10.0
52143,1,3,0,0.0,
52144,1,4,1,2.0,31.0
52145,0,5,0,7.0,8.0
52146,1,4,0,0.0,
52147,1,3,1,0.0,6.0
52148,0,4,0,2.0,13.0
52149,0,1,0,0.0,9.0
52150,0,1,0,1.0,6.0
52151,0,3,0,12.0,15.0
52152,0,4,0,0.0,5.0
52153,0,3,1,7.0,16.0
52154,0,1,0,7.0,
52155,0,4,0,7.0,9.0
52156,0,3,0,9.0,9.0
52157,0,4,0,0.0,8.0
52158,0,5,0,1.0,33.0
52159,1,1,0,,8.0
52160,0,3,0,9.0,20.0
52161,0,4,1,2.0,6.0
52162,0,4,0,3.0,15.0
52163,0,1,0,9.0,24.0
52164,0,1,0,2.0,26.0
52165,0,4,0,4.0,8.0
52166,0,1,0,2.0,17.0
52167,0,4,0,,14.0
52168,0,3,0,2.0,8.0
52169,0,4,0,1.0,16.0
52170,0,1,0,0.0,35.0
52171,0,1,1,2.0,14.0
52172,0,3,0,0.0,6.0
52173,0,3,1,2.0,12.0
52174,1,3,0,0.0,14.0
52175,1,5,1,3.0,15.0
52176,0,1,1,0.0,18.0
52177,1,3,0,2.0,
52178,0,1,0,3.0,31.0
52179,0,3,0,2.0,
52180,0,3,0,3.0,15.0
52181,0,3,0,4.0,14.0
52182,1,5,0,10.0,29.0
52183,0,3,0,13.0,15.0
52184,1,5,1,14.0,18.0
52185,0,5,0,5.0,10.0
52186,0,3,0,7.0,6.0
52187,0,4,0,2.0,30.0
52188,1,1,1,0.0,
52189,0,1,0,7.0,9.0
52190,0,3,0,4.0,16.0
52191,0,1,1,0.0,32.0
52192,0,4,0,4.0,8.0
52193,0,5,0,9.0,7.0
52194,0,1,0,2.0,
52195,1,3,0,3.0,15.0
52196,0,5,0,0.0,8.0
52197,0,5,0,2.0,10.0
52198,0,1,0,8.0,12.0
52199,0,5,0,0.0,
52200,0,3,1,2.0,13.0
52201,0,1,0,11.0,7.0
52202,0,3,0,2.0,5.0
52203,1,3,1,2.0,16.0
52204,0,3,0,7.0,13.0
52205,0,1,1,3.0,21.0
52206,1,1,1,0.0,9.0
52207,0,5,0,9.0,8.0
52208,0,3,0,0.0,23.0
52209,0,3,0,4.0,8.0
52210,1,5,0,0.0,11.0
52211,0,5,0,3.0,35.0
52212,0,4,0,0.0,8.0
52213,0,5,0,2.0,8.0
52214,0,5,0,3.0,25.0
52215,0,4,0,3.0,21.0
52216,0,5,1,7.0,23.0
52217,1,4,0,0.0,23.0
52218,0,3,0,1.0,31.0
52219,0,3,0,7.0,12.0
52220,0,3,0,9.0,13.0
52221,0,1,0,17.0,35.0
52222,0,1,0,2.0,27.0
52223,0,1,0,4.0,8.0
52224,0,5,0,3.0,8.0
52225,0,1,1,9.0,13.0
52226,0,4,0,2.0,19.0
52227,0,3,1,7.0,8.0
52228,0,5,1,7.0,7.0
52229,0,1,0,10.0,15.0
52230,0,4,0,3.0,16.0
52231,0,1,0,1.0,16.0
52232,0,4,1,7.0,7.0
52233,0,5,1,0.0,32.0
52234,0,1,1,12.0,14.0
52235,0,5,1,8.0,20.0
52236,0,3,0,4.0,7.0
52237,0,1,0,7.0,8.0
52238,1,4,1,0.0,16.0
52239,0,1,0,2.0,7.0
52240,0,1,0,9.0,9.0
52241,0,5,1,1.0,17.0
52242,0,5,0,8.0,30.0
52243,0,1,0,5.0,9.0
52244,0,1,0,7.0,9.0
52245,0,3,0,0.0,10.0
52246,0,4,0,7.0,9.0
52247,0,4,0,0.0,
52248,0,3,0,3.0,
52249,0,1,1,0.0,13.0
52250,0,1,0,0.0,7.0
52251,0,1,0,7.0,7.0
52252,0,3,0,0.0,
52253,0,4,0,10.0,11.0
52254,0,3,1,8.0,16.0
52255,0,1,1,1.0,31.0
52256,0,3,0,1.0,7.0
52257,1,1,1,0.0,30.0
52258,0,1,1,2.0,10.0
52259,1,4,1,11.0,8.0
52260,0,4,1,0.0,14.0
52261,1,3,0,2.0,
52262,0,4,0,8.0,10.0
52263,0,5,1,2.0,8.0
52264,0,4,1,10.0,15.0
52265,0,1,0,4.0,24.0
52266,0,4,0,10.0,25.0
52267,0,3,1,2.0,7.0
52268,0,5,0,13.0,10.0
52269,0,4,0,8.0,17.0
52270,0,3,1,2.0,12.0
52271,0,4,1,0.0,
52272,0,1,0,17.0,10.0
52273,0,4,1,12.0,8.0
52274,1,1,0,5.0,21.0
52275,0,1,1,2.0,8.0
52276,0,3,0,7.0,12.0
52277,0,3,1,7.0,15.0
52278,1,3,1,7.0,13.0
52279,0,5,0,2.0,7.0
52280,0,4,0,1.0,7.0
52281,0,1,0,8.0,14.0
52282,0,4,0,0.0,31.0
52283,0,4,1,2.0,19.0
52284,0,3,0,2.0,
52285,1,3,0,1.0,13.0
52286,1,5,0,3.0,29.0
52287,0,1,0,7.0,12.0
52288,0,3,0,7.0,16.0
52289,0,5,0,7.0,7.0
52290,0,1,0,5.0,7.0
52291,0,5,1,2.0,34.0
52292,1,4,1,0.0,31.0
52293,1,4,1,7.0,11.0
52294,0,5,1,,23.0
52295,0,3,0,7.0,24.0
52296,0,3,1,6.0,8.0
52297,0,4,0,9.0,16.0
52298,1,4,1,2.0,7.0
52299,1,5,0,2.0,
52300,0,3,1,10.0,8.0
52301,0,3,0,11.0,8.0
52302,0,4,0,7.0,14.0
52303,0,3,0,0.0,22.0
52304,0,1,0,6.0,15.0
52305,0,1,0,8.0,8.0
52306,0,5,0,7.0,7.0
52307,0,3,1,1.0,10.0
52308,0,4,1,10.0,11.0
52309,0,5,0,7.0,8.0
52310,0,5,0,6.0,21.0
52311,0,1,0,2.0,25.0
52312,1,5,1,9.0,13.0
52313,0,4,0,3.0,
52314,0,5,0,13.0,13.0
52315,0,1,0,8.0,10.0
52316,0,1,0,0.0,
52317,0,4,0,3.0,17.0
52318,0,1,0,0.0,7.0
52319,0,1,0,0.0,7.0
52320,0,1,0,0.0,8.0
52321,1,3,1,8.0,19.0
52322,0,4,1,9.0,29.0
52323,0,3,0,0.0,32.0
52324,0,3,0,8.0,8.0
52325,0,3,0,7.0,35.0
52326,1,1,0,0.0,8.0
52327,1,3,1,2.0,24.0
52328,0,3,0,3.0,
52329,0,1,0,11.0,8.0
52330,0,5,0,4.0,32.0
52331,1,3,1,7.0,28.0
52332,0,1,1,4.0,27.0
52333,0,4,0,2.0,8.0
52334,0,1,1,3.0,28.0
52335,0,3,1,3.0,10.0
52336,0,1,0,2.0,11.0
52337,0,4,1,2.0,8.0
52338,0,3,0,,31.0
52339,0,3,0,2.0,24.0
52340,0,3,1,2.0,34.0
52341,0,3,1,8.0,12.0
52342,0,1,1,4.0,16.0
52343,1,3,1,7.0,
52344,0,1,0,1.0,8.0
52345,0,5,0,9.0,16.0
52346,0,5,0,4.0,14.0
52347,0,3,0,2.0,17.0
52348,0,1,0,2.0,24.0
52349,0,1,0,2.0,7.0
52350,0,5,0,7.0,13.0
52351,0,5,0,9.0,23.0
52352,1,5,0,3.0,34.0
52353,1,1,1,7.0,20.0
52354,0,1,0,7.0,7.0
52355,0,5,1,5.0,7.0
52356,0,1,0,0.0,7.0
52357,0,4,1,1.0,9.0
52358,1,3,0,0.0,7.0
52359,0,5,0,2.0,13.0
52360,0,4,0,0.0,14.0
52361,0,5,0,3.0,7.0
52362,1,4,0,0.0,14.0
52363,0,5,0,4.0,17.0
52364,0,1,0,8.0,10.0
52365,0,5,0,2.0,22.0
52366,0,1,0,2.0,7.0
52367,1,5,0,2.0,15.0
52368,0,3,0,3.0,11.0
52369,0,5,0,0.0,7.0
52370,0,3,0,6.0,8.0
52371,0,3,1,3.0,10.0
52372,0,1,0,3.0,13.0
52373,0,4,0,2.0,7.0
52374,0,3,1,3.0,11.0
52375,0,3,0,7.0,15.0
52376,0,1,0,9.0,14.0
52377,1,1,0,3.0,15.0
52378,1,5,1,0.0,8.0
52379,1,4,0,7.0,7.0
52380,0,5,1,7.0,26.0
52381,0,4,0,2.0,14.0
52382,1,1,1,2.0,8.0
52383,0,1,1,2.0,35.0
52384,0,5,0,2.0,13.0
52385,1,3,0,2.0,15.0
52386,0,4,0,8.0,14.0
52387,0,5,0,3.0,11.0
52388,0,3,0,3.0,11.0
52389,0,4,0,8.0,8.0
52390,0,3,0,2.0,11.0
52391,0,3,0,2.0,
52392,0,4,0,3.0,26.0
52393,0,5,0,3.0,13.0
52394,0,5,0,12.0,9.0
52395,0,3,0,2.0,22.0
52396,0,1,0,8.0,15.0
52397,0,3,0,0.0,7.0
52398,0,3,0,0.0,13.0
52399,0,3,0,8.0,7.0
52400,0,4,0,7.0,13.0
52401,0,5,0,9.0,21.0
52402,1,3,0,2.0,7.0
52403,1,4,0,0.0,19.0
52404,1,4,1,10.0,30.0
52405,0,3,0,0.0,
52406,1,5,1,0.0,15.0
52407,0,4,0,0.0,19.0
52408,0,3,1,2.0,8.0
52409,0,3,0,4.0,25.0
52410,0,3,0,3.0,7.0
52411,0,3,1,2.0,10.0
52412,0,4,0,2.0,10.0
52413,0,3,1,2.0,20.0
52414,1,5,0,0.0,
52415,0,3,0,0.0,7.0
52416,0,5,0,3.0,13.0
52417,0,5,0,2.0,9.0
52418,0,4,0,2.0,8.0
52419,0,4,0,7.0,35.0
52420,0,3,1,0.0,14.0
52421,0,1,0,,16.0
52422,0,1,0,12.0,17.0
52423,1,5,0,7.0,
52424,0,5,0,17.0,34.0
52425,0,4,0,2.0,12.0
52426,0,4,0,1.0,9.0
52427,0,4,0,3.0,22.0
52428,0,3,0,2.0,26.0
52429,1,5,0,0.0,15.0
52430,0,3,1,6.0,7.0
52431,1,3,0,7.0,9.0
52432,0,1,1,9.0,28.0
52433,0,3,1,7.0,13.0
52434,0,4,0,0.0,8.0
52435,0,1,0,7.0,19.0
52436,0,5,0,7.0,14.0
52437,0,4,0,2.0,31.0
52438,0,1,0,3.0,34.0
52439,0,1,1,9.0,8.0
52440,0,5,0,1.0,15.0
52441,0,3,1,7.0,34.0
52442,0,1,1,7.0,12.0
52443,0,5,0,0.0,27.0
52444,0,1,1,2.0,14.0
52445,0,4,0,7.0,7.0
52446,0,3,0,2.0,
52447,0,4,0,5.0,11.0
52448,0,1,1,2.0,
52449,0,3,0,7.0,22.0
52450,0,3,0,0.0,
52451,0,5,0,2.0,14.0
52452,1,5,0,7.0,7.0
52453,0,3,0,2.0,16.0
52454,0,5,0,2.0,
52455,0,4,0,3.0,35.0
52456,1,5,1,0.0,8.0
52457,1,1,0,9.0,8.0
52458,1,4,0,4.0,8.0
52459,0,5,0,2.0,7.0
52460,0,5,0,6.0,
52461,0,1,0,0.0,13.0
52462,0,1,0,13.0,32.0
52463,0,1,0,1.0,7.0
52464,0,1,0,0.0,9.0
52465,0,4,0,7.0,20.0
52466,0,4,0,2.0,22.0
52467,0,3,0,0.0,7.0
52468,0,5,1,5.0,9.0
52469,0,3,1,4.0,16.0
52470,0,3,0,6.0,12.0
52471,0,1,0,3.0,8.0
52472,0,3,1,0.0,15.0
52473,0,3,0,2.0,16.0
52474,0,5,1,2.0,12.0
52475,0,1,0,1.0,15.0
52476,0,3,0,8.0,34.0
52477,0,3,0,7.0,16.0
52478,0,5,0,2.0,20.0
52479,0,4,0,2.0,33.0
52480,0,1,0,1.0,13.0
52481,0,5,0,12.0,7.0
52482,1,4,1,0.0,
52483,0,3,1,3.0,32.0
52484,0,3,1,,26.0
52485,0,1,0,2.0,11.0
52486,0,1,1,10.0,13.0
52487,0,4,0,1.0,13.0
52488,0,5,1,4.0,11.0
52489,0,5,0,5.0,32.0
52490,0,5,0,3.0,8.0
52491,0,3,1,1.0,18.0
52492,0,1,0,2.0,16.0
52493,0,5,0,4.0,31.0
52494,0,5,0,7.0,16.0
52495,0,5,0,7.0,25.0
52496,0,5,0,10.0,24.0
52497,0,5,0,0.0,33.0
52498,0,1,0,2.0,11.0
52499,1,1,1,0.0,9.0
52500,0,3,0,0.0,32.0
52501,0,3,0,7.0,9.0
52502,0,3,0,12.0,21.0
52503,0,3,0,9.0,14.0
52504,0,3,0,2.0,25.0
52505,0,3,0,8.0,10.0
52506,0,1,0,9.0,8.0
52507,0,3,1,2.0,8.0
52508,1,5,0,0.0,16.0
52509,0,4,0,7.0,16.0
52510,0,1,1,3.0,22.0
52511,0,1,1,2.0,7.0
52512,0,1,0,2.0,10.0
52513,1,1,1,2.0,21.0
52514,0,1,1,3.0,8.0
52515,0,3,0,2.0,14.0
52516,0,1,0,2.0,
52517,1,5,1,3.0,13.0
52518,0,3,0,4.0,16.0
52519,0,5,0,2.0,11.0
52520,0,3,0,7.0,8.0
52521,0,4,0,0.0,18.0
52522,0,4,0,2.0,28.0
52523,0,5,0,11.0,23.0
52524,0,3,0,2.0,8.0
52525,0,4,0,9.0,9.0
52526,0,4,0,3.0,13.0
52527,0,3,1,12.0,12.0
52528,0,3,0,2.0,7.0
52529,0,5,0,4.0,9.0
52530,0,3,0,7.0,28.0
52531,0,3,0,11.0,21.0
52532,1,1,1,7.0,18.0
52533,0,1,0,9.0,7.0
52534,0,4,1,9.0,11.0
52535,0,1,0,4.0,8.0
52536,0,4,0,6.0,8.0
52537,0,1,0,2.0,11.0
52538,0,5,1,2.0,
52539,0,4,0,3.0,
52540,0,4,0,2.0,8.0
52541,0,3,0,0.0,7.0
52542,0,3,1,2.0,29.0
52543,0,5,0,2.0,15.0
52544,0,1,1,2.0,22.0
52545,0,3,0,2.0,32.0
52546,0,1,1,2.0,7.0
52547,1,3,1,2.0,14.0
52548,0,3,0,0.0,10.0
52549,0,1,0,2.0,30.0
52550,1,3,1,7.0,
52551,1,4,0,0.0,8.0
52552,0,1,0,7.0,
52553,0,4,0,2.0,28.0
52554,0,1,0,13.0,11.0
52555,0,1,0,0.0,7.0
52556,0,4,0,13.0,27.0
52557,0,1,0,3.0,7.0
52558,0,1,0,7.0,25.0
52559,1,1,1,2.0,13.0
52560,0,1,1,7.0,8.0
52561,0,1,1,4.0,8.0
52562,0,1,1,8.0,8.0
52563,0,3,0,4.0,15.0
52564,0,3,0,7.0,12.0
52565,0,3,0,2.0,15.0
52566,0,1,0,7.0,8.0
52567,0,3,0,4.0,7.0
52568,1,3,0,0.0,28.0
52569,1,3,0,,15.0
52570,0,3,0,2.0,23.0
52571,0,4,0,6.0,34.0
52572,0,3,0,3.0,16.0
52573,0,3,0,3.0,8.0
52574,0,4,0,2.0,10.0
52575,0,5,1,0.0,14.0
52576,0,5,0,2.0,35.0
52577,0,4,0,9.0,19.0
52578,0,3,0,7.0,33.0
52579,0,1,0,8.0,22.0
52580,0,4,0,0.0,8.0
52581,0,1,1,3.0,8.0
52582,1,5,1,2.0,19.0
52583,1,4,0,0.0,7.0
52584,0,4,0,2.0,10.0
52585,0,1,0,4.0,30.0
52586,0,1,1,8.0,7.0
52587,0,3,0,2.0,25.0
52588,0,4,0,8.0,13.0
52589,0,3,0,3.0,10.0
52590,0,5,0,7.0,8.0
52591,0,1,0,1.0,16.0
52592,1,1,0,2.0,14.0
52593,0,3,0,2.0,11.0
52594,0,1,0,4.0,14.0
52595,1,4,0,2.0,15.0
52596,0,3,1,2.0,7.0
52597,0,5,0,7.0,21.0
52598,0,1,1,2.0,8.0
52599,0,4,0,7.0,8.0
52600,0,1,0,4.0,17.0
52601,1,5,1,0.0,22.0
52602,0,4,0,5.0,
52603,1,3,0,0.0,22.0
52604,0,5,0,0.0,10.0
52605,0,3,0,7.0,22.0
52606,0,4,0,7.0,11.0
52607,0,1,1,0.0,24.0
52608,1,3,1,0.0,
52609,0,4,0,4.0,18.0
52610,0,5,0,0.0,8.0
52611,0,4,0,7.0,10.0
52612,0,5,0,4.0,15.0
52613,0,3,1,7.0,16.0
52614,0,3,1,,7.0
52615,0,1,0,8.0,8.0
52616,0,1,0,2.0,9.0
52617,1,4,0,0.0,13.0
52618,0,3,0,4.0,12.0
52619,1,5,1,0.0,
52620,0,1,0,7.0,35.0
52621,0,3,0,,9.0
52622,0,4,0,3.0,15.0
52623,0,1,1,2.0,8.0
52624,0,5,1,7.0,16.0
52625,1,4,1,3.0,
52626,0,4,0,7.0,14.0
52627,1,1,1,7.0,33.0
52628,0,5,0,6.0,14.0
52629,0,1,0,3.0,7.0
52630,0,3,0,2.0,16.0
52631,0,4,0,2.0,32.0
52632,0,5,0,2.0,8.0
52633,0,5,0,0.0,19.0
52634,0,1,0,7.0,8.0
52635,0,4,0,8.0,
52636,1,5,0,7.0,15.0
52637,1,5,0,8.0,16.0
52638,0,1,0,2.0,26.0
52639,0,3,0,2.0,
52640,0,4,0,2.0,11.0
52641,0,3,1,5.0,10.0
52642,0,3,0,2.0,16.0
52643,1,4,1,4.0,26.0
52644,1,4,0,7.0,27.0
52645,0,1,0,3.0,7.0
52646,0,3,0,8.0,14.0
52647,0,4,0,14.0,8.0
52648,0,3,0,3.0,29.0
52649,0,4,1,10.0,10.0
52650,0,5,0,7.0,18.0
52651,0,1,0,7.0,13.0
52652,0,5,0,2.0,13.0
52653,0,5,0,2.0,7.0
52654,0,1,1,3.0,8.0
52655,0,1,0,2.0,16.0
52656,0,3,1,2.0,21.0
52657,0,3,0,0.0,20.0
52658,1,5,0,0.0,24.0
52659,1,5,1,0.0,
52660,0,3,0,7.0,8.0
52661,0,4,1,0.0,8.0
52662,0,1,0,7.0,8.0
52663,0,1,1,2.0,
52664,0,1,0,10.0,26.0
52665,0,1,0,0.0,16.0
52666,0,3,0,3.0,16.0
52667,0,3,0,0.0,15.0
52668,0,1,0,7.0,8.0
52669,0,1,0,2.0,7.0
52670,0,3,0,6.0,35.0
52671,0,3,0,0.0,14.0
52672,1,4,1,2.0,8.0
52673,0,5,0,8.0,9.0
52674,0,3,0,8.0,29.0
52675,0,4,0,0.0,12.0
52676,0,3,0,14.0,12.0
52677,0,4,0,9.0,16.0
52678,1,1,1,0.0,
52679,1,4,0,7.0,16.0
52680,0,5,0,3.0,21.0
52681,0,1,0,2.0,25.0
52682,0,1,0,4.0,8.0
52683,0,4,0,0.0,9.0
52684,1,1,0,0.0,15.0
52685,1,4,1,0.0,
52686,0,3,1,7.0,16.0
52687,0,3,0,2.0,26.0
52688,0,1,1,0.0,10.0
52689,0,5,0,2.0,13.0
52690,0,5,1,4.0,13.0
52691,0,4,1,2.0,22.0
52692,0,1,0,8.0,31.0
52693,0,1,0,8.0,8.0
52694,0,5,0,16.0,7.0
52695,0,3,1,0.0,7.0
52696,0,3,0,7.0,8.0
52697,0,1,0,7.0,28.0
52698,0,5,0,2.0,7.0
52699,1,5,1,0.0,22.0
52700,1,1,0,0.0,
52701,0,4,0,3.0,23.0
52702,0,4,0,4.0,14.0
52703,0,5,0,7.0,12.0
52704,0,1,1,4.0,16.0
52705,0,1,1,1.0,9.0
52706,0,3,0,2.0,10.0
52707,0,1,0,7.0,
52708,0,3,0,3.0,7.0
52709,0,3,0,9.0,16.0
52710,0,1,1,7.0,7.0
52711,1,5,0,0.0,30.0
52712,0,3,0,2.0,27.0
52713,0,4,0,2.0,8.0
52714,0,1,1,11.0,28.0
52715,1,3,1,2.0,19.0
52716,0,4,0,7.0,20.0
52717,0,5,0,0.0,17.0
52718,0,5,0,9.0,15.0
52719,0,4,1,7.0,14.0
52720,0,1,1,0.0,27.0
52721,1,3,1,3.0,
52722,0,1,0,3.0,15.0
52723,0,1,0,3.0,8.0
52724,0,1,1,0.0,18.0
52725,1,4,0,0.0,28.0
52726,0,5,0,4.0,24.0
52727,0,3,0,4.0,22.0
52728,0,5,1,3.0,9.0
52729,0,4,0,2.0,15.0
52730,0,1,0,1.0,7.0
52731,0,3,0,1.0,19.0
52732,0,5,0,6.0,7.0
52733,0,5,0,2.0,7.0
52734,0,1,0,2.0,21.0
52735,0,5,0,7.0,7.0
52736,1,1,0,3.0,
52737,0,5,0,0.0,7.0
52738,0,1,1,9.0,13.0
52739,0,1,0,7.0,15.0
52740,0,1,0,0.0,11.0
52741,1,1,1,8.0,32.0
52742,1,5,1,2.0,30.0
52743,0,3,0,3.0,15.0
52744,0,3,0,8.0,13.0
52745,0,3,0,9.0,17.0
52746,0,4,1,2.0,7.0
52747,0,4,1,4.0,32.0
52748,0,1,1,0.0,8.0
52749,0,5,0,10.0,21.0
52750,0,3,0,7.0,29.0
52751,0,3,0,,16.0
52752,0,5,1,4.0,16.0
52753,0,3,0,2.0,7.0
52754,0,1,0,4.0,
52755,0,3,0,4.0,17.0
52756,0,4,0,10.0,8.0
52757,0,4,0,2.0,8.0
52758,0,4,0,7.0,7.0
52759,0,3,1,2.0,8.0
52760,0,3,0,11.0,31.0
52761,0,3,0,0.0,7.0
52762,0,4,0,8.0,7.0
52763,0,3,0,2.0,8.0
52764,0,3,0,7.0,12.0
52765,0,5,1,2.0,24.0
52766,0,1,0,0.0,7.0
52767,0,4,0,,7.0
52768,0,3,1,2.0,17.0
52769,0,3,0,2.0,7.0
52770,0,3,0,8.0,15.0
52771,0,1,1,1.0,21.0
52772,0,4,0,1.0,35.0
52773,0,1,0,0.0,
52774,0,4,0,2.0,7.0
52775,0,1,0,7.0,30.0
52776,0,3,0,11.0,16.0
52777,0,1,0,7.0,7.0
52778,0,1,1,8.0,16.0
52779,0,3,1,4.0,14.0
52780,0,1,0,0.0,35.0
52781,0,1,1,2.0,
52782,0,5,1,2.0,
52783,0,1,0,3.0,15.0
52784,1,5,0,0.0,15.0
52785,0,1,0,4.0,9.0
52786,0,4,0,2.0,10.0
52787,0,3,0,9.0,7.0
52788,1,1,1,2.0,7.0
52789,0,3,0,14.0,8.0
52790,1,3,0,8.0,
52791,0,4,0,10.0,34.0
52792,0,3,0,7.0,34.0
52793,0,1,0,11.0,21.0
52794,0,4,0,4.0,9.0
52795,0,5,0,2.0,
52796,0,1,1,7.0,32.0
52797,0,1,0,9.0,16.0
52798,1,3,0,1.0,7.0
52799,0,1,0,0.0,17.0
52800,0,3,0,1.0,26.0
52801,0,3,0,2.0,8.0
52802,0,3,1,2.0,24.0
52803,0,3,0,2.0,8.0
52804,0,1,0,1.0,7.0
52805,0,4,1,3.0,19.0
52806,0,5,0,4.0,34.0
52807,1,5,1,0.0,34.0
52808,0,1,0,,30.0
52809,0,5,0,7.0,11.0
52810,0,3,0,0.0,11.0
52811,0,1,0,3.0,
52812,0,5,0,7.0,12.0
52813,0,4,1,3.0,10.0
52814,0,4,0,8.0,8.0
52815,0,3,0,2.0,14.0
52816,1,2,1,6.0,7.0
52817,1,3,1,1.0,9.0
52818,1,3,1,4.0,31.0
52819,1,5,0,4.0,16.0
52820,1,5,0,4.0,13.0
52821,1,5,1,8.0,23.0
52822,1,2,0,1.0,12.0
52823,1,2,1,1.0,7.0
52824,1,3,1,3.0,10.0
52825,1,3,0,2.0,32.0
52826,1,3,0,9.0,19.0
52827,1,3,1,1.0,7.0
52828,1,3,1,3.0,12.0
52829,1,3,1,1.0,16.0
52830,1,2,0,,16.0
52831,1,5,1,3.0,13.0
52832,1,2,1,1.0,13.0
52833,1,3,1,4.0,12.0
52834,1,3,1,7.0,14.0
52835,1,4,1,4.0,21.0
52836,1,3,1,8.0,13.0
52837,1,2,0,,30.0
52838,1,3,1,1.0,29.0
52839,1,3,1,3.0,27.0
52840,1,2,0,4.0,15.0
52841,1,5,0,5.0,16.0
52842,0,4,0,7.0,7.0
52843,0,3,1,6.0,13.0
52844,0,4,0,16.0,16.0
52845,0,2,0,,15.0
52846,0,3,0,10.0,7.0
52847,0,3,0,1.0,14.0
52848,0,4,1,1.0,16.0
52849,0,2,0,12.0,11.0
52850,0,3,0,3.0,9.0
52851,0,2,0,3.0,26.0
52852,0,4,0,3.0,16.0
52853,0,2,0,3.0,28.0
52854,0,2,1,,31.0
52855,0,3,1,2.0,10.0
52856,0,4,0,5.0,18.0
52857,0,3,0,9.0,21.0
52858,0,2,0,,12.0
52859,0,2,0,,7.0
52860,0,3,0,5.0,13.0
52861,0,4,1,2.0,24.0
52862,1,5,0,1.0,7.0
52863,0,4,0,3.0,10.0
52864,0,5,0,11.0,16.0
52865,0,5,1,4.0,11.0
52866,0,5,1,3.0,15.0
52867,0,2,0,3.0,9.0
52868,1,2,0,1.0,9.0
52869,0,5,0,,7.0
52870,0,2,0,2.0,16.0
52871,0,2,1,3.0,19.0
52872,0,4,0,3.0,34.0
52873,1,4,1,3.0,27.0
52874,0,3,0,3.0,7.0
52875,0,5,0,4.0,20.0
52876,0,4,0,7.0,21.0
52877,0,3,0,10.0,11.0
52878,0,4,0,16.0,21.0
52879,0,3,0,,9.0
52880,0,4,0,1.0,10.0
52881,0,3,0,10.0,7.0
52882,0,4,0,4.0,16.0
52883,1,3,1,2.0,30.0
52884,0,2,0,3.0,14.0
52885,0,2,0,9.0,9.0
52886,0,5,1,8.0,28.0
52887,0,4,0,3.0,9.0
52888,0,3,0,3.0,28.0
52889,0,3,0,1.0,9.0
52890,0,2,0,8.0,36.0
52891,0,5,0,1.0,7.0
52892,0,2,1,8.0,25.0
52893,0,3,1,1.0,17.0
52894,0,2,1,8.0,26.0
52895,1,5,1,1.0,36.0
52896,1,2,0,10.0,34.0
52897,0,4,1,3.0,12.0
52898,0,2,0,8.0,25.0
52899,0,2,0,3.0,16.0
52900,0,5,0,,7.0
52901,1,2,0,,11.0
52902,0,3,0,,7.0
52903,0,3,0,,27.0
52904,0,4,0,8.0,15.0
52905,1,5,1,5.0,10.0
52906,0,2,1,1.0,13.0
52907,1,5,0,2.0,33.0
52908,1,3,0,6.0,7.0
52909,0,2,0,,13.0
52910,0,5,0,6.0,10.0
52911,0,4,0,8.0,12.0
52912,0,4,0,2.0,11.0
52913,0,2,1,8.0,18.0
52914,0,3,0,,10.0
52915,0,3,0,5.0,7.0
52916,0,2,0,1.0,10.0
52917,0,2,0,9.0,11.0
52918,0,2,0,2.0,7.0
52919,0,3,0,,7.0
52920,1,2,1,2.0,25.0
52921,0,2,0,3.0,9.0
52922,0,2,0,16.0,11.0
52923,0,3,0,3.0,13.0
52924,0,2,0,7.0,7.0
52925,1,2,1,5.0,21.0
52926,0,2,1,10.0,23.0
52927,1,5,0,8.0,9.0
52928,0,3,1,13.0,9.0
52929,0,4,0,3.0,11.0
52930,1,3,1,3.0,7.0
52931,0,3,0,3.0,7.0
52932,0,2,0,3.0,33.0
52933,0,5,0,1.0,26.0
52934,0,2,0,8.0,31.0
52935,0,2,0,8.0,7.0
52936,0,3,0,3.0,10.0
52937,0,2,0,3.0,12.0
52938,0,5,0,10.0,9.0
52939,0,5,0,3.0,7.0
52940,0,3,0,3.0,14.0
52941,1,3,0,,17.0
52942,0,3,0,9.0,9.0
52943,0,2,0,6.0,22.0
52944,0,5,1,3.0,24.0
52945,0,2,0,3.0,27.0
52946,0,3,0,3.0,7.0
52947,0,5,1,9.0,9.0
52948,0,3,0,10.0,9.0
52949,0,2,0,1.0,7.0
52950,1,4,0,5.0,36.0
52951,0,4,0,4.0,14.0
52952,0,2,0,6.0,9.0
52953,0,5,0,5.0,9.0
52954,0,4,1,8.0,9.0
52955,1,3,0,1.0,9.0
52956,0,4,0,1.0,9.0
52957,0,2,0,9.0,30.0
52958,0,5,0,6.0,12.0
52959,0,2,1,11.0,27.0
52960,0,2,0,12.0,13.0
52961,0,5,1,14.0,7.0
52962,1,4,1,10.0,36.0
52963,0,2,0,5.0,16.0
52964,0,2,0,2.0,13.0
52965,0,3,0,1.0,10.0
52966,0,2,1,3.0,7.0
52967,0,4,0,3.0,29.0
52968,0,5,1,8.0,14.0
52969,0,4,0,5.0,7.0
52970,0,4,0,7.0,11.0
52971,0,3,1,4.0,10.0
52972,0,3,0,7.0,7.0
52973,0,2,0,10.0,9.0
52974,0,2,1,9.0,27.0
52975,0,5,1,4.0,18.0
52976,0,2,0,8.0,7.0
52977,1,3,1,1.0,31.0
52978,0,2,0,3.0,30.0
52979,1,4,1,3.0,23.0
52980,0,2,0,3.0,15.0
52981,0,5,1,3.0,17.0
52982,0,4,0,8.0,10.0
52983,0,4,0,3.0,12.0
52984,1,2,1,5.0,11.0
52985,0,2,1,3.0,16.0
52986,0,4,0,9.0,33.0
52987,1,3,0,1.0,10.0
52988,0,4,0,10.0,23.0
52989,0,2,0,1.0,25.0
52990,0,4,0,3.0,9.0
52991,0,4,0,5.0,9.0
52992,0,3,0,1.0,17.0
52993,0,5,0,8.0,23.0
52994,0,2,0,8.0,14.0
52995,0,2,0,,7.0
52996,0,4,0,9.0,31.0
52997,0,3,0,9.0,14.0
52998,0,4,0,2.0,32.0
52999,0,3,1,3.0,7.0
53000,0,2,1,4.0,12.0
53001,0,5,0,1.0,9.0
53002,0,5,0,12.0,14.0
53003,0,2,1,3.0,9.0
53004,0,4,0,9.0,12.0
53005,0,5,1,11.0,17.0
53006,0,2,0,8.0,17.0
53007,0,3,1,8.0,7.0
53008,1,4,0,8.0,15.0
53009,0,4,1,3.0,12.0
53010,0,4,1,10.0,15.0
53011,0,3,1,5.0,9.0
53012,0,2,0,8.0,14.0
53013,0,2,0,8.0,9.0
53014,1,2,1,3.0,9.0
53015,0,2,0,10.0,35.0
53016,0,3,0,,14.0
53017,0,2,0,4.0,6.0
53018,1,3,1,1.0,10.0
53019,0,2,0,2.0,17.0
53020,0,3,0,2.0,12.0
53021,0,3,0,1.0,17.0
53022,0,4,1,5.0,7.0
53023,0,3,0,4.0,27.0
53024,0,5,0,,14.0
53025,0,2,0,9.0,15.0
53026,0,2,1,3.0,7.0
53027,1,5,1,8.0,15.0
53028,0,2,0,3.0,16.0
53029,0,3,0,3.0,12.0
53030,0,4,0,8.0,15.0
53031,0,2,0,5.0,12.0
53032,0,2,1,10.0,22.0
53033,0,2,1,11.0,14.0
53034,0,4,1,8.0,17.0
53035,0,4,0,14.0,12.0
53036,0,2,0,3.0,33.0
53037,0,4,1,3.0,13.0
53038,0,3,0,1.0,11.0
53039,0,2,0,1.0,30.0
53040,0,3,0,3.0,9.0
53041,0,3,1,1.0,9.0
53042,0,4,0,8.0,9.0
53043,0,3,0,1.0,36.0
53044,0,5,1,8.0,13.0
53045,0,3,1,3.0,32.0
53046,0,3,0,8.0,7.0
53047,0,2,0,1.0,9.0
53048,1,4,1,3.0,7.0
53049,0,2,0,1.0,7.0
53050,0,2,0,,10.0
53051,0,3,0,3.0,7.0
53052,0,3,1,8.0,17.0
53053,0,2,0,3.0,16.0
53054,1,3,1,1.0,12.0
53055,0,5,0,4.0,17.0
53056,0,3,0,1.0,14.0
53057,1,4,0,,11.0
53058,0,2,0,,17.0
53059,1,3,1,1.0,29.0
53060,0,4,1,3.0,16.0
53061,1,4,0,1.0,19.0
53062,0,2,0,3.0,30.0
53063,0,4,0,1.0,16.0
53064,0,4,0,5.0,7.0
53065,0,2,0,8.0,16.0
53066,0,3,0,1.0,14.0
53067,0,2,0,8.0,21.0
53068,0,3,0,3.0,9.0
53069,1,2,1,5.0,26.0
53070,0,2,1,3.0,9.0
53071,0,3,1,4.0,17.0
53072,0,4,0,1.0,9.0
53073,1,5,0,5.0,10.0
53074,0,4,0,3.0,18.0
53075,0,3,0,1.0,9.0
53076,1,2,1,1.0,11.0
53077,0,5,0,18.0,21.0
53078,0,4,0,4.0,9.0
53079,0,5,0,3.0,7.0
53080,0,4,1,2.0,17.0
53081,0,4,0,10.0,19.0
53082,0,3,0,1.0,9.0
53083,0,5,0,3.0,12.0
53084,0,3,0,3.0,11.0
53085,0,5,0,13.0,14.0
53086,0,2,0,3.0,28.0
53087,0,3,1,3.0,15.0
53088,0,2,1,4.0,11.0
53089,0,3,1,8.0,32.0
53090,0,5,0,3.0,7.0
53091,0,3,1,7.0,7.0
53092,0,5,0,8.0,13.0
53093,0,3,0,5.0,19.0
53094,0,5,0,8.0,7.0
53095,0,5,0,9.0,24.0
53096,1,5,0,3.0,10.0
53097,0,3,1,5.0,10.0
53098,0,2,0,3.0,17.0
53099,0,2,0,5.0,11.0
53100,0,3,0,3.0,36.0
53101,0,2,0,3.0,9.0
53102,0,5,0,11.0,14.0
53103,0,3,0,9.0,25.0
53104,0,2,0,5.0,35.0
53105,1,4,1,5.0,7.0
53106,1,3,0,1.0,13.0
53107,0,2,1,1.0,9.0
53108,0,3,0,13.0,9.0
53109,0,2,0,3.0,30.0
53110,0,2,0,5.0,10.0
53111,0,3,0,8.0,10.0
53112,1,4,0,2.0,32.0
53113,1,2,0,1.0,9.0
53114,0,5,0,9.0,29.0
53115,0,2,0,1.0,36.0
53116,0,3,0,8.0,36.0
53117,0,2,0,8.0,9.0
53118,0,5,0,,35.0
53119,0,2,0,5.0,9.0
53120,0,3,0,2.0,9.0
53121,0,3,0,4.0,29.0
53122,0,3,0,1.0,15.0
53123,0,3,0,8.0,9.0
53124,0,2,1,,17.0
53125,0,4,0,9.0,16.0
53126,1,3,1,8.0,22.0
53127,1,2,0,4.0,17.0
53128,0,4,0,3.0,14.0
53129,0,3,1,1.0,23.0
53130,1,3,0,,27.0
53131,1,5,1,,30.0
53132,0,3,0,1.0,12.0
53133,0,2,0,,17.0
53134,1,3,0,3.0,11.0
53135,0,2,0,8.0,9.0
53136,0,4,0,8.0,25.0
53137,0,2,0,11.0,17.0
53138,0,3,0,10.0,7.0
53139,0,3,0,14.0,13.0
53140,0,3,0,8.0,15.0
53141,0,2,1,6.0,9.0
53142,0,5,1,9.0,31.0
53143,0,4,0,8.0,9.0
53144,1,3,1,1.0,24.0
53145,0,2,0,3.0,26.0
53146,0,3,0,6.0,7.0
53147,0,2,0,2.0,14.0
53148,1,4,1,1.0,12.0
53149,0,5,0,2.0,35.0
53150,0,3,1,8.0,9.0
53151,0,3,0,1.0,36.0
53152,0,3,0,4.0,7.0
53153,0,2,0,8.0,28.0
53154,1,2,1,1.0,31.0
53155,0,2,0,3.0,7.0
53156,0,3,0,,25.0
53157,0,5,0,9.0,9.0
53158,0,4,0,,16.0
53159,0,5,1,10.0,13.0
53160,1,3,0,3.0,18.0
53161,0,2,0,2.0,31.0
53162,0,3,0,,17.0
53163,0,4,0,4.0,7.0
53164,0,3,1,10.0,25.0
53165,0,2,1,5.0,30.0
53166,0,4,0,5.0,35.0
53167,0,4,0,1.0,24.0
53168,0,4,0,8.0,10.0
53169,0,3,0,7.0,20.0
53170,1,3,1,3.0,14.0
53171,1,5,0,1.0,19.0
53172,0,2,1,4.0,7.0
53173,1,5,0,3.0,20.0
53174,0,2,0,3.0,32.0
53175,0,2,0,8.0,13.0
53176,0,3,0,4.0,13.0
53177,0,3,1,,9.0
53178,0,4,0,1.0,7.0
53179,0,2,0,3.0,9.0
53180,0,2,1,1.0,13.0
53181,0,5,0,1.0,7.0
53182,0,3,1,8.0,16.0
53183,0,5,0,3.0,7.0
53184,0,3,0,3.0,7.0
53185,0,3,1,7.0,21.0
53186,1,5,0,3.0,9.0
53187,0,3,0,3.0,29.0
53188,0,2,1,2.0,10.0
53189,0,3,0,3.0,13.0
53190,0,3,0,3.0,15.0
53191,0,2,1,6.0,16.0
53192,0,3,0,1.0,10.0
53193,0,5,0,11.0,7.0
53194,0,2,0,9.0,7.0
53195,1,5,0,1.0,33.0
53196,0,2,1,3.0,13.0
53197,0,3,0,,10.0
53198,0,3,0,3.0,10.0
53199,0,2,0,9.0,13.0
53200,0,2,0,8.0,13.0
53201,0,4,0,2.0,26.0
53202,0,4,1,,16.0
53203,0,2,0,2.0,10.0
53204,1,3,1,2.0,17.0
53205,1,5,1,8.0,10.0
53206,0,3,0,1.0,10.0
53207,0,5,0,3.0,11.0
53208,0,4,0,3.0,15.0
53209,0,2,0,6.0,14.0
53210,0,2,0,9.0,7.0
53211,0,4,0,3.0,9.0
53212,0,2,1,5.0,10.0
53213,0,2,0,1.0,17.0
53214,0,3,1,9.0,35.0
53215,0,4,0,,16.0
53216,1,3,0,1.0,10.0
53217,0,3,0,11.0,9.0
53218,0,2,0,9.0,17.0
53219,1,3,1,4.0,15.0
53220,0,2,0,9.0,7.0
53221,0,5,0,8.0,7.0
53222,0,2,0,8.0,10.0
53223,0,5,0,8.0,21.0
53224,0,5,1,,12.0
53225,0,3,0,4.0,14.0
53226,0,2,0,7.0,17.0
53227,0,5,0,3.0,23.0
53228,0,5,0,,17.0
53229,0,3,0,11.0,7.0
53230,0,4,0,3.0,15.0
53231,1,4,1,8.0,7.0
53232,0,5,0,6.0,15.0
53233,0,3,1,1.0,7.0
53234,0,3,0,5.0,31.0
53235,0,3,1,14.0,10.0
53236,0,2,0,8.0,34.0
53237,0,3,0,1.0,17.0
53238,1,3,1,3.0,26.0
53239,0,2,0,3.0,22.0
53240,0,3,0,4.0,15.0
53241,0,5,0,3.0,16.0
53242,0,4,0,7.0,10.0
53243,0,2,0,2.0,16.0
53244,0,2,1,4.0,9.0
53245,0,5,0,8.0,14.0
53246,0,4,0,3.0,17.0
53247,0,2,0,3.0,13.0
53248,0,5,0,1.0,9.0
53249,0,2,0,8.0,31.0
53250,0,3,1,2.0,9.0
53251,0,5,0,1.0,15.0
53252,0,5,0,17.0,10.0
53253,1,2,1,9.0,7.0
53254,0,2,0,5.0,33.0
53255,0,3,0,2.0,9.0
53256,0,3,0,3.0,17.0
53257,1,3,1,4.0,34.0
53258,0,2,0,5.0,9.0
53259,1,5,1,5.0,9.0
53260,0,5,0,10.0,15.0
53261,0,2,0,3.0,26.0
53262,0,2,0,1.0,7.0
53263,0,3,0,2.0,34.0
53264,1,5,0,3.0,15.0
53265,0,2,0,4.0,7.0
53266,0,5,1,5.0,26.0
53267,0,2,0,2.0,6.0
53268,0,5,1,4.0,17.0
53269,0,5,1,13.0,9.0
53270,0,5,0,4.0,9.0
53271,0,2,0,3.0,15.0
53272,0,3,0,3.0,7.0
53273,0,4,0,8.0,9.0
53274,0,5,0,3.0,15.0
53275,0,2,0,10.0,15.0
53276,1,5,1,1.0,13.0
53277,0,4,0,1.0,16.0
53278,0,3,0,5.0,18.0
53279,0,3,0,4.0,9.0
53280,1,5,1,1.0,7.0
53281,0,3,0,8.0,14.0
53282,1,5,0,3.0,23.0
53283,0,2,1,1.0,9.0
53284,0,4,0,6.0,7.0
53285,0,3,0,8.0,30.0
53286,1,4,1,9.0,9.0
53287,0,3,0,3.0,7.0
53288,0,2,1,3.0,7.0
53289,1,3,0,2.0,9.0
53290,0,4,0,5.0,20.0
53291,0,3,0,9.0,11.0
53292,0,3,0,1.0,23.0
53293,0,2,1,1.0,9.0
53294,0,3,0,1.0,9.0
53295,0,4,0,9.0,36.0
53296,0,5,0,3.0,19.0
53297,0,2,0,4.0,23.0
53298,1,2,0,8.0,18.0
53299,1,2,0,4.0,9.0
53300,0,5,0,1.0,21.0
53301,0,2,1,9.0,12.0
53302,0,3,0,,14.0
53303,0,4,1,6.0,9.0
53304,0,2,0,3.0,10.0
53305,1,3,1,8.0,12.0
53306,0,2,0,1.0,10.0
53307,0,3,0,18.0,33.0
53308,0,4,0,4.0,11.0
53309,0,5,0,2.0,9.0
53310,0,5,0,9.0,7.0
53311,0,5,0,2.0,34.0
53312,0,2,1,12.0,7.0
53313,0,2,0,4.0,20.0
53314,0,2,0,4.0,12.0
53315,0,2,1,5.0,14.0
53316,0,5,1,3.0,16.0
53317,0,3,0,4.0,15.0
53318,0,2,0,1.0,32.0
53319,0,3,0,1.0,23.0
53320,0,2,0,5.0,15.0
53321,0,2,0,3.0,7.0
53322,0,2,1,3.0,15.0
53323,0,2,1,3.0,9.0
53324,0,5,0,4.0,15.0
53325,0,5,1,4.0,10.0
53326,0,3,1,16.0,16.0
53327,1,4,1,9.0,32.0
53328,0,2,0,3.0,7.0
53329,0,5,0,4.0,11.0
53330,0,5,0,3.0,7.0
53331,0,2,0,5.0,11.0
53332,0,4,0,4.0,12.0
53333,0,4,0,3.0,16.0
53334,0,2,1,4.0,10.0
53335,0,2,1,3.0,18.0
53336,1,3,1,3.0,7.0
53337,0,2,0,3.0,15.0
53338,0,4,0,9.0,32.0
53339,0,2,0,1.0,28.0
53340,0,2,0,9.0,30.0
53341,0,2,0,3.0,7.0
53342,0,2,1,8.0,9.0
53343,0,4,1,10.0,26.0
53344,0,5,0,8.0,9.0
53345,0,2,0,5.0,9.0
53346,0,4,1,4.0,10.0
53347,1,2,1,2.0,32.0
53348,0,2,0,4.0,14.0
53349,0,5,1,2.0,16.0
53350,0,2,0,3.0,12.0
53351,1,2,1,1.0,9.0
53352,0,4,0,1.0,15.0
53353,1,3,0,3.0,9.0
53354,1,2,0,1.0,25.0
53355,0,2,1,12.0,21.0
53356,0,2,1,3.0,9.0
53357,1,3,1,3.0,10.0
53358,1,2,1,1.0,9.0
53359,0,3,0,3.0,16.0
53360,1,5,1,3.0,13.0
53361,0,3,0,1.0,11.0
53362,0,4,0,1.0,17.0
53363,0,3,0,4.0,21.0
53364,0,5,1,3.0,7.0
53365,0,4,1,,12.0
53366,0,3,0,3.0,14.0
53367,0,2,1,8.0,28.0
53368,0,4,0,8.0,15.0
53369,0,3,0,1.0,27.0
53370,0,3,0,1.0,27.0
53371,0,2,0,2.0,14.0
53372,0,5,0,12.0,7.0
53373,0,4,0,3.0,7.0
53374,1,4,1,1.0,26.0
53375,0,4,0,,17.0
53376,0,5,0,8.0,7.0
53377,0,5,1,18.0,13.0
53378,0,3,0,10.0,9.0
53379,1,4,1,1.0,28.0
53380,1,5,0,1.0,11.0
53381,0,2,1,6.0,19.0
53382,0,4,1,1.0,16.0
53383,0,5,0,4.0,10.0
53384,1,2,1,,10.0
53385,0,2,0,5.0,7.0
53386,1,3,0,,7.0
53387,0,4,0,9.0,11.0
53388,0,2,0,3.0,27.0
53389,0,3,0,1.0,25.0
53390,0,2,0,9.0,7.0
53391,1,3,0,1.0,9.0
53392,0,3,0,3.0,9.0
53393,0,3,0,8.0,15.0
53394,0,2,1,4.0,17.0
53395,0,2,0,9.0,10.0
53396,0,3,0,8.0,9.0
53397,1,4,1,1.0,31.0
53398,0,3,1,8.0,23.0
53399,0,2,0,8.0,15.0
53400,1,5,1,3.0,16.0
53401,0,3,0,1.0,24.0
53402,1,5,1,1.0,17.0
53403,0,2,0,3.0,20.0
53404,0,2,0,3.0,7.0
53405,0,2,0,4.0,7.0
53406,0,4,1,3.0,7.0
53407,0,3,0,12.0,16.0
53408,0,4,0,3.0,23.0
53409,0,5,1,9.0,30.0
53410,0,2,1,8.0,11.0
53411,1,3,1,2.0,29.0
53412,0,3,1,6.0,31.0
53413,0,3,0,3.0,17.0
53414,0,3,0,8.0,14.0
53415,0,3,0,3.0,24.0
53416,1,4,1,3.0,21.0
53417,0,5,0,4.0,7.0
53418,0,2,0,1.0,12.0
53419,0,3,0,9.0,24.0
53420,0,3,1,,32.0
53421,0,5,1,8.0,15.0
53422,1,5,1,1.0,18.0
53423,1,4,0,3.0,12.0
53424,0,2,0,4.0,9.0
53425,0,5,0,2.0,15.0
53426,0,3,0,3.0,13.0
53427,0,3,0,9.0,11.0
53428,0,3,0,2.0,14.0
53429,0,2,0,9.0,7.0
53430,0,2,0,3.0,9.0
53431,0,2,0,3.0,17.0
53432,0,3,0,1.0,12.0
53433,0,2,0,1.0,16.0
53434,0,2,1,4.0,9.0
53435,1,4,0,1.0,18.0
53436,0,4,1,8.0,25.0
53437,0,3,0,11.0,14.0
53438,0,2,1,1.0,10.0
53439,1,5,0,3.0,36.0
53440,1,2,0,10.0,9.0
53441,0,2,1,12.0,35.0
53442,0,3,0,14.0,7.0
53443,1,5,0,15.0,23.0
53444,0,5,1,9.0,29.0
53445,0,2,0,3.0,15.0
53446,0,2,0,2.0,18.0
53447,0,3,0,8.0,36.0
53448,0,2,0,,7.0
53449,0,2,1,5.0,7.0
53450,0,4,0,5.0,31.0
53451,0,4,0,13.0,9.0
53452,1,3,0,1.0,22.0
53453,1,5,1,3.0,9.0
53454,0,3,1,1.0,17.0
53455,0,4,0,1.0,17.0
53456,0,3,0,3.0,10.0
53457,0,3,1,8.0,9.0
53458,0,4,0,2.0,10.0
53459,0,5,0,6.0,33.0
53460,0,3,0,4.0,7.0
53461,0,2,0,3.0,7.0
53462,0,3,0,1.0,9.0
53463,0,3,0,4.0,16.0
53464,0,2,0,,19.0
53465,0,5,0,3.0,9.0
53466,0,2,0,1.0,32.0
53467,1,2,1,3.0,16.0
53468,1,5,0,1.0,17.0
53469,0,5,1,8.0,15.0
53470,1,3,1,8.0,11.0
53471,1,5,0,,31.0
53472,0,5,0,4.0,7.0
53473,0,5,0,,27.0
53474,0,3,0,9.0,14.0
53475,0,3,0,,24.0
53476,0,2,0,,27.0
53477,0,3,0,3.0,15.0
53478,0,4,0,3.0,9.0
53479,0,3,0,8.0,17.0
53480,1,5,0,,7.0
53481,0,2,0,3.0,12.0
53482,1,5,1,,11.0
53483,1,3,0,9.0,36.0
53484,0,3,0,3.0,22.0
53485,0,2,0,5.0,10.0
53486,0,2,1,1.0,17.0
53487,1,2,1,7.0,11.0
53488,1,3,0,1.0,28.0
53489,1,4,1,3.0,32.0
53490,0,5,0,8.0,9.0
53491,1,4,0,1.0,5.0
53492,1,3,1,1.0,7.0
53493,0,4,0,3.0,14.0
53494,0,2,0,1.0,10.0
53495,0,2,0,2.0,7.0
53496,0,3,0,13.0,16.0
53497,0,4,0,,14.0
53498,0,3,1,,17.0
53499,0,2,0,8.0,35.0
53500,0,4,0,8.0,10.0
53501,0,3,0,10.0,10.0
53502,0,4,0,1.0,9.0
53503,0,5,0,2.0,34.0
53504,1,2,0,6.0,9.0
53505,0,3,0,10.0,21.0
53506,0,4,1,3.0,7.0
53507,0,4,0,4.0,16.0
53508,0,2,0,10.0,25.0
53509,0,2,0,3.0,27.0
53510,0,4,0,5.0,9.0
53511,0,2,0,3.0,18.0
53512,0,4,0,4.0,15.0
53513,0,3,0,3.0,9.0
53514,0,4,0,2.0,17.0
53515,0,2,0,1.0,36.0
53516,0,2,1,3.0,15.0
53517,0,3,0,1.0,7.0
53518,0,3,1,3.0,13.0
53519,1,3,0,1.0,15.0
53520,1,5,1,4.0,16.0
53521,0,2,1,1.0,19.0
53522,1,3,0,3.0,22.0
53523,0,2,0,4.0,32.0
53524,0,3,0,3.0,13.0
53525,0,3,0,4.0,16.0
53526,0,3,0,5.0,15.0
53527,1,5,0,11.0,30.0
53528,0,3,0,14.0,16.0
53529,1,5,1,15.0,19.0
53530,0,5,0,6.0,11.0
53531,0,3,0,8.0,7.0
53532,0,4,0,3.0,31.0
53533,1,2,1,1.0,19.0
53534,0,2,0,8.0,10.0
53535,0,3,0,5.0,17.0
53536,0,2,1,1.0,33.0
53537,0,4,0,,9.0
53538,0,5,0,10.0,7.0
53539,0,2,0,3.0,11.0
53540,1,3,0,4.0,16.0
53541,0,5,0,1.0,9.0
53542,0,5,0,3.0,11.0
53543,0,2,0,9.0,13.0
53544,0,5,0,1.0,16.0
53545,0,3,1,3.0,14.0
53546,0,2,0,12.0,7.0
53547,0,3,0,3.0,10.0
53548,1,3,1,3.0,17.0
53549,0,3,0,8.0,14.0
53550,0,2,1,4.0,22.0
53551,1,2,1,1.0,10.0
53552,0,5,0,10.0,9.0
53553,0,3,0,1.0,24.0
53554,0,3,0,5.0,9.0
53555,1,5,0,1.0,12.0
53556,0,5,0,4.0,36.0
53557,0,4,0,1.0,9.0
53558,0,5,0,3.0,9.0
53559,0,5,0,4.0,26.0
53560,0,4,0,4.0,22.0
53561,0,5,1,,24.0
53562,1,4,0,1.0,24.0
53563,0,3,0,2.0,32.0
53564,0,3,0,8.0,13.0
53565,0,3,0,10.0,14.0
53566,0,2,0,18.0,36.0
53567,0,2,0,3.0,28.0
53568,0,2,0,5.0,9.0
53569,0,5,0,4.0,9.0
53570,0,2,1,10.0,14.0
53571,0,4,0,3.0,20.0
53572,0,3,1,8.0,9.0
53573,0,5,1,,7.0
53574,0,2,0,11.0,16.0
53575,0,4,0,4.0,17.0
53576,0,2,0,2.0,17.0
53577,0,4,1,8.0,7.0
53578,0,5,1,1.0,33.0
53579,0,2,1,,15.0
53580,0,5,1,9.0,21.0
53581,0,3,0,,7.0
53582,0,2,0,8.0,9.0
53583,1,4,1,1.0,17.0
53584,0,2,0,3.0,7.0
53585,0,2,0,10.0,10.0
53586,0,5,1,2.0,18.0
53587,0,5,0,9.0,31.0
53588,0,2,0,6.0,10.0
53589,0,2,0,8.0,10.0
53590,0,3,0,1.0,11.0
53591,0,4,0,8.0,10.0
53592,0,4,0,1.0,9.0
53593,0,3,0,4.0,11.0
53594,0,2,1,1.0,14.0
53595,0,2,0,1.0,7.0
53596,0,2,0,8.0,7.0
53597,0,3,0,1.0,27.0
53598,0,4,0,11.0,12.0
53599,0,3,1,9.0,17.0
53600,0,2,1,2.0,32.0
53601,0,3,0,2.0,7.0
53602,1,2,1,1.0,31.0
53603,0,2,1,3.0,11.0
53604,1,4,1,12.0,9.0
53605,0,4,1,1.0,15.0
53606,1,3,0,3.0,17.0
53607,0,4,0,9.0,11.0
53608,0,5,1,3.0,9.0
53609,0,4,1,11.0,16.0
53610,0,2,0,,25.0
53611,0,4,0,11.0,26.0
53612,0,3,1,3.0,7.0
53613,0,5,0,14.0,11.0
53614,0,4,0,9.0,18.0
53615,0,3,1,3.0,13.0
53616,0,4,1,1.0,14.0
53617,0,2,0,,11.0
53618,0,4,1,13.0,9.0
53619,1,2,0,6.0,22.0
53620,0,2,1,3.0,9.0
53621,0,3,0,8.0,13.0
53622,0,3,1,8.0,16.0
53623,1,3,1,8.0,14.0
53624,0,5,0,3.0,7.0
53625,0,4,0,2.0,7.0
53626,0,2,0,9.0,15.0
53627,0,4,0,1.0,32.0
53628,0,4,1,3.0,20.0
53629,0,3,0,3.0,30.0
53630,1,3,0,2.0,14.0
53631,1,5,0,4.0,30.0
53632,0,2,0,8.0,13.0
53633,0,3,0,8.0,17.0
53634,0,5,0,8.0,7.0
53635,0,2,0,6.0,7.0
53636,0,5,1,3.0,35.0
53637,1,4,1,,32.0
53638,1,4,1,,12.0
53639,0,5,1,9.0,24.0
53640,0,3,0,8.0,25.0
53641,0,3,1,,9.0
53642,0,4,0,10.0,17.0
53643,1,4,1,3.0,7.0
53644,1,5,0,3.0,10.0
53645,0,3,1,11.0,9.0
53646,0,3,0,12.0,9.0
53647,0,4,0,8.0,15.0
53648,0,3,0,1.0,23.0
53649,0,2,0,,16.0
53650,0,2,0,9.0,9.0
53651,0,5,0,8.0,7.0
53652,0,3,1,2.0,11.0
53653,0,4,1,11.0,12.0
53654,0,5,0,8.0,9.0
53655,0,5,0,7.0,22.0
53656,0,2,0,3.0,26.0
53657,1,5,1,,14.0
53658,0,4,0,4.0,7.0
53659,0,5,0,14.0,14.0
53660,0,2,0,9.0,11.0
53661,0,2,0,1.0,18.0
53662,0,4,0,4.0,18.0
53663,0,2,0,1.0,7.0
53664,0,2,0,1.0,7.0
53665,0,2,0,1.0,9.0
53666,1,3,1,9.0,20.0
53667,0,4,1,10.0,30.0
53668,0,3,0,1.0,33.0
53669,0,3,0,9.0,9.0
53670,0,3,0,8.0,36.0
53671,1,2,0,1.0,9.0
53672,1,3,1,3.0,25.0
53673,0,3,0,4.0,14.0
53674,0,2,0,12.0,9.0
53675,0,5,0,5.0,33.0
53676,1,3,1,8.0,29.0
53677,0,2,1,5.0,28.0
53678,0,4,0,,9.0
53679,0,2,1,4.0,29.0
53680,0,3,1,4.0,11.0
53681,0,2,0,,12.0
53682,0,4,1,3.0,9.0
53683,0,3,0,6.0,32.0
53684,0,3,0,3.0,25.0
53685,0,3,1,3.0,35.0
53686,0,3,1,9.0,13.0
53687,0,2,1,5.0,17.0
53688,1,3,1,8.0,24.0
53689,0,2,0,2.0,9.0
53690,0,5,0,10.0,17.0
53691,0,5,0,5.0,15.0
53692,0,3,0,3.0,18.0
53693,0,2,0,,25.0
53694,0,2,0,3.0,7.0
53695,0,5,0,8.0,14.0
53696,0,5,0,10.0,24.0
53697,1,5,0,4.0,35.0
53698,1,2,1,8.0,21.0
53699,0,2,0,8.0,7.0
53700,0,5,1,6.0,7.0
53701,0,2,0,1.0,7.0
53702,0,4,1,,10.0
53703,1,3,0,1.0,7.0
53704,0,5,0,3.0,14.0
53705,0,4,0,1.0,15.0
53706,0,5,0,4.0,7.0
53707,1,4,0,1.0,15.0
53708,0,5,0,5.0,18.0
53709,0,2,0,9.0,11.0
53710,0,5,0,3.0,23.0
53711,0,2,0,3.0,7.0
53712,1,5,0,3.0,16.0
53713,0,3,0,4.0,12.0
53714,0,5,0,1.0,7.0
53715,0,3,0,7.0,9.0
53716,0,3,1,4.0,11.0
53717,0,2,0,,14.0
53718,0,4,0,3.0,7.0
53719,0,3,1,4.0,12.0
53720,0,3,0,8.0,16.0
53721,0,2,0,10.0,15.0
53722,1,1,0,,16.0
53723,1,5,1,1.0,9.0
53724,1,4,0,8.0,7.0
53725,0,5,1,8.0,27.0
53726,0,4,0,3.0,15.0
53727,1,1,1,3.0,9.0
53728,0,1,1,,36.0
53729,0,5,0,3.0,14.0
53730,1,3,0,3.0,16.0
53731,0,4,0,9.0,15.0
53732,0,5,0,,12.0
53733,0,3,0,4.0,12.0
53734,0,4,0,9.0,9.0
53735,0,3,0,3.0,12.0
53736,0,3,0,3.0,9.0
53737,0,4,0,4.0,27.0
53738,0,5,0,4.0,14.0
53739,0,5,0,13.0,10.0
53740,0,3,0,3.0,23.0
53741,0,1,0,9.0,16.0
53742,0,3,0,1.0,7.0
53743,0,3,0,1.0,14.0
53744,0,3,0,9.0,7.0
53745,0,4,0,,14.0
53746,0,5,0,10.0,22.0
53747,1,3,0,3.0,7.0
53748,1,4,0,1.0,20.0
53749,1,4,1,11.0,31.0
53750,0,3,0,1.0,14.0
53751,1,5,1,1.0,16.0
53752,0,4,0,1.0,20.0
53753,0,3,1,,9.0
53754,0,3,0,,26.0
53755,0,3,0,4.0,7.0
53756,0,3,1,3.0,11.0
53757,0,4,0,3.0,11.0
53758,0,3,1,3.0,21.0
53759,1,5,0,1.0,9.0
53760,0,3,0,1.0,7.0
53761,0,5,0,4.0,14.0
53762,0,5,0,3.0,10.0
53763,0,4,0,3.0,9.0
53764,0,4,0,8.0,36.0
53765,0,3,1,1.0,15.0
53766,0,1,0,1.0,17.0
53767,0,1,0,13.0,18.0
53768,1,5,0,8.0,7.0
53769,0,5,0,18.0,35.0
53770,0,4,0,3.0,13.0
53771,0,4,0,2.0,10.0
53772,0,4,0,,23.0
53773,0,3,0,3.0,27.0
53774,1,5,0,1.0,16.0
53775,0,3,1,7.0,7.0
53776,1,3,0,8.0,10.0
53777,0,1,1,10.0,29.0
53778,0,3,1,8.0,14.0
53779,0,4,0,1.0,9.0
53780,0,1,0,8.0,20.0
53781,0,5,0,,15.0
53782,0,4,0,3.0,32.0
53783,0,1,0,4.0,35.0
53784,0,1,1,,9.0
53785,0,5,0,2.0,16.0
53786,0,3,1,8.0,35.0
53787,0,1,1,8.0,13.0
53788,0,5,0,1.0,28.0
53789,0,1,1,3.0,15.0
53790,0,4,0,8.0,7.0
53791,0,3,0,3.0,7.0
53792,0,4,0,6.0,12.0
53793,0,1,1,3.0,9.0
53794,0,3,0,8.0,23.0
53795,0,3,0,1.0,16.0
53796,0,5,0,3.0,15.0
53797,1,5,0,,7.0
53798,0,3,0,3.0,17.0
53799,0,5,0,3.0,7.0
53800,0,4,0,,36.0
53801,1,5,1,1.0,9.0
53802,1,1,0,,9.0
53803,1,4,0,5.0,9.0
53804,0,5,0,3.0,7.0
53805,0,5,0,7.0,22.0
53806,0,1,0,1.0,14.0
53807,0,1,0,14.0,33.0
53808,0,1,0,2.0,7.0
53809,0,1,0,1.0,10.0
53810,0,4,0,,21.0
53811,0,4,0,3.0,23.0
53812,0,3,0,1.0,7.0
53813,0,5,1,6.0,10.0
53814,0,3,1,5.0,17.0
53815,0,3,0,7.0,13.0
53816,0,1,0,,9.0
53817,0,3,1,1.0,6.0
53818,0,3,0,3.0,17.0
53819,0,5,1,3.0,13.0
53820,0,1,0,2.0,16.0
53821,0,3,0,9.0,35.0
53822,0,3,0,8.0,17.0
53823,0,5,0,3.0,21.0
53824,0,4,0,3.0,34.0
53825,0,1,0,2.0,14.0
53826,0,5,0,13.0,7.0
53827,1,4,1,1.0,31.0
53828,0,3,1,4.0,33.0
53829,0,3,1,14.0,27.0
53830,0,1,0,3.0,12.0
53831,0,1,1,11.0,14.0
53832,0,4,0,2.0,14.0
53833,0,5,1,5.0,12.0
53834,0,5,0,6.0,33.0
53835,0,5,0,4.0,9.0
53836,0,3,1,2.0,19.0
53837,0,1,0,3.0,17.0
53838,0,5,0,5.0,32.0
53839,0,5,0,8.0,17.0
53840,0,5,0,8.0,26.0
53841,0,5,0,11.0,25.0
53842,0,5,0,1.0,34.0
53843,0,1,0,3.0,12.0
53844,1,1,1,1.0,10.0
53845,0,3,0,1.0,33.0
53846,0,3,0,8.0,10.0
53847,0,3,0,,22.0
53848,0,3,0,10.0,15.0
53849,0,3,0,3.0,26.0
53850,0,3,0,9.0,11.0
53851,0,1,0,10.0,9.0
53852,0,3,1,3.0,9.0
53853,1,5,0,,17.0
53854,0,4,0,8.0,17.0
53855,0,1,1,4.0,23.0
53856,0,1,1,3.0,7.0
53857,0,1,0,3.0,11.0
53858,1,1,1,3.0,22.0
53859,0,1,1,4.0,9.0
53860,0,3,0,3.0,15.0
53861,0,1,0,3.0,9.0
53862,1,5,1,4.0,14.0
53863,0,3,0,5.0,17.0
53864,0,5,0,3.0,12.0
53865,0,3,0,8.0,9.0
53866,0,4,0,1.0,19.0
53867,0,4,0,3.0,29.0
53868,0,5,0,12.0,24.0
53869,0,3,0,3.0,9.0
53870,0,4,0,10.0,10.0
53871,0,4,0,4.0,14.0
53872,0,3,1,13.0,13.0
53873,0,3,0,3.0,7.0
53874,0,5,0,5.0,10.0
53875,0,3,0,8.0,29.0
53876,0,3,0,12.0,22.0
53877,1,1,1,8.0,19.0
53878,0,1,0,10.0,7.0
53879,0,4,1,10.0,12.0
53880,0,1,0,5.0,9.0
53881,0,4,0,7.0,9.0
53882,0,1,0,3.0,12.0
53883,0,5,1,3.0,23.0
53884,0,4,0,4.0,9.0
53885,0,4,0,3.0,9.0
53886,0,3,0,1.0,7.0
53887,0,3,1,3.0,30.0
53888,0,5,0,3.0,16.0
53889,0,1,1,3.0,23.0
53890,0,3,0,3.0,33.0
53891,0,1,1,3.0,7.0
53892,1,3,1,3.0,15.0
53893,0,3,0,1.0,11.0
53894,0,1,0,3.0,31.0
53895,1,3,1,8.0,14.0
53896,1,4,0,1.0,9.0
53897,0,1,0,8.0,14.0
53898,0,4,0,3.0,29.0
53899,0,1,0,14.0,12.0
53900,0,1,0,1.0,7.0
53901,0,4,0,14.0,28.0
53902,0,1,0,,7.0
53903,0,1,0,8.0,26.0
53904,1,1,1,3.0,14.0
53905,0,1,1,8.0,9.0
53906,0,1,1,5.0,9.0
53907,0,1,1,9.0,9.0
53908,0,3,0,5.0,16.0
53909,0,3,0,,13.0
53910,0,3,0,3.0,16.0
53911,0,1,0,8.0,9.0
53912,0,3,0,5.0,7.0
53913,1,3,0,1.0,29.0
53914,1,3,0,11.0,16.0
53915,0,3,0,3.0,24.0
53916,0,4,0,7.0,35.0
53917,0,3,0,4.0,17.0
53918,0,3,0,4.0,9.0
53919,0,4,0,3.0,11.0
53920,0,5,1,1.0,15.0
53921,0,5,0,3.0,36.0
53922,0,4,0,10.0,20.0
53923,0,3,0,8.0,34.0
53924,0,1,0,9.0,23.0
53925,0,4,0,1.0,9.0
53926,0,1,1,,9.0
53927,1,5,1,3.0,20.0
53928,1,4,0,1.0,7.0
53929,0,4,0,3.0,11.0
53930,0,1,0,5.0,31.0
53931,0,1,1,9.0,7.0
53932,0,3,0,,26.0
53933,0,4,0,9.0,14.0
53934,0,3,0,,11.0
53935,0,5,0,8.0,9.0
53936,0,1,0,2.0,17.0
53937,1,1,0,3.0,15.0
53938,0,3,0,3.0,12.0
53939,0,1,0,5.0,15.0
53940,1,4,0,3.0,16.0
53941,0,3,1,3.0,7.0
53942,0,5,0,8.0,22.0
53943,0,1,1,3.0,9.0
53944,0,4,0,8.0,9.0
53945,0,1,0,5.0,18.0
53946,1,5,1,,23.0
53947,0,4,0,6.0,9.0
53948,1,3,0,1.0,23.0
53949,0,5,0,1.0,11.0
53950,0,3,0,8.0,23.0
53951,0,4,0,8.0,12.0
53952,0,1,1,1.0,25.0
53953,1,3,1,1.0,24.0
53954,0,4,0,5.0,19.0
53955,0,5,0,1.0,9.0
53956,0,4,0,8.0,11.0
53957,0,5,0,5.0,16.0
53958,0,3,1,8.0,17.0
53959,0,3,1,3.0,7.0
53960,0,1,0,9.0,9.0
53961,0,1,0,3.0,10.0
53962,1,4,0,1.0,14.0
53963,0,3,0,5.0,13.0
53964,1,5,1,1.0,15.0
53965,0,1,0,8.0,36.0
53966,0,3,0,3.0,10.0
53967,0,4,0,4.0,16.0
53968,0,1,1,3.0,9.0
53969,0,5,1,8.0,17.0
53970,1,4,1,4.0,7.0
53971,0,4,0,8.0,15.0
53972,1,1,1,8.0,34.0
53973,0,5,0,7.0,15.0
53974,0,1,0,4.0,7.0
53975,0,3,0,3.0,17.0
53976,0,4,0,3.0,33.0
53977,0,5,0,3.0,9.0
53978,0,5,0,1.0,20.0
53979,0,1,0,8.0,9.0
53980,0,4,0,9.0,9.0
53981,1,5,0,8.0,16.0
53982,1,5,0,9.0,17.0
53983,0,1,0,3.0,27.0
53984,0,3,0,3.0,16.0
53985,0,4,0,3.0,12.0
53986,0,3,1,,11.0
53987,0,3,0,,17.0
53988,1,4,1,5.0,27.0
53989,1,4,0,,28.0
53990,0,1,0,4.0,7.0
53991,0,3,0,9.0,15.0
53992,0,4,0,15.0,9.0
53993,0,3,0,4.0,30.0
53994,0,4,1,,11.0
53995,0,5,0,8.0,19.0
53996,0,1,0,8.0,14.0
53997,0,5,0,,14.0
53998,0,5,0,3.0,7.0
53999,0,1,1,4.0,9.0
54000,0,1,0,3.0,17.0
54001,0,3,1,3.0,22.0
54002,0,3,0,1.0,21.0
54003,1,5,0,1.0,25.0
54004,1,5,1,1.0,20.0
54005,0,3,0,8.0,9.0
54006,0,4,1,1.0,9.0
54007,0,1,0,8.0,9.0
54008,0,1,1,3.0,12.0
54009,0,1,0,11.0,27.0
54010,0,1,0,1.0,17.0
54011,0,3,0,4.0,17.0
54012,0,3,0,1.0,16.0
54013,0,1,0,,9.0
54014,0,1,0,3.0,7.0
54015,0,3,0,7.0,36.0
54016,0,3,0,1.0,15.0
54017,1,4,1,,9.0
54018,0,5,0,9.0,10.0
54019,0,3,0,9.0,30.0
54020,0,4,0,1.0,13.0
54021,0,3,0,15.0,13.0
54022,0,4,0,10.0,17.0
54023,1,1,1,1.0,31.0
54024,1,4,0,8.0,17.0
54025,0,5,0,4.0,22.0
54026,0,1,0,3.0,26.0
54027,0,1,0,5.0,9.0
54028,0,4,0,1.0,10.0
54029,1,1,0,1.0,16.0
54030,1,4,1,1.0,14.0
54031,0,3,1,8.0,17.0
54032,0,3,0,3.0,27.0
54033,0,1,1,,11.0
54034,0,5,0,3.0,14.0
54035,0,5,1,5.0,14.0
54036,0,4,1,3.0,23.0
54037,0,1,0,9.0,32.0
54038,0,1,0,9.0,9.0
54039,0,5,0,17.0,7.0
54040,0,3,1,1.0,7.0
54041,0,3,0,8.0,9.0
54042,0,1,0,8.0,29.0
54043,0,5,0,3.0,7.0
54044,1,5,1,1.0,23.0
54045,1,1,0,1.0,31.0
54046,0,4,0,4.0,24.0
54047,0,4,0,5.0,15.0
54048,0,5,0,8.0,13.0
54049,0,1,1,5.0,17.0
54050,0,1,1,2.0,10.0
54051,0,3,0,3.0,11.0
54052,0,1,0,8.0,13.0
54053,0,3,0,4.0,7.0
54054,0,3,0,10.0,17.0
54055,0,1,1,8.0,7.0
54056,1,5,0,1.0,31.0
54057,0,3,0,3.0,28.0
54058,0,4,0,3.0,9.0
54059,0,1,1,12.0,29.0
54060,1,3,1,,20.0
54061,0,4,0,8.0,21.0
54062,0,5,0,1.0,18.0
54063,0,5,0,10.0,16.0
54064,0,4,1,8.0,15.0
54065,0,1,1,1.0,28.0
54066,1,3,1,4.0,12.0
54067,0,1,0,4.0,16.0
54068,0,1,0,4.0,9.0
54069,0,1,1,1.0,19.0
54070,1,4,0,1.0,29.0
54071,0,5,0,5.0,25.0
54072,0,3,0,5.0,23.0
54073,0,5,1,4.0,10.0
54074,0,4,0,3.0,16.0
54075,0,1,0,,7.0
54076,0,3,0,,20.0
54077,0,5,0,7.0,7.0
54078,0,5,0,3.0,7.0
54079,0,1,0,3.0,22.0
54080,0,5,0,8.0,7.0
54081,1,1,0,4.0,24.0
54082,0,5,0,1.0,7.0
54083,0,1,1,10.0,14.0
54084,0,1,0,8.0,16.0
54085,0,1,0,,12.0
54086,1,1,1,9.0,33.0
54087,1,5,1,,31.0
54088,0,3,0,4.0,16.0
54089,0,3,0,9.0,14.0
54090,0,3,0,10.0,18.0
54091,0,4,1,3.0,7.0
54092,0,4,1,5.0,33.0
54093,0,1,1,1.0,9.0
54094,0,5,0,11.0,22.0
54095,0,3,0,8.0,30.0
54096,0,3,0,9.0,17.0
54097,0,5,1,5.0,17.0
54098,0,3,0,3.0,7.0
54099,0,1,0,5.0,19.0
54100,0,3,0,5.0,18.0
54101,0,4,0,11.0,9.0
54102,0,4,0,3.0,9.0
54103,0,4,0,8.0,7.0
54104,0,3,1,3.0,9.0
54105,0,3,0,,32.0
54106,0,3,0,1.0,7.0
54107,0,4,0,9.0,7.0
54108,0,3,0,3.0,9.0
54109,0,3,0,8.0,13.0
54110,0,5,1,3.0,25.0
54111,0,1,0,1.0,7.0
54112,0,4,0,13.0,7.0
54113,0,3,1,3.0,18.0
54114,0,3,0,3.0,7.0
54115,0,3,0,9.0,16.0
54116,0,1,1,2.0,22.0
54117,0,4,0,2.0,36.0
54118,0,1,0,1.0,7.0
54119,0,4,0,3.0,7.0
54120,0,1,0,8.0,31.0
54121,0,3,0,12.0,17.0
54122,0,1,0,,7.0
54123,0,1,1,9.0,17.0
54124,0,3,1,5.0,15.0
54125,0,1,0,1.0,127.0
54126,0,1,1,3.0,7.0
54127,0,5,1,3.0,12.0
54128,0,1,0,4.0,16.0
54129,1,5,0,1.0,16.0
54130,0,1,0,5.0,10.0
54131,0,4,0,3.0,11.0
54132,0,3,0,10.0,7.0
54133,1,1,1,3.0,7.0
54134,0,3,0,15.0,9.0
54135,1,3,0,9.0,14.0
54136,0,4,0,11.0,35.0
54137,0,3,0,8.0,35.0
54138,0,1,0,12.0,22.0
54139,0,4,0,,10.0
54140,0,5,0,3.0,9.0
54141,0,1,1,,33.0
54142,0,1,0,10.0,17.0
54143,1,3,0,2.0,7.0
54144,0,1,0,1.0,18.0
54145,0,3,0,2.0,27.0
54146,0,3,0,3.0,9.0
54147,0,3,1,3.0,25.0
54148,0,3,0,3.0,9.0
54149,0,1,0,2.0,7.0
54150,0,4,1,4.0,20.0
54151,0,5,0,5.0,35.0
54152,1,5,1,1.0,35.0
54153,0,1,0,7.0,31.0
54154,0,5,0,,12.0
54155,0,3,0,1.0,12.0
54156,0,1,0,4.0,30.0
54157,0,5,0,,13.0
54158,0,4,1,4.0,11.0
54159,0,4,0,9.0,9.0
54160,0,3,0,3.0,15.0
54161,1,1,1,6.0,7.0
54162,0,4,0,8.0,15.0
54163,1,3,1,1.0,9.0
54164,0,3,1,1.0,10.0
54165,0,4,0,3.0,9.0
54166,0,1,0,7.0,9.0
54167,0,5,1,1.0,10.0
54168,0,3,0,1.0,31.0
54169,0,3,0,,30.0
54170,0,3,0,8.0,34.0
54171,0,4,0,4.0,23.0
54172,0,3,1,9.0,22.0
54173,0,3,0,4.0,33.0
54174,0,1,0,3.0,26.0
54175,1,3,1,4.0,31.0
54176,0,5,0,,28.0
54177,0,4,1,6.0,12.0
54178,0,1,1,1.0,23.0
54179,0,1,0,8.0,9.0
54180,0,1,1,3.0,9.0
54181,0,3,0,4.0,18.0
54182,1,5,0,4.0,16.0
54183,0,4,0,12.0,14.0
54184,0,1,0,1.0,22.0
54185,1,5,0,4.0,13.0
54186,0,3,0,9.0,12.0
54187,1,5,1,8.0,23.0
54188,0,4,0,3.0,15.0
54189,0,1,0,,14.0
54190,0,5,0,2.0,9.0
54191,0,1,0,1.0,9.0
54192,0,1,1,4.0,17.0
54193,0,3,0,9.0,16.0
54194,1,1,0,1.0,12.0
54195,1,1,1,1.0,7.0
54196,0,3,0,5.0,9.0
54197,1,3,1,3.0,10.0
54198,0,1,0,3.0,9.0
54199,0,5,1,1.0,12.0
54200,0,5,0,4.0,7.0
54201,0,1,0,1.0,11.0
54202,0,5,0,1.0,9.0
54203,1,3,0,2.0,32.0
54204,0,3,0,,15.0
54205,0,1,0,8.0,7.0
54206,1,3,0,9.0,19.0
54207,0,3,0,8.0,30.0
54208,0,4,0,1.0,26.0
54209,0,1,1,9.0,12.0
54210,0,1,0,2.0,15.0
54211,1,3,1,1.0,7.0
54212,1,3,1,3.0,12.0
54213,0,5,1,4.0,7.0
54214,0,5,1,,18.0
54215,0,1,1,1.0,30.0
54216,0,1,1,13.0,30.0
54217,0,5,0,,6.0
54218,0,5,1,3.0,30.0
54219,0,1,0,8.0,14.0
54220,0,3,0,8.0,7.0
54221,0,1,1,9.0,7.0
54222,0,1,0,10.0,36.0
54223,0,3,1,9.0,14.0
54224,0,5,0,10.0,32.0
54225,0,3,0,,15.0
54226,0,3,1,3.0,15.0
54227,0,4,0,4.0,18.0
54228,0,5,0,,14.0
54229,0,5,0,3.0,7.0
54230,1,3,1,1.0,16.0
54231,0,3,0,4.0,7.0
54232,0,4,0,5.0,9.0
54233,0,4,0,1.0,7.0
54234,0,4,0,10.0,7.0
54235,0,1,0,1.0,13.0
54236,0,1,0,9.0,15.0
54237,0,5,0,9.0,7.0
54238,0,5,1,1.0,13.0
54239,0,3,0,3.0,14.0
54240,0,4,1,3.0,12.0
54241,0,1,1,1.0,7.0
54242,0,3,0,5.0,7.0
54243,0,1,0,,7.0
54244,0,1,1,10.0,13.0
54245,0,4,0,4.0,7.0
54246,0,1,0,3.0,14.0
54247,0,5,0,1.0,9.0
54248,0,1,0,4.0,16.0
54249,0,1,0,9.0,9.0
54250,1,1,0,,16.0
54251,0,4,0,12.0,7.0
54252,0,1,1,1.0,28.0
54253,0,4,1,8.0,11.0
54254,0,5,1,6.0,7.0
54255,0,3,0,8.0,13.0
54256,0,3,0,4.0,9.0
54257,0,3,0,3.0,10.0
54258,0,3,0,5.0,11.0
54259,0,3,0,9.0,17.0
54260,0,4,0,3.0,30.0
54261,1,5,1,3.0,13.0
54262,0,5,0,1.0,7.0
54263,1,1,1,1.0,13.0
54264,0,3,0,11.0,13.0
54265,0,1,0,1.0,9.0
54266,0,1,0,3.0,9.0
54267,0,4,1,8.0,7.0
54268,1,3,1,4.0,12.0
54269,0,1,0,2.0,14.0
54270,0,1,0,1.0,22.0
54271,0,5,0,9.0,7.0
54272,1,3,1,7.0,14.0
54273,0,1,1,5.0,33.0
54274,0,3,0,3.0,25.0
54275,0,4,0,1.0,13.0
54276,0,1,0,4.0,10.0
54277,0,5,0,9.0,12.0
54278,0,1,0,,18.0
54279,0,1,0,1.0,10.0
54280,0,1,1,13.0,33.0
54281,0,3,0,10.0,30.0
54282,0,4,0,8.0,29.0
54283,1,4,1,4.0,21.0
54284,0,3,0,16.0,13.0
54285,1,3,1,8.0,13.0
54286,0,4,0,4.0,13.0
54287,1,1,0,,30.0
54288,1,3,1,1.0,29.0
54289,0,1,0,2.0,9.0
54290,0,5,0,12.0,27.0
54291,0,3,0,3.0,35.0
54292,0,1,0,,19.0
54293,1,3,1,3.0,27.0
54294,0,3,1,8.0,16.0
54295,0,3,0,8.0,32.0
54296,0,4,0,2.0,13.0
54297,1,1,0,4.0,15.0
54298,0,3,0,10.0,11.0
54299,0,3,0,,35.0
54300,0,1,1,8.0,16.0
54301,1,5,0,5.0,16.0
54302,0,1,0,4.0,36.0
54303,0,3,1,3.0,10.0
54304,0,3,0,5.0,25.0
54305,0,1,0,8.0,16.0
54306,0,5,0,31.0,12.0
54307,0,1,0,3.0,9.0
54308,0,5,0,8.0,17.0
54309,0,5,0,5.0,16.0
54310,0,4,0,1.0,10.0
54311,0,4,0,14.0,33.0
54312,0,4,0,7.0,7.0
54313,0,3,1,6.0,13.0
54314,0,4,0,16.0,16.0
54315,0,1,0,,15.0
54316,0,3,0,10.0,7.0
54317,0,3,0,1.0,14.0
54318,0,4,1,1.0,16.0
54319,0,1,0,12.0,11.0
54320,0,3,0,3.0,9.0
54321,0,1,0,3.0,26.0
54322,0,4,0,3.0,16.0
54323,0,1,0,3.0,28.0
54324,0,1,1,,31.0
54325,0,3,1,2.0,10.0
54326,0,4,0,5.0,18.0
54327,0,3,0,9.0,21.0
54328,0,1,0,,12.0
54329,0,1,0,,7.0
54330,0,3,0,5.0,13.0
54331,0,4,1,2.0,24.0
54332,1,5,0,1.0,7.0
54333,0,4,0,3.0,10.0
54334,0,5,0,11.0,16.0
54335,0,5,1,4.0,11.0
54336,0,5,1,3.0,15.0
54337,0,1,0,3.0,9.0
54338,1,1,0,1.0,9.0
54339,0,5,0,,7.0
54340,0,1,0,2.0,16.0
54341,0,1,1,3.0,19.0
54342,0,4,0,3.0,34.0
54343,1,4,1,3.0,27.0
54344,0,3,0,3.0,7.0
54345,0,5,0,4.0,20.0
54346,0,4,0,7.0,21.0
54347,0,3,0,10.0,11.0
54348,0,4,0,16.0,21.0
54349,0,3,0,,9.0
54350,0,4,0,1.0,10.0
54351,0,3,0,10.0,7.0
54352,0,4,0,4.0,16.0
54353,1,3,1,2.0,30.0
54354,0,1,0,3.0,14.0
54355,0,1,0,9.0,9.0
54356,0,5,1,8.0,28.0
54357,0,4,0,3.0,9.0
54358,0,3,0,3.0,28.0
54359,0,3,0,1.0,9.0
54360,0,1,0,8.0,36.0
54361,0,5,0,1.0,7.0
54362,0,1,1,8.0,25.0
54363,0,3,1,1.0,17.0
54364,0,1,1,8.0,26.0
54365,1,5,1,1.0,36.0
54366,1,1,0,10.0,34.0
54367,0,4,1,3.0,12.0
54368,0,1,0,8.0,25.0
54369,0,1,0,3.0,16.0
54370,0,5,0,,7.0
54371,1,1,0,,11.0
54372,0,3,0,,7.0
54373,0,3,0,,27.0
54374,0,4,0,8.0,15.0
54375,1,5,1,5.0,10.0
54376,0,1,1,1.0,13.0
54377,1,5,0,2.0,33.0
54378,1,3,0,6.0,7.0
54379,0,1,0,,13.0
54380,0,5,0,6.0,10.0
54381,0,4,0,8.0,12.0
54382,0,4,0,2.0,11.0
54383,0,1,1,8.0,18.0
54384,0,3,0,,10.0
54385,0,3,0,5.0,7.0
54386,0,1,0,1.0,10.0
54387,0,1,0,9.0,11.0
54388,0,1,0,2.0,7.0
54389,0,3,0,,7.0
54390,1,1,1,2.0,25.0
54391,0,1,0,3.0,9.0
54392,0,1,0,16.0,11.0
54393,0,3,0,3.0,13.0
54394,0,1,0,7.0,7.0
54395,1,1,1,5.0,21.0
54396,0,1,1,10.0,23.0
54397,1,5,0,8.0,9.0
54398,0,3,1,13.0,9.0
54399,0,4,0,3.0,11.0
54400,1,3,1,3.0,7.0
54401,0,3,0,3.0,7.0
54402,0,1,0,3.0,33.0
54403,0,5,0,1.0,26.0
54404,0,1,0,8.0,31.0
54405,0,1,0,8.0,7.0
54406,0,3,0,3.0,10.0
54407,0,1,0,3.0,12.0
54408,0,5,0,10.0,9.0
54409,0,5,0,3.0,7.0
54410,0,3,0,3.0,14.0
54411,1,3,0,,17.0
54412,0,3,0,9.0,9.0
54413,0,1,0,6.0,22.0
54414,0,5,1,3.0,24.0
54415,0,1,0,3.0,27.0
54416,0,3,0,3.0,7.0
54417,0,5,1,9.0,9.0
54418,0,3,0,10.0,9.0
54419,0,1,0,1.0,7.0
54420,1,4,0,5.0,36.0
54421,0,4,0,4.0,14.0
54422,0,1,0,6.0,9.0
54423,0,5,0,5.0,9.0
54424,0,4,1,8.0,9.0
54425,1,3,0,1.0,9.0
54426,0,4,0,1.0,9.0
54427,0,1,0,9.0,30.0
54428,0,5,0,6.0,12.0
54429,0,1,1,11.0,27.0
54430,0,1,0,12.0,13.0
54431,0,5,1,14.0,7.0
54432,1,4,1,10.0,36.0
54433,0,1,0,5.0,16.0
54434,0,1,0,2.0,13.0
54435,0,3,0,1.0,10.0
54436,0,1,1,3.0,7.0
54437,0,4,0,3.0,29.0
54438,0,5,1,8.0,14.0
54439,0,4,0,5.0,7.0
54440,0,4,0,7.0,11.0
54441,0,3,1,4.0,10.0
54442,0,3,0,7.0,7.0
54443,0,1,0,10.0,9.0
54444,0,1,1,9.0,27.0
54445,0,5,1,4.0,18.0
54446,0,1,0,8.0,7.0
54447,1,3,1,1.0,31.0
54448,0,1,0,3.0,30.0
54449,1,4,1,3.0,23.0
54450,0,1,0,3.0,15.0
54451,0,5,1,3.0,17.0
54452,0,4,0,8.0,10.0
54453,0,4,0,3.0,12.0
54454,1,1,1,5.0,11.0
54455,0,1,1,3.0,16.0
54456,0,4,0,9.0,33.0
54457,1,3,0,1.0,10.0
54458,0,4,0,10.0,23.0
54459,0,1,0,1.0,25.0
54460,0,4,0,3.0,9.0
54461,0,4,0,5.0,9.0
54462,0,3,0,1.0,17.0
54463,0,5,0,8.0,23.0
54464,0,1,0,8.0,14.0
54465,0,1,0,,7.0
54466,0,4,0,9.0,31.0
54467,0,3,0,9.0,14.0
54468,0,4,0,2.0,32.0
54469,0,3,1,3.0,7.0
54470,0,1,1,4.0,12.0
54471,0,5,0,1.0,9.0
54472,0,5,0,12.0,14.0
54473,0,1,1,3.0,9.0
54474,0,4,0,9.0,12.0
54475,0,5,1,11.0,17.0
54476,0,1,0,8.0,17.0
54477,0,3,1,8.0,7.0
54478,1,4,0,8.0,15.0
54479,0,4,1,3.0,12.0
54480,0,4,1,10.0,15.0
54481,0,3,1,5.0,9.0
54482,0,1,0,8.0,14.0
54483,0,1,0,8.0,9.0
54484,1,1,1,3.0,9.0
54485,0,1,0,10.0,35.0
54486,0,3,0,,14.0
54487,0,1,0,4.0,14.0
54488,1,3,1,1.0,10.0
54489,0,1,0,2.0,17.0
54490,0,3,0,2.0,12.0
54491,0,3,0,1.0,17.0
54492,0,4,1,5.0,7.0
54493,0,3,0,4.0,27.0
54494,0,5,0,,14.0
54495,0,1,0,9.0,15.0
54496,0,1,1,3.0,7.0
54497,1,5,1,8.0,15.0
54498,0,1,0,3.0,16.0
54499,0,3,0,3.0,12.0
54500,0,4,0,8.0,15.0
54501,0,1,0,5.0,12.0
54502,0,1,1,10.0,22.0
54503,0,1,1,11.0,14.0
54504,0,4,1,8.0,17.0
54505,0,4,0,14.0,12.0
54506,0,1,0,3.0,33.0
54507,0,4,1,3.0,13.0
54508,0,3,0,1.0,11.0
54509,0,1,0,1.0,30.0
54510,0,3,0,3.0,9.0
54511,0,3,1,1.0,9.0
54512,0,4,0,8.0,9.0
54513,0,3,0,1.0,36.0
54514,0,5,1,8.0,13.0
54515,0,3,1,3.0,32.0
54516,0,3,0,8.0,7.0
54517,0,1,0,1.0,9.0
54518,1,4,1,3.0,7.0
54519,0,1,0,1.0,7.0
54520,0,1,0,,10.0
54521,0,3,0,3.0,7.0
54522,0,3,1,8.0,17.0
54523,0,1,0,3.0,16.0
54524,1,3,1,1.0,12.0
54525,0,5,0,4.0,17.0
54526,0,3,0,1.0,14.0
54527,1,4,0,,11.0
54528,0,1,0,,17.0
54529,1,3,1,1.0,29.0
54530,0,4,1,3.0,16.0
54531,1,4,0,1.0,19.0
54532,0,1,0,3.0,30.0
54533,0,4,0,1.0,16.0
54534,0,4,0,5.0,7.0
54535,0,1,0,8.0,16.0
54536,0,3,0,1.0,14.0
54537,0,1,0,8.0,21.0
54538,0,3,0,3.0,9.0
54539,1,1,1,5.0,26.0
54540,0,1,1,3.0,9.0
54541,0,3,1,4.0,17.0
54542,0,4,0,1.0,9.0
54543,1,5,0,5.0,10.0
54544,0,4,0,3.0,18.0
54545,0,3,0,1.0,9.0
54546,1,1,1,1.0,11.0
54547,0,5,0,18.0,21.0
54548,0,4,0,4.0,9.0
54549,0,5,0,3.0,7.0
54550,0,4,1,2.0,17.0
54551,0,4,0,10.0,19.0
54552,0,3,0,1.0,9.0
54553,0,5,0,3.0,12.0
54554,0,3,0,3.0,11.0
54555,0,5,0,13.0,14.0
54556,0,1,0,3.0,28.0
54557,0,3,1,3.0,15.0
54558,0,1,1,4.0,11.0
54559,0,3,1,8.0,32.0
54560,0,5,0,3.0,7.0
54561,0,3,1,7.0,7.0
54562,0,5,0,8.0,13.0
54563,0,3,0,5.0,19.0
54564,0,5,0,8.0,7.0
54565,0,5,0,9.0,24.0
54566,1,5,0,3.0,10.0
54567,0,3,1,5.0,10.0
54568,0,1,0,3.0,17.0
54569,0,1,0,5.0,11.0
54570,0,3,0,3.0,36.0
54571,0,1,0,3.0,9.0
54572,0,5,0,11.0,14.0
54573,0,3,0,9.0,25.0
54574,0,1,0,5.0,35.0
54575,1,4,1,5.0,7.0
54576,1,3,0,1.0,13.0
54577,0,1,1,1.0,9.0
54578,0,3,0,13.0,9.0
54579,0,1,0,3.0,30.0
54580,0,1,0,5.0,10.0
54581,0,3,0,8.0,10.0
54582,1,4,0,2.0,32.0
54583,1,1,0,1.0,9.0
54584,0,5,0,9.0,29.0
54585,0,1,0,1.0,36.0
54586,0,3,0,8.0,36.0
54587,0,1,0,8.0,9.0
54588,0,5,0,,35.0
54589,0,1,0,5.0,9.0
54590,0,3,0,2.0,9.0
54591,0,3,0,4.0,29.0
54592,0,3,0,1.0,6.0
54593,0,3,0,8.0,9.0
54594,0,1,1,,17.0
54595,0,4,0,9.0,16.0
54596,1,3,1,8.0,22.0
54597,1,1,0,4.0,17.0
54598,0,4,0,3.0,14.0
54599,0,3,1,1.0,23.0
54600,1,3,0,,27.0
54601,1,5,1,,30.0
54602,0,3,0,1.0,12.0
54603,0,1,0,,17.0
54604,1,3,0,3.0,11.0
54605,0,1,0,8.0,9.0
54606,0,4,0,9.0,25.0
54607,0,1,0,11.0,17.0
54608,0,3,0,10.0,7.0
54609,0,3,0,14.0,13.0
54610,0,3,0,8.0,15.0
54611,0,1,1,6.0,9.0
54612,0,5,1,9.0,31.0
54613,0,4,0,8.0,9.0
54614,1,3,1,1.0,24.0
54615,0,1,0,3.0,26.0
54616,0,3,0,6.0,7.0
54617,0,1,0,2.0,14.0
54618,1,4,1,1.0,12.0
54619,0,5,0,2.0,35.0
54620,0,3,1,8.0,9.0
54621,0,3,0,1.0,36.0
54622,0,3,0,4.0,7.0
54623,0,1,0,8.0,28.0
54624,1,1,1,1.0,31.0
54625,0,1,0,3.0,7.0
54626,0,3,0,,25.0
54627,0,5,0,9.0,9.0
54628,0,4,0,,16.0
54629,0,5,1,10.0,13.0
54630,1,3,0,3.0,18.0
54631,0,1,0,2.0,31.0
54632,0,3,0,,17.0
54633,0,4,0,4.0,7.0
54634,0,3,1,10.0,25.0
54635,0,1,1,5.0,30.0
54636,0,4,0,5.0,35.0
54637,0,4,0,1.0,24.0
54638,0,4,0,8.0,10.0
54639,0,3,0,7.0,20.0
54640,1,3,1,3.0,14.0
54641,1,5,0,1.0,19.0
54642,0,1,1,4.0,7.0
54643,1,5,0,3.0,20.0
54644,0,1,0,3.0,32.0
54645,0,1,0,8.0,13.0
54646,0,3,0,4.0,13.0
54647,0,3,1,,9.0
54648,0,4,0,1.0,7.0
54649,0,1,0,3.0,9.0
54650,0,1,1,1.0,13.0
54651,0,5,0,1.0,7.0
54652,0,3,1,8.0,16.0
54653,0,5,0,3.0,7.0
54654,0,3,0,3.0,7.0
54655,0,3,1,7.0,21.0
54656,1,5,0,3.0,9.0
54657,0,3,0,3.0,29.0
54658,0,1,1,2.0,10.0
54659,0,3,0,3.0,13.0
54660,0,3,0,3.0,15.0
54661,0,1,1,6.0,16.0
54662,0,3,0,1.0,10.0
54663,0,5,0,11.0,7.0
54664,0,1,0,9.0,7.0
54665,1,5,0,1.0,33.0
54666,0,1,1,3.0,13.0
54667,0,3,0,,10.0
54668,0,3,0,3.0,10.0
54669,0,1,0,9.0,13.0
54670,0,1,0,8.0,13.0
54671,0,4,0,2.0,26.0
54672,0,4,1,,16.0
54673,0,1,0,2.0,10.0
54674,1,3,1,2.0,17.0
54675,1,5,1,8.0,10.0
54676,0,3,0,1.0,10.0
54677,0,5,0,3.0,11.0
54678,0,4,0,3.0,15.0
54679,0,1,0,6.0,14.0
54680,0,1,0,9.0,7.0
54681,0,4,0,3.0,9.0
54682,0,1,1,5.0,10.0
54683,0,1,0,1.0,17.0
54684,0,3,1,9.0,35.0
54685,0,4,0,,16.0
54686,1,3,0,1.0,10.0
54687,0,3,0,11.0,9.0
54688,0,1,0,9.0,17.0
54689,1,3,1,4.0,15.0
54690,0,1,0,9.0,7.0
54691,0,5,0,8.0,7.0
54692,0,1,0,8.0,10.0
54693,0,5,0,8.0,21.0
54694,0,5,1,,12.0
54695,0,3,0,4.0,14.0
54696,0,1,0,7.0,17.0
54697,0,5,0,3.0,23.0
54698,0,5,0,,17.0
54699,0,3,0,11.0,7.0
54700,0,4,0,3.0,15.0
54701,1,4,1,8.0,7.0
54702,0,5,0,6.0,15.0
54703,0,3,1,1.0,7.0
54704,0,3,0,5.0,31.0
54705,0,3,1,14.0,10.0
54706,0,1,0,8.0,34.0
54707,0,3,0,1.0,17.0
54708,1,3,1,3.0,26.0
54709,0,1,0,3.0,22.0
54710,0,3,0,4.0,15.0
54711,0,5,0,3.0,16.0
54712,0,4,0,7.0,10.0
54713,0,1,0,2.0,16.0
54714,0,1,1,4.0,9.0
54715,0,5,0,8.0,14.0
54716,0,4,0,3.0,17.0
54717,0,1,0,3.0,13.0
54718,0,5,0,1.0,9.0
54719,0,1,0,8.0,31.0
54720,0,3,1,2.0,9.0
54721,0,5,0,1.0,15.0
54722,0,5,0,17.0,10.0
54723,1,1,1,9.0,7.0
54724,0,1,0,5.0,33.0
54725,0,3,0,2.0,9.0
54726,0,3,0,3.0,17.0
54727,1,3,1,4.0,34.0
54728,0,1,0,5.0,9.0
54729,1,5,1,5.0,9.0
54730,0,5,0,10.0,15.0
54731,0,1,0,3.0,26.0
54732,0,1,0,1.0,7.0
54733,0,3,0,2.0,34.0
54734,1,5,0,3.0,15.0
54735,0,1,0,4.0,7.0
54736,0,5,1,5.0,26.0
54737,0,1,0,2.0,15.0
54738,0,5,1,4.0,17.0
54739,0,5,1,13.0,9.0
54740,0,5,0,4.0,9.0
54741,0,1,0,3.0,15.0
54742,0,3,0,3.0,7.0
54743,0,4,0,8.0,9.0
54744,0,5,0,3.0,15.0
54745,0,1,0,10.0,15.0
54746,1,5,1,1.0,13.0
54747,0,4,0,1.0,16.0
54748,0,3,0,5.0,18.0
54749,0,3,0,4.0,9.0
54750,1,5,1,1.0,7.0
54751,0,3,0,8.0,14.0
54752,1,5,0,3.0,23.0
54753,0,1,1,1.0,9.0
54754,0,4,0,6.0,7.0
54755,0,3,0,8.0,30.0
54756,1,4,1,9.0,9.0
54757,0,3,0,3.0,7.0
54758,0,1,1,3.0,7.0
54759,1,3,0,2.0,9.0
54760,0,4,0,5.0,20.0
54761,0,3,0,9.0,11.0
54762,0,3,0,1.0,23.0
54763,0,1,1,1.0,9.0
54764,0,3,0,1.0,9.0
54765,0,4,0,9.0,36.0
54766,0,5,0,3.0,19.0
54767,0,1,0,4.0,23.0
54768,1,1,0,8.0,18.0
54769,1,1,0,4.0,9.0
54770,0,5,0,1.0,21.0
54771,0,1,1,9.0,12.0
54772,0,3,0,,14.0
54773,0,4,1,6.0,9.0
54774,0,1,0,3.0,10.0
54775,1,3,1,8.0,12.0
54776,0,1,0,1.0,10.0
54777,0,3,0,18.0,33.0
54778,0,4,0,4.0,11.0
54779,0,5,0,2.0,9.0
54780,0,5,0,9.0,7.0
54781,0,5,0,2.0,34.0
54782,0,1,1,12.0,7.0
54783,0,1,0,4.0,20.0
54784,0,1,0,4.0,12.0
54785,0,1,1,5.0,14.0
54786,0,5,1,3.0,16.0
54787,0,3,0,4.0,15.0
54788,0,1,0,1.0,32.0
54789,0,3,0,1.0,23.0
54790,0,1,0,5.0,15.0
54791,0,1,0,3.0,7.0
54792,0,1,1,3.0,15.0
54793,0,1,1,3.0,9.0
54794,0,5,0,4.0,15.0
54795,0,5,1,4.0,10.0
54796,0,3,1,16.0,16.0
54797,1,4,1,9.0,32.0
54798,0,1,0,3.0,7.0
54799,0,5,0,4.0,11.0
54800,0,5,0,3.0,7.0
54801,0,1,0,5.0,11.0
54802,0,4,0,4.0,12.0
54803,0,4,0,3.0,16.0
54804,0,1,1,4.0,10.0
54805,0,1,1,3.0,18.0
54806,1,3,1,3.0,7.0
54807,0,1,0,3.0,15.0
54808,0,4,0,9.0,32.0
54809,0,1,0,1.0,28.0
54810,0,1,0,9.0,30.0
54811,0,1,0,3.0,7.0
54812,0,1,1,8.0,9.0
54813,0,4,1,10.0,26.0
54814,0,5,0,8.0,9.0
54815,0,1,0,5.0,9.0
54816,0,4,1,4.0,10.0
54817,1,1,1,2.0,32.0
54818,0,1,0,4.0,14.0
54819,0,5,1,2.0,16.0
54820,0,1,0,3.0,12.0
54821,1,1,1,1.0,9.0
54822,0,4,0,1.0,15.0
54823,1,3,0,3.0,9.0
54824,1,1,0,1.0,25.0
54825,0,1,1,12.0,21.0
54826,0,1,1,3.0,9.0
54827,1,3,1,3.0,10.0
54828,1,1,1,1.0,9.0
54829,0,3,0,3.0,16.0
54830,1,5,1,3.0,13.0
54831,0,3,0,1.0,11.0
54832,0,4,0,1.0,17.0
54833,0,3,0,4.0,21.0
54834,0,5,1,3.0,7.0
54835,0,4,1,,12.0
54836,0,3,0,3.0,14.0
54837,0,1,1,8.0,28.0
54838,0,4,0,8.0,15.0
54839,0,3,0,1.0,27.0
54840,0,3,0,1.0,27.0
54841,0,1,0,2.0,14.0
54842,0,5,0,12.0,7.0
54843,0,4,0,3.0,7.0
54844,1,4,1,1.0,26.0
54845,0,4,0,,17.0
54846,0,5,0,8.0,7.0
54847,0,5,1,18.0,13.0
54848,0,3,0,10.0,9.0
54849,1,4,1,1.0,28.0
54850,1,5,0,1.0,11.0
54851,0,1,1,6.0,19.0
54852,0,4,1,1.0,16.0
54853,0,5,0,4.0,10.0
54854,1,1,1,,10.0
54855,0,1,0,5.0,7.0
54856,1,3,0,,7.0
54857,0,4,0,9.0,11.0
54858,0,1,0,3.0,27.0
54859,0,3,0,1.0,25.0
54860,0,1,0,9.0,7.0
54861,1,3,0,1.0,9.0
54862,0,3,0,3.0,9.0
54863,0,3,0,8.0,15.0
54864,0,1,1,4.0,17.0
54865,0,1,0,9.0,10.0
54866,0,3,0,8.0,9.0
54867,1,4,1,1.0,31.0
54868,0,3,1,8.0,23.0
54869,0,1,0,8.0,15.0
54870,1,5,1,3.0,16.0
54871,0,3,0,1.0,24.0
54872,1,5,1,1.0,17.0
54873,0,1,0,3.0,20.0
54874,0,1,0,3.0,7.0
54875,0,1,0,4.0,7.0
54876,0,4,1,3.0,7.0
54877,0,3,0,12.0,16.0
54878,0,4,0,3.0,23.0
54879,0,5,1,9.0,30.0
54880,0,1,1,8.0,11.0
54881,1,3,1,2.0,29.0
54882,0,3,1,6.0,31.0
54883,0,3,0,3.0,17.0
54884,0,3,0,8.0,14.0
54885,0,3,0,3.0,24.0
54886,1,4,1,3.0,21.0
54887,0,5,0,4.0,7.0
54888,0,1,0,1.0,12.0
54889,0,3,0,9.0,24.0
54890,0,3,1,,32.0
54891,0,5,1,8.0,15.0
54892,1,5,1,1.0,18.0
54893,1,4,0,3.0,12.0
54894,0,1,0,4.0,9.0
54895,0,5,0,2.0,15.0
54896,0,3,0,3.0,13.0
54897,0,3,0,9.0,11.0
54898,0,3,0,2.0,14.0
54899,0,1,0,9.0,7.0
54900,0,1,0,3.0,9.0
54901,0,1,0,3.0,17.0
54902,0,3,0,1.0,12.0
54903,0,1,0,1.0,16.0
54904,0,1,1,4.0,9.0
54905,1,4,0,1.0,18.0
54906,0,4,1,8.0,25.0
54907,0,3,0,11.0,14.0
54908,0,1,1,1.0,10.0
54909,1,5,0,3.0,36.0
54910,1,1,0,10.0,9.0
54911,0,1,1,12.0,35.0
54912,0,3,0,14.0,7.0
54913,1,5,0,15.0,23.0
54914,0,5,1,9.0,29.0
54915,0,1,0,3.0,15.0
54916,0,1,0,2.0,18.0
54917,0,3,0,8.0,36.0
54918,0,1,0,,7.0
54919,0,1,1,5.0,7.0
54920,0,4,0,5.0,31.0
54921,0,4,0,13.0,9.0
54922,1,3,0,1.0,22.0
54923,1,5,1,3.0,9.0
54924,0,3,1,1.0,17.0
54925,0,4,0,1.0,17.0
54926,0,3,0,3.0,10.0
54927,0,3,1,8.0,9.0
54928,0,4,0,2.0,10.0
54929,0,5,0,6.0,33.0
54930,0,3,0,4.0,7.0
54931,0,1,0,3.0,7.0
54932,0,3,0,1.0,9.0
54933,0,3,0,4.0,16.0
54934,0,1,0,,19.0
54935,0,5,0,3.0,9.0
54936,0,1,0,1.0,32.0
54937,1,1,1,3.0,16.0
54938,1,5,0,1.0,17.0
54939,0,5,1,8.0,15.0
54940,1,3,1,8.0,11.0
54941,1,5,0,,31.0
54942,0,5,0,4.0,7.0
54943,0,5,0,,27.0
54944,0,3,0,9.0,14.0
54945,0,3,0,,24.0
54946,0,1,0,,27.0
54947,0,3,0,3.0,15.0
54948,0,4,0,3.0,9.0
54949,0,3,0,8.0,17.0
54950,1,5,0,,7.0
54951,0,1,0,3.0,12.0
54952,1,5,1,,11.0
54953,1,3,0,9.0,36.0
54954,0,3,0,3.0,22.0
54955,0,1,0,5.0,10.0
54956,0,1,1,1.0,17.0
54957,1,1,1,7.0,11.0
54958,1,3,0,1.0,28.0
54959,1,4,1,3.0,32.0
54960,0,5,0,8.0,9.0
54961,1,4,0,1.0,7.0
54962,1,3,1,1.0,7.0
54963,0,4,0,3.0,14.0
54964,0,1,0,1.0,10.0
54965,0,1,0,2.0,7.0
54966,0,3,0,13.0,16.0
54967,0,4,0,,6.0
54968,0,3,1,,17.0
54969,0,1,0,8.0,35.0
54970,0,4,0,8.0,10.0
54971,0,3,0,10.0,10.0
54972,0,4,0,1.0,9.0
54973,0,5,0,2.0,34.0
54974,1,1,0,6.0,9.0
54975,0,3,0,10.0,21.0
54976,0,4,1,3.0,7.0
54977,0,4,0,4.0,16.0
54978,0,1,0,10.0,25.0
54979,0,1,0,3.0,27.0
54980,0,4,0,5.0,9.0
54981,0,1,0,3.0,18.0
54982,0,4,0,4.0,15.0
54983,0,3,0,3.0,9.0
54984,0,4,0,2.0,17.0
54985,0,1,0,1.0,36.0
54986,0,1,1,3.0,15.0
54987,0,3,0,1.0,7.0
54988,0,3,1,3.0,13.0
54989,1,3,0,1.0,15.0
54990,1,5,1,4.0,16.0
54991,0,1,1,1.0,19.0
54992,1,3,0,3.0,22.0
54993,0,1,0,4.0,32.0
54994,0,3,0,3.0,13.0
54995,0,3,0,4.0,16.0
54996,0,3,0,5.0,15.0
54997,1,5,0,11.0,30.0
54998,0,3,0,14.0,16.0
54999,1,5,1,15.0,19.0
55000,0,5,0,6.0,11.0
55001,0,3,0,8.0,7.0
55002,0,4,0,3.0,31.0
55003,1,1,1,1.0,19.0
55004,0,1,0,8.0,10.0
55005,0,3,0,5.0,17.0
55006,0,1,1,1.0,33.0
55007,0,4,0,,9.0
55008,0,5,0,10.0,8.0
55009,0,1,0,3.0,11.0
55010,1,3,0,4.0,16.0
55011,0,5,0,1.0,9.0
55012,0,5,0,3.0,11.0
55013,0,1,0,9.0,13.0
55014,0,5,0,1.0,16.0
55015,0,3,1,3.0,14.0
55016,0,1,0,12.0,8.0
55017,0,3,0,3.0,6.0
55018,1,3,1,3.0,17.0
55019,0,3,0,8.0,14.0
55020,0,1,1,4.0,22.0
55021,1,1,1,1.0,10.0
55022,0,5,0,10.0,9.0
55023,0,3,0,1.0,24.0
55024,0,3,0,5.0,9.0
55025,1,5,0,1.0,12.0
55026,0,5,0,4.0,36.0
55027,0,4,0,1.0,9.0
55028,0,5,0,3.0,9.0
55029,0,5,0,4.0,26.0
55030,0,4,0,4.0,22.0
55031,0,5,1,,24.0
55032,1,4,0,1.0,24.0
55033,0,3,0,2.0,32.0
55034,0,3,0,8.0,13.0
55035,0,3,0,10.0,14.0
55036,0,1,0,18.0,36.0
55037,0,1,0,3.0,28.0
55038,0,1,0,5.0,9.0
55039,0,5,0,4.0,9.0
55040,0,1,1,10.0,14.0
55041,0,4,0,3.0,20.0
55042,0,3,1,8.0,9.0
55043,0,5,1,,8.0
55044,0,1,0,11.0,16.0
55045,0,4,0,4.0,17.0
55046,0,1,0,2.0,17.0
55047,0,4,1,8.0,8.0
55048,0,5,1,1.0,33.0
55049,0,1,1,,15.0
55050,0,5,1,9.0,21.0
55051,0,3,0,,8.0
55052,0,1,0,8.0,9.0
55053,1,4,1,1.0,17.0
55054,0,1,0,3.0,8.0
55055,0,1,0,10.0,10.0
55056,0,5,1,2.0,18.0
55057,0,5,0,9.0,31.0
55058,0,1,0,6.0,10.0
55059,0,1,0,8.0,10.0
55060,0,3,0,1.0,11.0
55061,0,4,0,8.0,10.0
55062,0,4,0,1.0,9.0
55063,0,3,0,4.0,11.0
55064,0,1,1,1.0,14.0
55065,0,1,0,1.0,8.0
55066,0,1,0,8.0,8.0
55067,0,3,0,1.0,27.0
55068,0,4,0,11.0,12.0
55069,0,3,1,9.0,17.0
55070,0,1,1,2.0,32.0
55071,0,3,0,2.0,8.0
55072,1,1,1,1.0,31.0
55073,0,1,1,3.0,11.0
55074,1,4,1,12.0,9.0
55075,0,4,1,1.0,15.0
55076,1,3,0,3.0,17.0
55077,0,4,0,9.0,11.0
55078,0,5,1,3.0,9.0
55079,0,4,1,11.0,16.0
55080,0,1,0,,25.0
55081,0,4,0,11.0,26.0
55082,0,3,1,3.0,8.0
55083,0,5,0,14.0,11.0
55084,0,4,0,9.0,18.0
55085,0,3,1,3.0,13.0
55086,0,4,1,1.0,14.0
55087,0,1,0,,11.0
55088,0,4,1,13.0,9.0
55089,1,1,0,6.0,22.0
55090,0,1,1,3.0,9.0
55091,0,3,0,8.0,13.0
55092,0,3,1,8.0,16.0
55093,1,3,1,8.0,14.0
55094,0,5,0,3.0,8.0
55095,0,4,0,2.0,8.0
55096,0,1,0,9.0,15.0
55097,0,4,0,1.0,32.0
55098,0,4,1,3.0,20.0
55099,0,3,0,3.0,30.0
55100,1,3,0,2.0,14.0
55101,1,5,0,4.0,30.0
55102,0,1,0,8.0,13.0
55103,0,3,0,8.0,17.0
55104,0,5,0,8.0,8.0
55105,0,1,0,6.0,8.0
55106,0,5,1,3.0,35.0
55107,1,4,1,,32.0
55108,1,4,1,,12.0
55109,0,5,1,9.0,24.0
55110,0,3,0,8.0,25.0
55111,0,3,1,,9.0
55112,0,4,0,10.0,17.0
55113,1,4,1,3.0,8.0
55114,1,5,0,3.0,10.0
55115,0,3,1,11.0,9.0
55116,0,3,0,12.0,9.0
55117,0,4,0,8.0,15.0
55118,0,3,0,1.0,23.0
55119,0,1,0,,16.0
55120,0,1,0,9.0,9.0
55121,0,5,0,8.0,8.0
55122,0,3,1,2.0,11.0
55123,0,4,1,11.0,12.0
55124,0,5,0,8.0,9.0
55125,0,5,0,7.0,22.0
55126,0,1,0,3.0,26.0
55127,1,5,1,,14.0
55128,0,4,0,4.0,8.0
55129,0,5,0,14.0,14.0
55130,0,1,0,9.0,11.0
55131,0,1,0,1.0,18.0
55132,0,4,0,4.0,18.0
55133,0,1,0,1.0,8.0
55134,0,1,0,1.0,8.0
55135,0,1,0,1.0,9.0
55136,1,3,1,9.0,20.0
55137,0,4,1,10.0,30.0
55138,0,3,0,1.0,33.0
55139,0,3,0,9.0,9.0
55140,0,3,0,8.0,36.0
55141,1,1,0,1.0,9.0
55142,1,3,1,3.0,25.0
55143,0,3,0,4.0,14.0
55144,0,1,0,12.0,9.0
55145,0,5,0,5.0,33.0
55146,1,3,1,8.0,29.0
55147,0,1,1,5.0,28.0
55148,0,4,0,,9.0
55149,0,1,1,4.0,29.0
55150,0,3,1,4.0,11.0
55151,0,1,0,,12.0
55152,0,4,1,3.0,9.0
55153,0,3,0,6.0,32.0
55154,0,3,0,3.0,25.0
55155,0,3,1,3.0,35.0
55156,0,3,1,9.0,13.0
55157,0,1,1,5.0,17.0
55158,1,3,1,8.0,24.0
55159,0,1,0,2.0,9.0
55160,0,5,0,10.0,17.0
55161,0,5,0,5.0,15.0
55162,0,3,0,3.0,18.0
55163,0,1,0,,25.0
55164,0,1,0,3.0,8.0
55165,0,5,0,8.0,14.0
55166,0,5,0,10.0,24.0
55167,1,5,0,4.0,35.0
55168,1,1,1,8.0,21.0
55169,0,1,0,8.0,8.0
55170,0,5,1,6.0,8.0
55171,0,1,0,1.0,8.0
55172,0,4,1,,10.0
55173,1,3,0,1.0,8.0
55174,0,5,0,3.0,14.0
55175,0,4,0,1.0,15.0
55176,0,5,0,4.0,8.0
55177,1,4,0,1.0,15.0
55178,0,5,0,5.0,18.0
55179,0,1,0,9.0,11.0
55180,0,5,0,3.0,23.0
55181,0,1,0,3.0,8.0
55182,1,5,0,3.0,16.0
55183,0,3,0,4.0,12.0
55184,0,5,0,1.0,8.0
55185,0,3,0,7.0,9.0
55186,0,3,1,4.0,11.0
55187,0,1,0,,14.0
55188,0,4,0,3.0,8.0
55189,0,3,1,4.0,12.0
55190,0,3,0,8.0,16.0
55191,0,1,0,10.0,15.0
55192,1,1,0,,16.0
55193,1,5,1,1.0,9.0
55194,1,4,0,8.0,8.0
55195,0,5,1,8.0,27.0
55196,0,4,0,3.0,15.0
55197,1,1,1,3.0,9.0
55198,0,1,1,,36.0
55199,0,5,0,3.0,14.0
55200,1,3,0,3.0,16.0
55201,0,4,0,9.0,15.0
55202,0,5,0,,12.0
55203,0,3,0,4.0,12.0
55204,0,4,0,9.0,9.0
55205,0,3,0,3.0,12.0
55206,0,3,0,3.0,9.0
55207,0,4,0,4.0,27.0
55208,0,5,0,4.0,14.0
55209,0,5,0,13.0,10.0
55210,0,3,0,3.0,23.0
55211,0,1,0,9.0,16.0
55212,0,3,0,1.0,8.0
55213,0,3,0,1.0,14.0
55214,0,3,0,9.0,8.0
55215,0,4,0,,14.0
55216,0,5,0,10.0,22.0
55217,1,3,0,3.0,8.0
55218,1,4,0,1.0,20.0
55219,1,4,1,11.0,31.0
55220,0,3,0,1.0,14.0
55221,1,5,1,1.0,16.0
55222,0,4,0,1.0,20.0
55223,0,3,1,,9.0
55224,0,3,0,,26.0
55225,0,3,0,4.0,8.0
55226,0,3,1,3.0,11.0
55227,0,4,0,3.0,11.0
55228,0,3,1,3.0,21.0
55229,1,5,0,1.0,9.0
55230,0,3,0,1.0,8.0
55231,0,5,0,4.0,14.0
55232,0,5,0,3.0,10.0
55233,0,4,0,3.0,9.0
55234,0,4,0,8.0,36.0
55235,0,3,1,1.0,15.0
55236,0,1,0,1.0,17.0
55237,0,1,0,13.0,18.0
55238,1,5,0,8.0,8.0
55239,0,5,0,18.0,35.0
55240,0,4,0,3.0,13.0
55241,0,4,0,2.0,10.0
55242,0,4,0,,23.0
55243,0,3,0,3.0,27.0
55244,1,5,0,1.0,16.0
55245,0,3,1,7.0,8.0
55246,1,3,0,8.0,10.0
55247,0,1,1,10.0,29.0
55248,0,3,1,8.0,14.0
55249,0,4,0,1.0,9.0
55250,0,1,0,8.0,20.0
55251,0,5,0,,15.0
55252,0,4,0,3.0,32.0
55253,0,1,0,4.0,35.0
55254,0,1,1,,9.0
55255,0,5,0,2.0,16.0
55256,0,3,1,8.0,35.0
55257,0,1,1,8.0,13.0
55258,0,5,0,1.0,28.0
55259,0,1,1,3.0,15.0
55260,0,4,0,8.0,8.0
55261,0,3,0,3.0,35.0
55262,0,4,0,6.0,12.0
55263,0,1,1,3.0,9.0
55264,0,3,0,8.0,23.0
55265,0,3,0,1.0,16.0
55266,0,5,0,3.0,15.0
55267,1,5,0,,8.0
55268,0,3,0,3.0,17.0
55269,0,5,0,3.0,8.0
55270,0,4,0,,36.0
55271,1,5,1,1.0,9.0
55272,1,1,0,,9.0
55273,1,4,0,5.0,9.0
55274,0,5,0,3.0,8.0
55275,0,5,0,7.0,22.0
55276,0,1,0,1.0,14.0
55277,0,1,0,14.0,33.0
55278,0,1,0,2.0,8.0
55279,0,1,0,1.0,10.0
55280,0,4,0,,21.0
55281,0,4,0,3.0,23.0
55282,0,3,0,1.0,8.0
55283,0,5,1,6.0,10.0
55284,0,3,1,5.0,17.0
55285,0,3,0,7.0,13.0
55286,0,1,0,,9.0
55287,0,3,1,1.0,16.0
55288,0,3,0,3.0,17.0
55289,0,5,1,3.0,13.0
55290,0,1,0,2.0,16.0
55291,0,3,0,9.0,35.0
55292,0,3,0,8.0,17.0
55293,0,5,0,3.0,21.0
55294,0,4,0,3.0,34.0
55295,0,1,0,2.0,14.0
55296,0,5,0,13.0,8.0
55297,1,4,1,1.0,31.0
55298,0,3,1,4.0,33.0
55299,0,3,1,14.0,27.0
55300,0,1,0,3.0,12.0
55301,0,1,1,11.0,14.0
55302,0,4,0,2.0,14.0
55303,0,5,1,5.0,12.0
55304,0,5,0,6.0,33.0
55305,0,5,0,4.0,9.0
55306,0,3,1,2.0,19.0
55307,0,1,0,3.0,17.0
55308,0,5,0,5.0,32.0
55309,0,5,0,8.0,17.0
55310,0,5,0,8.0,26.0
55311,0,5,0,11.0,25.0
55312,0,5,0,1.0,34.0
55313,0,1,0,3.0,12.0
55314,1,1,1,1.0,10.0
55315,0,3,0,1.0,33.0
55316,0,3,0,8.0,10.0
55317,0,3,0,,22.0
55318,0,3,0,10.0,15.0
55319,0,3,0,3.0,26.0
55320,0,3,0,9.0,11.0
55321,0,1,0,10.0,9.0
55322,0,3,1,3.0,9.0
55323,1,5,0,,17.0
55324,0,4,0,8.0,17.0
55325,0,1,1,4.0,23.0
55326,0,1,1,3.0,8.0
55327,0,1,0,3.0,11.0
55328,1,1,1,3.0,22.0
55329,0,1,1,4.0,9.0
55330,0,3,0,3.0,15.0
55331,0,1,0,3.0,9.0
55332,1,5,1,4.0,14.0
55333,0,3,0,5.0,17.0
55334,0,5,0,3.0,12.0
55335,0,3,0,8.0,9.0
55336,0,4,0,1.0,19.0
55337,0,4,0,3.0,29.0
55338,0,5,0,12.0,24.0
55339,0,3,0,3.0,9.0
55340,0,4,0,10.0,10.0
55341,0,4,0,4.0,14.0
55342,0,3,1,13.0,13.0
55343,0,3,0,3.0,8.0
55344,0,5,0,5.0,10.0
55345,0,3,0,8.0,29.0
55346,0,3,0,12.0,22.0
55347,1,1,1,8.0,19.0
55348,0,1,0,10.0,8.0
55349,0,4,1,10.0,12.0
55350,0,1,0,5.0,9.0
55351,0,4,0,7.0,9.0
55352,0,1,0,3.0,12.0
55353,0,5,1,3.0,23.0
55354,0,4,0,4.0,9.0
55355,0,4,0,3.0,9.0
55356,0,3,0,1.0,8.0
55357,0,3,1,3.0,30.0
55358,0,5,0,3.0,16.0
55359,0,1,1,3.0,23.0
55360,0,3,0,3.0,33.0
55361,0,1,1,3.0,8.0
55362,1,3,1,3.0,15.0
55363,0,3,0,1.0,11.0
55364,0,1,0,3.0,31.0
55365,1,3,1,8.0,14.0
55366,1,4,0,1.0,9.0
55367,0,1,0,8.0,14.0
55368,0,4,0,3.0,29.0
55369,0,1,0,14.0,12.0
55370,0,1,0,1.0,8.0
55371,0,4,0,14.0,28.0
55372,0,1,0,,8.0
55373,0,1,0,8.0,26.0
55374,1,1,1,3.0,14.0
55375,0,1,1,8.0,9.0
55376,0,1,1,5.0,9.0
55377,0,1,1,9.0,9.0
55378,0,3,0,5.0,16.0
55379,0,3,0,,13.0
55380,0,3,0,3.0,16.0
55381,0,1,0,8.0,9.0
55382,0,3,0,5.0,8.0
55383,1,3,0,1.0,29.0
55384,1,3,0,11.0,16.0
55385,0,3,0,3.0,24.0
55386,0,4,0,7.0,35.0
55387,0,3,0,4.0,17.0
55388,0,3,0,4.0,9.0
55389,0,4,0,3.0,11.0
55390,0,5,1,1.0,15.0
55391,0,5,0,3.0,36.0
55392,0,4,0,10.0,20.0
55393,0,3,0,8.0,34.0
55394,0,1,0,9.0,23.0
55395,0,4,0,1.0,9.0
55396,0,1,1,,9.0
55397,1,5,1,3.0,20.0
55398,1,4,0,1.0,8.0
55399,0,4,0,3.0,11.0
55400,0,1,0,5.0,31.0
55401,0,1,1,9.0,8.0
55402,0,3,0,,26.0
55403,0,4,0,9.0,14.0
55404,0,3,0,,11.0
55405,0,5,0,8.0,9.0
55406,0,1,0,2.0,17.0
55407,1,1,0,3.0,15.0
55408,0,3,0,3.0,12.0
55409,0,1,0,5.0,15.0
55410,1,4,0,3.0,16.0
55411,0,3,1,3.0,8.0
55412,0,5,0,8.0,22.0
55413,0,1,1,3.0,9.0
55414,0,4,0,8.0,9.0
55415,0,1,0,5.0,18.0
55416,1,5,1,,23.0
55417,0,4,0,6.0,9.0
55418,1,3,0,1.0,23.0
55419,0,5,0,1.0,11.0
55420,0,3,0,8.0,23.0
55421,0,4,0,8.0,12.0
55422,0,1,1,1.0,25.0
55423,1,3,1,1.0,24.0
55424,0,4,0,5.0,19.0
55425,0,5,0,1.0,9.0
55426,0,4,0,8.0,11.0
55427,0,5,0,5.0,16.0
55428,0,3,1,8.0,17.0
55429,0,3,1,3.0,8.0
55430,0,1,0,9.0,9.0
55431,0,1,0,3.0,10.0
55432,1,4,0,1.0,14.0
55433,0,3,0,5.0,13.0
55434,1,5,1,1.0,15.0
55435,0,1,0,8.0,36.0
55436,0,3,0,3.0,10.0
55437,0,4,0,4.0,16.0
55438,0,1,1,3.0,9.0
55439,0,5,1,8.0,17.0
55440,1,4,1,4.0,8.0
55441,0,4,0,8.0,15.0
55442,1,1,1,8.0,34.0
55443,0,5,0,7.0,15.0
55444,0,1,0,4.0,8.0
55445,0,3,0,3.0,17.0
55446,0,4,0,3.0,33.0
55447,0,5,0,3.0,9.0
55448,0,5,0,1.0,20.0
55449,0,1,0,8.0,9.0
55450,0,4,0,9.0,9.0
55451,1,5,0,8.0,16.0
55452,1,5,0,9.0,17.0
55453,0,1,0,3.0,27.0
55454,0,3,0,3.0,16.0
55455,0,4,0,3.0,12.0
55456,0,3,1,,11.0
55457,0,3,0,,17.0
55458,1,4,1,5.0,27.0
55459,1,4,0,,28.0
55460,0,1,0,4.0,8.0
55461,0,3,0,9.0,15.0
55462,0,4,0,15.0,9.0
55463,0,3,0,4.0,30.0
55464,0,4,1,,11.0
55465,0,5,0,8.0,19.0
55466,0,1,0,8.0,14.0
55467,0,5,0,,14.0
55468,0,5,0,3.0,8.0
55469,0,1,1,4.0,9.0
55470,0,1,0,3.0,17.0
55471,0,3,1,3.0,22.0
55472,0,3,0,1.0,21.0
55473,1,5,0,1.0,25.0
55474,1,5,1,1.0,20.0
55475,0,3,0,8.0,9.0
55476,0,4,1,1.0,9.0
55477,0,1,0,8.0,9.0
55478,0,1,1,3.0,12.0
55479,0,1,0,11.0,27.0
55480,0,1,0,1.0,17.0
55481,0,3,0,4.0,17.0
55482,0,3,0,1.0,16.0
55483,0,1,0,,9.0
55484,0,1,0,3.0,8.0
55485,0,3,0,7.0,36.0
55486,0,3,0,1.0,15.0
55487,1,4,1,,9.0
55488,0,5,0,9.0,10.0
55489,0,3,0,9.0,30.0
55490,0,4,0,1.0,13.0
55491,0,3,0,15.0,13.0
55492,0,4,0,10.0,17.0
55493,1,1,1,1.0,31.0
55494,1,4,0,8.0,17.0
55495,0,5,0,4.0,22.0
55496,0,1,0,3.0,26.0
55497,0,1,0,5.0,9.0
55498,0,4,0,1.0,10.0
55499,1,1,0,1.0,16.0
55500,1,4,1,1.0,14.0
55501,0,3,1,8.0,17.0
55502,0,3,0,3.0,27.0
55503,0,1,1,,11.0
55504,0,5,0,3.0,14.0
55505,0,5,1,5.0,14.0
55506,0,4,1,3.0,23.0
55507,0,1,0,9.0,32.0
55508,0,1,0,9.0,9.0
55509,0,5,0,17.0,8.0
55510,0,3,1,1.0,8.0
55511,0,3,0,8.0,9.0
55512,0,1,0,8.0,29.0
55513,0,5,0,3.0,8.0
55514,1,5,1,1.0,23.0
55515,1,1,0,1.0,31.0
55516,0,4,0,4.0,24.0
55517,0,4,0,5.0,15.0
55518,0,5,0,8.0,13.0
55519,0,1,1,5.0,17.0
55520,0,1,1,2.0,10.0
55521,0,3,0,3.0,11.0
55522,0,1,0,8.0,13.0
55523,0,3,0,4.0,8.0
55524,0,3,0,10.0,17.0
55525,0,1,1,8.0,8.0
55526,1,5,0,1.0,31.0
55527,0,3,0,3.0,28.0
55528,0,4,0,3.0,9.0
55529,0,1,1,12.0,29.0
55530,1,3,1,,20.0
55531,0,4,0,8.0,21.0
55532,0,5,0,1.0,18.0
55533,0,5,0,10.0,16.0
55534,0,4,1,8.0,15.0
55535,0,1,1,1.0,28.0
55536,1,3,1,4.0,12.0
55537,0,1,0,4.0,16.0
55538,0,1,0,4.0,9.0
55539,0,1,1,1.0,19.0
55540,1,4,0,1.0,29.0
55541,0,5,0,5.0,25.0
55542,0,3,0,5.0,23.0
55543,0,5,1,4.0,10.0
55544,0,4,0,3.0,16.0
55545,0,1,0,,8.0
55546,0,3,0,,20.0
55547,0,5,0,7.0,8.0
55548,0,5,0,3.0,8.0
55549,0,1,0,3.0,22.0
55550,0,5,0,8.0,8.0
55551,1,1,0,4.0,24.0
55552,0,5,0,1.0,8.0
55553,0,1,1,10.0,14.0
55554,0,1,0,8.0,16.0
55555,0,1,0,,12.0
55556,1,1,1,9.0,33.0
55557,1,5,1,,31.0
55558,0,3,0,4.0,16.0
55559,0,3,0,9.0,14.0
55560,0,3,0,10.0,18.0
55561,0,4,1,3.0,8.0
55562,0,4,1,5.0,33.0
55563,0,1,1,1.0,9.0
55564,0,5,0,11.0,22.0
55565,0,3,0,8.0,30.0
55566,0,3,0,9.0,17.0
55567,0,5,1,5.0,17.0
55568,0,3,0,3.0,8.0
55569,0,1,0,5.0,19.0
55570,0,3,0,5.0,18.0
55571,0,4,0,11.0,9.0
55572,0,4,0,3.0,9.0
55573,0,4,0,8.0,8.0
55574,0,3,1,3.0,9.0
55575,0,3,0,,32.0
55576,0,3,0,1.0,8.0
55577,0,4,0,9.0,8.0
55578,0,3,0,3.0,9.0
55579,0,3,0,8.0,13.0
55580,0,5,1,3.0,25.0
55581,0,1,0,1.0,8.0
55582,0,4,0,13.0,8.0
55583,0,3,1,3.0,18.0
55584,0,3,0,3.0,8.0
55585,0,3,0,9.0,16.0
55586,0,1,1,2.0,22.0
55587,0,4,0,2.0,36.0
55588,0,1,0,1.0,8.0
55589,0,4,0,3.0,8.0
55590,0,1,0,8.0,31.0
55591,0,3,0,12.0,17.0
55592,0,1,0,,8.0
55593,0,1,1,9.0,17.0
55594,0,3,1,5.0,15.0
55595,0,1,0,1.0,36.0
55596,0,1,1,3.0,8.0
55597,0,5,1,3.0,12.0
55598,0,1,0,4.0,16.0
55599,1,5,0,1.0,16.0
55600,0,1,0,5.0,10.0
55601,0,4,0,3.0,11.0
55602,0,3,0,10.0,8.0
55603,1,1,1,3.0,8.0
55604,0,3,0,15.0,9.0
55605,1,3,0,9.0,14.0
55606,0,4,0,11.0,35.0
55607,0,3,0,8.0,35.0
55608,0,1,0,12.0,22.0
55609,0,4,0,,10.0
55610,0,5,0,3.0,9.0
55611,0,1,1,,33.0
55612,0,1,0,10.0,17.0
55613,1,3,0,2.0,8.0
55614,0,1,0,1.0,18.0
55615,0,3,0,2.0,27.0
55616,0,3,0,3.0,9.0
55617,0,3,1,3.0,25.0
55618,0,3,0,3.0,9.0
55619,0,1,0,2.0,8.0
55620,0,4,1,4.0,20.0
55621,0,5,0,5.0,35.0
55622,1,5,1,1.0,35.0
55623,0,1,0,7.0,31.0
55624,0,5,0,,12.0
55625,0,3,0,1.0,12.0
55626,0,1,0,4.0,30.0
55627,0,5,0,,13.0
55628,0,4,1,4.0,11.0
55629,0,4,0,9.0,9.0
55630,0,3,0,3.0,15.0
